DATETIME;MXCO;JUNG;NEWK;OULU;SOPO
                       MXCO    JUNG    NEWK    OULU    SOPO
2025-03-03 00:00:00;212.096;169.310; 86.948; 94.557;255.274
2025-03-03 00:05:00;211.997;165.951; 86.992; 94.469;252.998
2025-03-03 00:10:00;213.030;168.383; 86.274; 92.707;252.532
2025-03-03 00:15:00;210.800;167.527; 84.218; 94.760;254.622
2025-03-03 00:20:00;214.337;168.361; 86.700; 94.970;252.178
2025-03-03 00:25:00;212.727;166.904; 87.032; 95.315;254.294
2025-03-03 00:30:00;209.373;169.378; 85.348; 95.788;251.686
2025-03-03 00:35:00;214.030;168.413; 86.010; 94.160;255.862
2025-03-03 00:40:00;212.580;168.192; 85.556; 95.687;255.554
2025-03-03 00:45:00;212.863;170.268; 86.826; 95.796;254.848
2025-03-03 00:50:00;213.957;168.717; 85.870; 95.243;254.528
2025-03-03 00:55:00;214.400;167.422; 86.312; 94.597;251.560
2025-03-03 01:00:00;214.570;166.833; 84.878; 95.832;253.836
2025-03-03 01:05:00;213.587;170.331; 85.480; 94.316;255.040
2025-03-03 01:10:00;213.700;165.979; 86.852; 95.254;254.204
2025-03-03 01:15:00;214.477;169.503; 86.978; 94.657;255.094
2025-03-03 01:20:00;213.853;167.700; 85.946; 93.731;254.426
2025-03-03 01:25:00;212.127;168.604; 85.890; 95.139;254.114
2025-03-03 01:30:00;213.320;165.485; 88.554; 96.834;252.740
2025-03-03 01:35:00;213.163;167.989; 86.892; 95.700;252.822
2025-03-03 01:40:00;212.570;168.601; 86.100; 93.485;255.008
2025-03-03 01:45:00;212.570;168.389; 85.546; 95.956;253.852
2025-03-03 01:50:00;212.680;168.003; 85.074; 95.651;252.624
2025-03-03 01:55:00;212.277;167.542; 87.020; 96.286;255.078
2025-03-03 02:00:00;212.980;168.040; 85.576; 95.377;252.646
2025-03-03 02:05:00;213.296;167.552; 85.604; 95.368;254.608
2025-03-03 02:10:00;213.847;168.575; 85.688; 94.564;256.042
2025-03-03 02:15:00;211.230;166.660; 87.820; 96.028;253.880
2025-03-03 02:20:00;211.300;169.430; 87.088; 95.881;254.464
2025-03-03 02:25:00;214.013;166.656; 85.410; 95.580;250.070
2025-03-03 02:30:00;213.830;168.986; 86.174; 95.225;255.288
2025-03-03 02:35:00;213.800;168.683; 85.226; 94.179;251.910
2025-03-03 02:40:00;212.640;169.117; 87.156; 95.426;252.456
2025-03-03 02:45:00;213.020;168.653; 85.646; 95.502;254.460
2025-03-03 02:50:00;213.570;168.993; 86.504; 96.305;253.752
2025-03-03 02:55:00;213.193;168.746; 86.472; 95.006;252.180
2025-03-03 03:00:00;212.473;170.174; 86.294; 94.208;255.144
2025-03-03 03:05:00;214.863;169.306; 85.646; 95.021;251.928
2025-03-03 03:10:00;211.327;169.232; 86.228; 94.398;253.582
2025-03-03 03:15:00;213.107;167.715; 86.284; 94.333;252.650
2025-03-03 03:20:00;213.473;168.685; 85.734; 94.262;252.956
2025-03-03 03:25:00;214.310;167.633; 85.948; 96.055;255.540
2025-03-03 03:30:00;213.783;167.547; 86.082; 95.588;253.236
2025-03-03 03:35:00;213.077;170.010; 85.496; 95.956;254.156
2025-03-03 03:40:00;213.840;166.641; 86.488; 95.452;252.094
2025-03-03 03:45:00;214.547;168.745; 85.574; 96.098;253.706
2025-03-03 03:50:00;211.337;167.876; 86.232; 94.416;253.446
2025-03-03 03:55:00;212.863;166.130; 86.162; 93.924;255.556
2025-03-03 04:00:00;212.303;169.866; 86.016; 95.135;254.276
2025-03-03 04:05:00;215.477;170.372; 85.804; 94.265;254.070
2025-03-03 04:10:00;214.630;167.537; 85.828; 94.211;254.678
2025-03-03 04:15:00;212.473;168.117; 86.480; 94.605;255.092
2025-03-03 04:20:00;215.250;167.892; 87.926; 94.971;253.298
2025-03-03 04:25:00;214.280;170.514; 85.742; 94.701;256.818
2025-03-03 04:30:00;215.170;168.934; 86.956; 95.363;256.122
2025-03-03 04:35:00;213.733;169.934; 87.150; 94.074;253.556
2025-03-03 04:40:00;214.913;168.874; 85.846; 96.194;254.892
2025-03-03 04:45:00;214.863;166.713; 84.448; 94.814;254.250
2025-03-03 04:50:00;214.713;169.305; 85.948; 95.835;254.192
2025-03-03 04:55:00;210.613;169.501; 85.182; 96.365;255.798
2025-03-03 05:00:00;211.403;167.361; 87.206; 93.794;256.930
2025-03-03 05:05:00;214.677;168.013; 86.052; 95.929;254.782
2025-03-03 05:10:00;214.253;168.834; 85.200; 97.159;254.526
2025-03-03 05:15:00;214.520;168.131; 85.974; 96.480;254.948
2025-03-03 05:20:00;213.143;171.286; 86.650; 96.064;256.092
2025-03-03 05:25:00;213.473;169.876; 86.140; 95.062;254.626
2025-03-03 05:30:00;211.087;170.408; 85.448; 94.843;254.536
2025-03-03 05:35:00;214.690;172.024; 86.728; 94.665;255.798
2025-03-03 05:40:00;212.637;170.731; 86.058; 95.435;255.594
2025-03-03 05:45:00;213.977;171.529; 86.074; 95.463;255.160
2025-03-03 05:50:00;212.960;169.220; 86.952; 95.987;254.188
2025-03-03 05:55:00;212.447;168.689; 86.048; 95.589;252.916
2025-03-03 06:00:00;213.603;170.223; 85.910; 94.388;253.602
2025-03-03 06:05:00;211.263;169.368; 86.126; 93.304;257.200
2025-03-03 06:10:00;213.247;169.522; 85.560; 94.705;255.770
2025-03-03 06:15:00;215.353;168.509; 86.480; 92.471;254.690
2025-03-03 06:20:00;214.057;169.815; 86.894; 95.432;256.568
2025-03-03 06:25:00;213.293;171.694; 85.660; 94.580;253.632
2025-03-03 06:30:00;213.530;169.860; 85.966; 95.530;253.928
2025-03-03 06:35:00;210.847;169.670; 86.054; 94.442;255.106
2025-03-03 06:40:00;215.030;168.203; 86.986; 96.738;255.924
2025-03-03 06:45:00;213.480;167.305; 86.758; 95.309;253.946
2025-03-03 06:50:00;213.867;168.527; 87.156; 94.514;255.056
2025-03-03 06:55:00;212.690;167.013; 86.478; 94.908;255.910
2025-03-03 07:00:00;216.110;167.852; 87.784; 94.783;255.364
2025-03-03 07:05:00;215.303;170.024; 86.172; 95.431;252.216
2025-03-03 07:10:00;214.217;169.227; 87.062; 96.687;254.890
2025-03-03 07:15:00;214.147;169.012; 85.828; 95.670;255.200
2025-03-03 07:20:00;212.360;168.506; 86.996; 95.674;254.330
2025-03-03 07:25:00;215.640;168.939; 86.842; 95.059;255.768
2025-03-03 07:30:00;216.234;169.149; 86.610; 94.867;254.694
2025-03-03 07:35:00;214.350;170.216; 85.904; 96.009;255.436
2025-03-03 07:40:00;211.507;168.875; 86.834; 95.431;257.130
2025-03-03 07:45:00;213.600;168.191; 87.196; 95.984;256.712
2025-03-03 07:50:00;212.110;169.520; 86.436; 95.872;255.476
2025-03-03 07:55:00;211.473;169.417; 87.516; 94.886;253.162
2025-03-03 08:00:00;214.720;167.378; 86.870; 97.232;255.168
2025-03-03 08:05:00;214.867;169.164; 84.756; 94.858;255.798
2025-03-03 08:10:00;215.570;170.689; 86.444; 95.626;255.380
2025-03-03 08:15:00;212.147;168.851; 85.378; 96.418;255.416
2025-03-03 08:20:00;211.150;168.847; 85.726; 97.045;253.734
2025-03-03 08:25:00;213.557;170.814; 87.064; 96.719;251.982
2025-03-03 08:30:00;212.263;170.049; 86.322; 95.715;255.010
2025-03-03 08:35:00;211.720;169.088; 87.000; 95.124;256.302
2025-03-03 08:40:00;213.120;168.132; 86.984; 94.439;254.080
2025-03-03 08:45:00;213.013;170.100; 88.630; 96.694;254.310
2025-03-03 08:50:00;216.060;168.856; 86.390; 95.704;256.158
2025-03-03 08:55:00;214.233;169.121; 87.040; 96.311;254.624
2025-03-03 09:00:00;213.180;168.570; 86.622; 94.560;255.078
2025-03-03 09:05:00;213.480;169.064; 86.438; 94.727;254.262
2025-03-03 09:10:00;211.607;169.019; 85.454; 96.265;254.756
2025-03-03 09:15:00;212.647;170.939; 86.080; 94.367;254.014
2025-03-03 09:20:00;214.120;168.193; 86.214; 95.159;254.988
2025-03-03 09:25:00;213.700;168.872; 87.482; 96.924;253.578
2025-03-03 09:30:00;215.990;169.732; 86.844; 95.874;254.816
2025-03-03 09:35:00;214.400;168.359; 88.216; 96.448;255.778
2025-03-03 09:40:00;214.357;169.394; 87.486; 95.321;253.122
2025-03-03 09:45:00;214.186;169.794; 86.238; 96.472;253.480
2025-03-03 09:50:00;212.237;169.495; 86.972; 95.244;256.428
2025-03-03 09:55:00;214.670;169.763; 87.278; 97.446;254.382
2025-03-03 10:00:00;214.153;170.413; 86.434; 96.153;254.734
2025-03-03 10:05:00;212.433;170.069; 87.406; 95.350;254.054
2025-03-03 10:10:00;212.450;170.660; 85.858; 96.365;255.214
2025-03-03 10:15:00;212.890;169.346; 87.360; 96.064;254.374
2025-03-03 10:20:00;213.983;169.584; 86.186; 96.682;254.934
2025-03-03 10:25:00;214.360;169.587; 88.434; 94.269;255.472
2025-03-03 10:30:00;212.840;169.303; 86.866; 95.589;255.088
2025-03-03 10:35:00;215.123;170.439; 86.866; 95.259;255.810
2025-03-03 10:40:00;215.593;170.165; 85.866; 96.477;254.162
2025-03-03 10:45:00;213.087;169.867; 87.798; 95.090;252.124
2025-03-03 10:50:00;213.890;168.552; 85.894; 96.185;254.956
2025-03-03 10:55:00;214.727;167.827; 85.764; 94.785;255.642
2025-03-03 11:00:00;213.980;169.115; 85.890; 95.009;257.124
2025-03-03 11:05:00;214.467;170.116; 88.248; 96.801;256.100
2025-03-03 11:10:00;215.440;169.791; 86.580; 95.930;254.674
2025-03-03 11:15:00;214.470;169.674; 87.108; 94.443;254.410
2025-03-03 11:20:00;215.250;168.269; 85.584; 96.460;256.626
2025-03-03 11:25:00;215.810;168.537; 87.238; 96.142;258.966
2025-03-03 11:30:00;213.843;170.735; 87.896; 95.127;254.890
2025-03-03 11:35:00;213.280;169.019; 86.282; 95.206;255.932
2025-03-03 11:40:00;213.963;169.920; 86.398; 94.885;255.312
2025-03-03 11:45:00;216.840;168.178; 87.092; 95.085;255.498
2025-03-03 11:50:00;213.347;170.665; 86.878; 96.419;257.196
2025-03-03 11:55:00;212.483;171.630; 86.018; 96.806;256.668
2025-03-03 12:00:00;212.670;172.003; 86.488; 96.429;256.372
2025-03-03 12:05:00;213.963;168.641; 86.302; 94.828;256.364
2025-03-03 12:10:00;212.330;170.697; 86.944; 96.451;255.732
2025-03-03 12:15:00;211.770;170.154; 86.454; 95.475;256.018
2025-03-03 12:20:00;216.247;168.700; 84.648; 94.061;254.634
2025-03-03 12:25:00;212.460;169.506; 85.958; 93.712;256.694
2025-03-03 12:30:00;211.910;171.036; 86.364; 95.593;257.360
2025-03-03 12:35:00;211.910;166.855; 86.674; 94.606;255.520
2025-03-03 12:40:00;212.334;168.692; 86.886; 94.736;257.022
2025-03-03 12:45:00;216.003;169.089; 86.882; 93.882;252.258
2025-03-03 12:50:00;214.480;167.795; 85.984; 95.464;257.766
2025-03-03 12:55:00;212.823;168.747; 86.230; 95.798;254.264
2025-03-03 13:00:00;213.367;167.903; 86.364; 95.592;258.010
2025-03-03 13:05:00;213.503;171.069; 87.460; 94.232;255.436
2025-03-03 13:10:00;212.807;169.389; 86.114; 94.291;256.608
2025-03-03 13:15:00;212.410;167.220; 86.976; 95.606;257.948
2025-03-03 13:20:00;211.927;169.862; 87.564; 94.615;257.220
2025-03-03 13:25:00;215.003;168.216; 87.452; 95.492;259.452
2025-03-03 13:30:00;210.723;169.934; 86.422; 94.602;256.584
2025-03-03 13:35:00;213.433;168.311; 86.304; 96.206;258.372
2025-03-03 13:40:00;210.770;165.477; 87.404; 94.879;256.678
2025-03-03 13:45:00;211.270;169.244; 87.134; 95.130;258.778
2025-03-03 13:50:00;211.644;168.489; 87.118; 96.583;256.080
2025-03-03 13:55:00;212.473;169.468; 85.386; 95.647;256.436
2025-03-03 14:00:00;214.243;166.615; 86.478; 95.002;258.054
2025-03-03 14:05:00;212.163;168.398; 87.120; 95.288;255.188
2025-03-03 14:10:00;211.020;166.244; 87.714; 94.993;257.292
2025-03-03 14:15:00;212.260;169.269; 87.312; 95.136;254.858
2025-03-03 14:20:00;214.253;168.282; 86.096; 93.928;256.520
2025-03-03 14:25:00;214.903;165.955; 85.526; 95.715;256.824
2025-03-03 14:30:00;213.836;167.325; 86.052; 95.616;254.672
2025-03-03 14:35:00;214.633;166.857; 86.142; 96.046;256.648
2025-03-03 14:40:00;212.087;167.908; 86.280; 95.314;256.276
2025-03-03 14:45:00;213.760;167.160; 86.156; 94.983;257.080
2025-03-03 14:50:00;214.277;167.888; 86.998; 94.047;256.788
2025-03-03 14:55:00;211.370;168.589; 86.636; 94.821;256.570
2025-03-03 15:00:00;212.700;166.638; 86.842; 95.649;255.582
2025-03-03 15:05:00;216.667;167.478; 86.370; 95.633;252.580
2025-03-03 15:10:00;212.083;166.848; 87.082; 96.149;254.392
2025-03-03 15:15:00;213.370;167.873; 86.606; 93.282;256.050
2025-03-03 15:20:00;213.210;167.737; 87.180; 94.642;257.784
2025-03-03 15:25:00;212.463;169.032; 86.716; 94.695;256.654
2025-03-03 15:30:00;213.340;166.566; 86.184; 95.775;255.444
2025-03-03 15:35:00;213.027;165.759; 86.886; 95.518;256.126
2025-03-03 15:40:00;213.117;167.475; 85.058; 95.265;255.108
2025-03-03 15:45:00;216.977;168.150; 84.546; 95.725;256.374
2025-03-03 15:50:00;211.737;168.184; 85.522; 95.372;255.694
2025-03-03 15:55:00;213.430;167.582; 85.532; 95.770;256.590
2025-03-03 16:00:00;215.723;168.999; 86.062; 94.592;257.338
2025-03-03 16:05:00;212.847;168.682; 84.994; 93.701;257.124
2025-03-03 16:10:00;210.323;169.818; 85.572; 94.490;257.764
2025-03-03 16:15:00;212.174;167.287; 84.512; 94.434;258.528
2025-03-03 16:20:00;212.933;168.230; 86.298; 95.809;254.918
2025-03-03 16:25:00;210.930;166.341; 87.490; 95.147;259.836
2025-03-03 16:30:00;213.397;168.704; 87.330; 96.312;258.304
2025-03-03 16:35:00;212.213;168.150; 85.538; 95.203;254.756
2025-03-03 16:40:00;215.637;166.630; 85.696; 95.110;255.818
2025-03-03 16:45:00;211.650;168.323; 84.788; 94.918;256.724
2025-03-03 16:50:00;212.150;167.302; 86.722; 94.422;255.794
2025-03-03 16:55:00;213.316;168.428; 87.568; 95.554;256.318
2025-03-03 17:00:00;214.937;170.624; 85.716; 95.487;257.294
2025-03-03 17:05:00;212.907;168.285; 84.824; 95.308;256.022
2025-03-03 17:10:00;211.057;168.256; 86.260; 95.450;259.246
2025-03-03 17:15:00;214.030;166.625; 86.340; 94.637;254.954
2025-03-03 17:20:00;214.540;168.214; 85.920; 95.384;256.280
2025-03-03 17:25:00;214.557;167.051; 85.012; 95.070;255.306
2025-03-03 17:30:00;214.370;167.730; 87.748; 95.877;256.032
2025-03-03 17:35:00;215.783;167.377; 86.878; 94.068;255.084
2025-03-03 17:40:00;213.410;168.635; 86.308; 94.118;255.372
2025-03-03 17:45:00;212.910;168.878; 87.104; 93.957;256.436
2025-03-03 17:50:00;213.373;168.330; 87.238; 94.872;253.980
2025-03-03 17:55:00;212.043;168.741; 85.416; 94.632;252.998
2025-03-03 18:00:00;213.790;168.995; 87.054; 92.871;255.232
2025-03-03 18:05:00;214.663;167.760; 86.606; 96.254;256.174
2025-03-03 18:10:00;214.777;168.644; 86.068; 95.716;255.796
2025-03-03 18:15:00;212.763;167.959; 88.270; 95.591;256.654
2025-03-03 18:20:00;213.730;168.916; 84.888; 94.945;255.888
2025-03-03 18:25:00;214.710;168.800; 84.994; 97.126;256.694
2025-03-03 18:30:00;211.744;167.833; 84.826; 92.988;256.048
2025-03-03 18:35:00;213.380;167.764; 85.944; 95.663;255.898
2025-03-03 18:40:00;210.987;168.365; 86.180; 94.744;257.322
2025-03-03 18:45:00;213.570;169.271; 86.896; 95.388;256.958
2025-03-03 18:50:00;211.000;168.191; 85.386; 94.112;255.386
2025-03-03 18:55:00;211.907;168.484; 86.256; 95.824;256.014
2025-03-03 19:00:00;213.473;169.021; 86.300; 95.047;256.492
2025-03-03 19:05:00;212.420;170.918; 85.806; 94.154;257.612
2025-03-03 19:10:00;212.623;168.549; 86.300; 95.618;254.556
2025-03-03 19:15:00;210.403;168.235; 86.284; 96.022;255.740
2025-03-03 19:20:00;210.493;169.372; 85.236; 94.824;258.712
2025-03-03 19:25:00;214.160;165.401; 85.536; 95.291;255.808
2025-03-03 19:30:00;213.900;168.390; 86.292; 96.280;257.260
2025-03-03 19:35:00;213.517;168.544; 87.912; 94.949;258.336
2025-03-03 19:40:00;214.613;171.558; 85.784; 96.695;254.198
2025-03-03 19:45:00;213.350;168.576; 87.398; 95.561;257.302
2025-03-03 19:50:00;212.783;169.158; 86.362; 96.154;254.424
2025-03-03 19:55:00;211.907;167.986; 86.300; 94.297;256.354
2025-03-03 20:00:00;211.930;165.486; 84.764; 96.180;256.100
2025-03-03 20:05:00;216.050;167.275; 86.872; 95.380;255.748
2025-03-03 20:10:00;211.930;168.419; 86.624; 94.542;256.588
2025-03-03 20:15:00;213.837;166.363; 86.250; 96.382;257.368
2025-03-03 20:20:00;213.770;168.205; 86.876; 95.516;256.562
2025-03-03 20:25:00;213.477;168.475; 86.398; 96.155;257.052
2025-03-03 20:30:00;211.870;169.783; 86.074; 96.087;255.374
2025-03-03 20:35:00;212.737;166.695; 86.440; 95.826;257.378
2025-03-03 20:40:00;213.100;168.103; 85.370; 95.160;256.508
2025-03-03 20:45:00;213.623;169.159; 85.852; 95.625;257.424
2025-03-03 20:50:00;211.523;169.380; 86.220; 94.230;256.392
2025-03-03 20:55:00;213.383;169.419; 86.442; 95.108;256.514
2025-03-03 21:00:00;214.420;170.045; 85.734; 95.272;256.752
2025-03-03 21:05:00;215.277;169.306; 87.052; 94.395;256.010
2025-03-03 21:10:00;214.333;169.778; 86.522; 95.605;256.682
2025-03-03 21:15:00;217.050;169.958; 85.858; 96.893;255.718
2025-03-03 21:20:00;213.350;169.902; 86.116; 94.955;256.634
2025-03-03 21:25:00;213.047;170.022; 84.040; 95.113;255.832
2025-03-03 21:30:00;215.620;170.478; 87.872; 95.389;255.084
2025-03-03 21:35:00;214.750;170.935; 86.756; 96.172;256.200
2025-03-03 21:40:00;215.837;169.338; 85.612; 93.694;257.178
2025-03-03 21:45:00;213.147;169.132; 85.976; 95.502;256.538
2025-03-03 21:50:00;215.967;168.440; 85.782; 95.018;256.256
2025-03-03 21:55:00;213.413;170.082; 85.296; 96.585;256.268
2025-03-03 22:00:00;215.430;168.625; 86.508; 96.793;255.786
2025-03-03 22:05:00;212.440;169.727; 86.752; 95.341;253.580
2025-03-03 22:10:00;214.033;169.149; 85.448; 93.875;256.374
2025-03-03 22:15:00;214.687;169.827; 87.914; 95.871;257.206
2025-03-03 22:20:00;212.653;168.612; 85.702; 95.900;256.390
2025-03-03 22:25:00;215.523;169.702; 85.994; 95.453;254.164
2025-03-03 22:30:00;216.663;169.147; 87.936; 95.270;255.620
2025-03-03 22:35:00;214.840;168.759; 86.592; 95.892;255.488
2025-03-03 22:40:00;215.190;168.819; 86.760; 94.318;254.320
2025-03-03 22:45:00;213.943;169.111; 86.120; 96.144;256.744
2025-03-03 22:50:00;213.527;167.851; 87.194; 94.777;256.948
2025-03-03 22:55:00;214.503;169.620; 86.996; 95.365;256.286
2025-03-03 23:00:00;213.117;171.404; 86.358; 97.075;256.964
2025-03-03 23:05:00;215.987;170.437; 86.002; 96.316;255.728
2025-03-03 23:10:00;215.260;170.666; 86.582; 96.311;257.274
2025-03-03 23:15:00;213.427;169.344; 87.678; 95.000;253.978
2025-03-03 23:20:00;213.553;170.270; 86.434; 95.960;258.680
2025-03-03 23:25:00;213.273;169.276; 87.246; 95.957;255.206
2025-03-03 23:30:00;214.353;169.787; 88.024; 95.084;254.702
2025-03-03 23:35:00;214.820;170.611; 86.436; 96.215;256.442
2025-03-03 23:40:00;213.293;167.887; 86.754; 96.233;256.632
2025-03-03 23:45:00;214.380;171.841; 87.178; 96.705;255.828
2025-03-03 23:50:00;214.700;170.575; 86.660; 95.222;258.038
2025-03-03 23:55:00;210.763;168.542; 84.788; 96.269;255.768
2025-03-04 00:00:00;214.393;171.462; 87.846; 95.369;255.760
2025-03-04 00:05:00;212.770;167.858; 86.226; 95.859;254.950
2025-03-04 00:10:00;214.810;169.639; 87.458; 96.125;257.528
2025-03-04 00:15:00;214.743;168.590; 86.590; 94.572;258.840
2025-03-04 00:20:00;213.157;170.908; 85.356; 96.119;257.548
2025-03-04 00:25:00;214.197;168.997; 85.562; 96.179;255.592
2025-03-04 00:30:00;214.867;169.326; 85.466; 96.929;259.012
2025-03-04 00:35:00;212.950;171.675; 88.252; 97.165;256.666
2025-03-04 00:40:00;214.327;168.025; 86.734; 95.818;256.454
2025-03-04 00:45:00;214.497;169.362; 85.404; 94.953;258.508
2025-03-04 00:50:00;215.707;170.826; 86.576; 96.437;256.572
2025-03-04 00:55:00;214.817;169.622; 87.066; 95.255;255.898
2025-03-04 01:00:00;214.947;170.224; 85.212; 96.654;255.302
2025-03-04 01:05:00;214.707;167.430; 85.602; 95.608;257.616
2025-03-04 01:10:00;214.420;169.260; 87.316; 96.356;258.262
2025-03-04 01:15:00;215.930;169.163; 86.684; 95.941;256.574
2025-03-04 01:20:00;212.453;168.165; 87.852; 95.532;261.112
2025-03-04 01:25:00;214.923;171.634; 87.096; 95.327;259.074
2025-03-04 01:30:00;216.093;171.250; 85.326; 95.562;256.414
2025-03-04 01:35:00;213.543;169.273; 87.118; 95.878;257.884
2025-03-04 01:40:00;213.197;169.820; 86.552; 95.718;257.810
2025-03-04 01:45:00;214.130;169.409; 86.206; 96.292;260.078
2025-03-04 01:50:00;213.520;169.702; 87.882; 94.680;258.082
2025-03-04 01:55:00;215.310;170.106; 87.006; 94.500;256.704
2025-03-04 02:00:00;214.983;169.342; 87.138; 97.022;254.868
2025-03-04 02:05:00;215.123;169.939; 87.956; 95.284;256.972
2025-03-04 02:10:00;213.363;170.558; 88.128; 95.431;257.902
2025-03-04 02:15:00;217.237;169.774; 85.838; 94.914;256.444
2025-03-04 02:20:00;212.480;169.935; 84.724; 95.274;257.604
2025-03-04 02:25:00;215.317;170.539; 86.530; 96.117;255.606
2025-03-04 02:30:00;215.063;170.189; 86.212; 94.648;256.006
2025-03-04 02:35:00;212.477;167.877; 87.886; 95.789;258.864
2025-03-04 02:40:00;215.537;170.980; 86.560; 95.252;256.084
2025-03-04 02:45:00;213.393;169.555; 86.930; 95.495;258.550
2025-03-04 02:50:00;215.187;171.476; 86.584; 95.976;256.450
2025-03-04 02:55:00;215.017;170.443; 86.996; 95.494;257.524
2025-03-04 03:00:00;216.637;170.219; 86.110; 96.238;257.514
2025-03-04 03:05:00;213.257;168.906; 86.658; 96.764;258.326
2025-03-04 03:10:00;217.753;171.285; 87.180; 95.801;258.122
2025-03-04 03:15:00;214.767;167.697; 87.030; 96.158;258.992
2025-03-04 03:20:00;216.590;169.571; 87.898; 96.586;259.022
2025-03-04 03:25:00;215.007;168.360; 86.886; 95.656;257.700
2025-03-04 03:30:00;216.270;169.318; 86.492; 96.546;259.534
2025-03-04 03:35:00;214.437;170.287; 86.508; 95.512;259.228
2025-03-04 03:40:00;214.310;168.789; 86.754; 95.333;258.100
2025-03-04 03:45:00;211.983;168.885; 85.244; 96.095;258.672
2025-03-04 03:50:00;213.916;170.905; 88.356; 96.369;259.650
2025-03-04 03:55:00;216.513;169.872; 87.776; 95.089;258.400
2025-03-04 04:00:00;214.080;168.064; 84.792; 96.674;259.054
2025-03-04 04:05:00;211.020;169.311; 86.622; 95.127;256.326
2025-03-04 04:10:00;215.690;171.047; 86.342; 96.898;257.662
2025-03-04 04:15:00;213.820;171.940; 86.678; 96.486;258.436
2025-03-04 04:20:00;215.713;171.263; 85.210; 95.710;256.686
2025-03-04 04:25:00;214.926;171.423; 87.254; 95.441;258.426
2025-03-04 04:30:00;215.510;168.261; 87.116; 95.940;260.132
2025-03-04 04:35:00;213.783;170.477; 87.054; 94.438;259.504
2025-03-04 04:40:00;215.437;170.369; 85.470; 96.805;256.838
2025-03-04 04:45:00;214.570;168.712; 85.496; 96.298;260.916
2025-03-04 04:50:00;212.587;169.780; 86.872; 95.821;258.148
2025-03-04 04:55:00;215.277;170.179; 86.756; 97.164;259.270
2025-03-04 05:00:00;212.844;171.047; 87.202; 95.220;257.948
2025-03-04 05:05:00;215.420;170.280; 87.730; 95.879;258.980
2025-03-04 05:10:00;212.080;170.387; 88.672; 94.574;259.024
2025-03-04 05:15:00;215.223;169.402; 87.272; 97.380;257.274
2025-03-04 05:20:00;215.497;170.959; 86.934; 95.125;257.704
2025-03-04 05:25:00;216.190;171.501; 87.562; 95.785;257.880
2025-03-04 05:30:00;215.340;169.538; 86.548; 96.507;258.054
2025-03-04 05:35:00;213.223;169.944; 88.590; 96.130;261.426
2025-03-04 05:40:00;216.097;170.428; 85.496; 96.612;259.060
2025-03-04 05:45:00;213.353;170.104; 85.386; 97.217;259.604
2025-03-04 05:50:00;212.194;171.117; 86.836; 97.357;258.384
2025-03-04 05:55:00;213.740;170.670; 85.762; 95.715;257.708
2025-03-04 06:00:00;213.856;169.717; 87.192; 97.424;257.610
2025-03-04 06:05:00;214.170;169.769; 86.598; 96.004;259.684
2025-03-04 06:10:00;215.170;171.423; 86.786; 95.399;258.364
2025-03-04 06:15:00;212.367;170.905; 87.488; 96.025;258.880
2025-03-04 06:20:00;215.263;170.331; 87.042; 94.244;257.708
2025-03-04 06:25:00;212.837;168.576; 87.438; 96.003;256.996
2025-03-04 06:30:00;213.807;169.485; 84.446; 96.760;257.864
2025-03-04 06:35:00;215.557;171.278; 85.966; 95.832;256.818
2025-03-04 06:40:00;215.573;173.111; 87.084; 96.210;259.224
2025-03-04 06:45:00;215.313;170.619; 86.038; 97.013;257.608
2025-03-04 06:50:00;214.360;170.529; 84.782; 95.616;255.728
2025-03-04 06:55:00;214.007;172.725; 87.324; 95.931;259.724
2025-03-04 07:00:00;214.823;171.092; 85.482; 95.910;261.102
2025-03-04 07:05:00;213.377;171.549; 86.918; 95.557;255.300
2025-03-04 07:10:00;214.090;168.927; 85.532; 95.657;258.716
2025-03-04 07:15:00;214.853;170.795; 85.266; 96.648;259.574
2025-03-04 07:20:00;212.663;169.488; 86.702; 96.132;258.176
2025-03-04 07:25:00;214.090;169.463; 86.540; 95.649;260.942
2025-03-04 07:30:00;213.700;169.094; 85.902; 95.253;258.908
2025-03-04 07:35:00;216.217;168.815; 86.506; 96.760;259.260
2025-03-04 07:40:00;214.113;170.009; 86.064; 95.796;256.474
2025-03-04 07:45:00;213.187;171.255; 87.320; 95.309;257.422
2025-03-04 07:50:00;213.637;171.011; 85.238; 95.000;256.330
2025-03-04 07:55:00;217.393;171.174; 85.646; 95.982;257.910
2025-03-04 08:00:00;214.613;169.574; 87.600; 96.818;256.356
2025-03-04 08:05:00;211.000;170.686; 86.810; 95.586;257.278
2025-03-04 08:10:00;214.677;170.957; 85.670; 96.127;255.804
2025-03-04 08:15:00;212.513;170.352; 85.878; 95.456;257.186
2025-03-04 08:20:00;213.730;171.159; 85.432; 95.933;257.392
2025-03-04 08:25:00;212.386;169.006; 87.048; 95.480;254.692
2025-03-04 08:30:00;212.977;169.098; 86.298; 96.242;254.930
2025-03-04 08:35:00;217.047;170.731; 86.402; 96.168;257.578
2025-03-04 08:40:00;210.893;171.409; 86.004; 96.093;257.910
2025-03-04 08:45:00;214.767;171.484; 85.644; 97.298;255.784
2025-03-04 08:50:00;213.267;169.906; 87.812; 95.330;258.582
2025-03-04 08:55:00;214.060;170.423; 86.582; 96.641;256.422
2025-03-04 09:00:00;215.127;169.897; 85.970; 96.703;257.042
2025-03-04 09:05:00;213.153;170.837; 85.030; 95.696;257.672
2025-03-04 09:10:00;211.927;169.946; 85.792; 95.731;256.196
2025-03-04 09:15:00;211.307;170.599; 85.888; 97.394;256.286
2025-03-04 09:20:00;215.780;172.865; 86.806; 96.002;258.362
2025-03-04 09:25:00;215.894;167.166; 86.644; 96.179;258.072
2025-03-04 09:30:00;212.377;171.836; 85.848; 96.987;256.798
2025-03-04 09:35:00;213.750;169.398; 85.598; 95.774;256.616
2025-03-04 09:40:00;215.863;171.750; 84.480; 96.833;257.220
2025-03-04 09:45:00;214.110;168.574; 87.122; 95.404;256.448
2025-03-04 09:50:00;213.263;171.671; 87.586; 96.398;257.314
2025-03-04 09:55:00;215.623;171.508; 84.718; 95.140;257.900
2025-03-04 10:00:00;214.667;170.964; 86.986; 97.343;259.762
2025-03-04 10:05:00;212.440;171.603; 85.464; 96.932;258.760
2025-03-04 10:10:00;212.543;170.439; 86.318; 96.717;255.894
2025-03-04 10:15:00;213.877;169.903; 86.866; 96.629;257.198
2025-03-04 10:20:00;217.460;170.514; 85.464; 97.120;259.554
2025-03-04 10:25:00;213.327;170.902; 86.456; 96.835;257.716
2025-03-04 10:30:00;213.247;169.923; 85.868; 96.327;257.098
2025-03-04 10:35:00;214.680;171.004; 87.584; 96.576;256.610
2025-03-04 10:40:00;215.510;171.109; 87.582; 95.663;254.538
2025-03-04 10:45:00;214.610;170.175; 84.894; 97.766;256.604
2025-03-04 10:50:00;214.003;171.199; 87.618; 95.647;256.860
2025-03-04 10:55:00;214.277;170.827; 87.044; 95.046;256.488
2025-03-04 11:00:00;215.590;170.587; 87.484; 95.952;258.990
2025-03-04 11:05:00;215.343;169.218; 87.280; 96.761;258.872
2025-03-04 11:10:00;217.243;169.560; 86.416; 95.962;257.886
2025-03-04 11:15:00;214.250;170.145; 86.418; 95.899;260.384
2025-03-04 11:20:00;212.403;170.684; 85.368; 97.217;256.938
2025-03-04 11:25:00;213.657;172.012; 87.762; 96.329;256.670
2025-03-04 11:30:00;214.717;171.844; 86.144; 97.331;258.624
2025-03-04 11:35:00;213.140;170.356; 86.958; 95.925;258.846
2025-03-04 11:40:00;214.466;172.091; 87.130; 95.335;257.464
2025-03-04 11:45:00;215.380;171.263; 86.594; 97.032;259.350
2025-03-04 11:50:00;214.523;171.690; 86.724; 97.104;257.920
2025-03-04 11:55:00;213.870;169.018; 86.580; 96.720;255.124
2025-03-04 12:00:00;216.823;170.996; 86.606; 95.755;257.664
2025-03-04 12:05:00;214.687;168.156; 87.128; 95.440;256.690
2025-03-04 12:10:00;215.997;170.642; 86.536; 93.921;258.496
2025-03-04 12:15:00;214.657;168.507; 86.134; 96.635;257.784
2025-03-04 12:20:00;215.600;172.278; 88.060; 96.676;256.014
2025-03-04 12:25:00;215.723;170.693; 87.410; 96.539;255.146
2025-03-04 12:30:00;214.400;171.085; 86.968; 95.038;258.972
2025-03-04 12:35:00;213.087;170.087; 85.852; 96.013;258.736
2025-03-04 12:40:00;216.770;169.844; 84.466; 96.800;259.136
2025-03-04 12:45:00;214.123;170.343; 87.200; 97.043;258.312
2025-03-04 12:50:00;213.830;170.131; 86.892; 96.503;257.906
2025-03-04 12:55:00;213.913;169.650; 86.684; 95.897;257.528
2025-03-04 13:00:00;217.687;171.558; 88.030; 95.720;258.174
2025-03-04 13:05:00;215.580;169.373; 86.024; 95.995;258.298
2025-03-04 13:10:00;216.160;170.992; 87.150; 95.177;255.754
2025-03-04 13:15:00;217.566;170.403; 87.478; 98.384;259.076
2025-03-04 13:20:00;216.713;170.076; 88.058; 95.886;258.088
2025-03-04 13:25:00;215.603;170.906; 86.036; 96.851;259.162
2025-03-04 13:30:00;214.150;169.929; 84.568; 95.356;258.872
2025-03-04 13:35:00;212.897;170.440; 85.450; 96.153;256.334
2025-03-04 13:40:00;216.083;171.031; 86.484; 95.655;258.966
2025-03-04 13:45:00;215.093;171.308; 85.558; 95.125;258.884
2025-03-04 13:50:00;214.337;172.195; 88.256; 96.467;259.038
2025-03-04 13:55:00;216.807;171.398; 86.980; 95.423;255.634
2025-03-04 14:00:00;214.813;171.226; 86.468; 96.152;257.980
2025-03-04 14:05:00;213.970;168.524; 86.858; 96.247;258.126
2025-03-04 14:10:00;213.347;170.315; 86.464; 96.517;259.510
2025-03-04 14:15:00;214.907;172.259; 85.702; 94.501;256.476
2025-03-04 14:20:00;215.240;169.938; 85.356; 95.506;255.630
2025-03-04 14:25:00;213.713;170.829; 88.096; 94.751;257.502
2025-03-04 14:30:00;216.117;170.397; 85.344; 95.837;259.034
2025-03-04 14:35:00;213.363;168.881; 86.254; 96.389;259.532
2025-03-04 14:40:00;215.483;169.125; 86.302; 96.392;257.336
2025-03-04 14:45:00;216.373;171.780; 85.368; 95.159;257.486
2025-03-04 14:50:00;214.017;169.458; 87.520; 96.173;257.382
2025-03-04 14:55:00;213.157;173.241; 86.590; 95.406;258.426
2025-03-04 15:00:00;214.770;171.140; 87.382; 95.648;255.632
2025-03-04 15:05:00;217.240;171.211; 86.136; 95.277;258.528
2025-03-04 15:10:00;213.060;170.237; 86.514; 97.459;257.422
2025-03-04 15:15:00;214.803;170.956; 86.718; 95.717;256.762
2025-03-04 15:20:00;214.073;170.892; 86.062; 96.013;259.098
2025-03-04 15:25:00;216.407;170.746; 87.224; 96.310;257.902
2025-03-04 15:30:00;215.820;170.177; 87.036; 97.487;259.504
2025-03-04 15:35:00;215.100;169.840; 84.482; 94.971;257.518
2025-03-04 15:40:00;214.980;172.259; 87.134; 96.956;257.284
2025-03-04 15:45:00;214.927;170.281; 87.504; 95.789;258.362
2025-03-04 15:50:00;215.413;167.923; 85.906; 96.662;258.578
2025-03-04 15:55:00;211.720;171.192; 85.392; 95.606;257.454
2025-03-04 16:00:00;214.650;170.925; 86.552; 95.589;256.212
2025-03-04 16:05:00;214.437;169.891; 86.252; 96.145;258.644
2025-03-04 16:10:00;213.893;168.156; 85.554; 95.937;258.416
2025-03-04 16:15:00;215.413;170.757; 86.058; 96.074;259.402
2025-03-04 16:20:00;212.880;170.000; 87.018; 95.723;257.448
2025-03-04 16:25:00;213.183;169.996; 85.748; 95.859;256.496
2025-03-04 16:30:00;216.370;169.869; 88.440; 95.525;259.576
2025-03-04 16:35:00;214.853;172.455; 87.618; 96.121;259.206
2025-03-04 16:40:00;214.067;170.592; 87.494; 95.719;254.990
2025-03-04 16:45:00;214.437;169.809; 84.678; 95.680;258.308
2025-03-04 16:50:00;215.057;170.737; 88.464; 95.501;258.984
2025-03-04 16:55:00;213.497;169.042; 86.588; 96.899;258.368
2025-03-04 17:00:00;215.510;170.681; 87.092; 95.390;257.790
2025-03-04 17:05:00;215.337;170.094; 86.640; 97.364;261.296
2025-03-04 17:10:00;214.257;168.475; 87.306; 95.612;260.818
2025-03-04 17:15:00;214.093;170.444; 86.786; 97.071;259.308
2025-03-04 17:20:00;215.323;169.077; 86.470; 97.551;261.730
2025-03-04 17:25:00;214.550;169.447; 87.712; 97.533;258.338
2025-03-04 17:30:00;213.333;169.924; 86.962; 95.814;258.344
2025-03-04 17:35:00;215.830;169.953; 87.834; 95.371;259.390
2025-03-04 17:40:00;216.220;170.434; 87.818; 96.081;256.418
2025-03-04 17:45:00;214.893;168.254; 87.306; 95.976;257.776
2025-03-04 17:50:00;211.667;169.614; 85.714; 95.917;260.648
2025-03-04 17:55:00;213.470;169.385; 86.334; 96.233;256.550
2025-03-04 18:00:00;216.480;169.951; 87.354; 96.281;261.044
2025-03-04 18:05:00;216.970;170.244; 86.770; 97.149;258.262
2025-03-04 18:10:00;211.403;170.398; 87.606; 95.957;259.844
2025-03-04 18:15:00;217.267;170.146; 84.076; 95.632;257.782
2025-03-04 18:20:00;213.040;170.177; 86.486; 94.702;259.744
2025-03-04 18:25:00;215.127;168.319; 86.566; 96.902;257.832
2025-03-04 18:30:00;214.207;169.753; 87.194; 95.687;256.816
2025-03-04 18:35:00;213.560;168.854; 86.032; 96.579;256.752
2025-03-04 18:40:00;214.777;168.233; 86.206; 95.837;258.310
2025-03-04 18:45:00;214.540;168.345; 85.740; 95.056;258.896
2025-03-04 18:50:00;214.434;169.328; 86.682; 96.305;257.670
2025-03-04 18:55:00;215.270;169.554; 85.832; 96.000;255.990
2025-03-04 19:00:00;213.227;169.742; 87.380; 94.384;258.286
2025-03-04 19:05:00;214.740;169.535; 86.064; 96.153;259.186
2025-03-04 19:10:00;214.200;170.676; 86.630; 95.652;258.758
2025-03-04 19:15:00;211.453;170.604; 87.314; 97.554;258.522
2025-03-04 19:20:00;215.317;168.684; 86.082; 95.213;258.780
2025-03-04 19:25:00;214.737;170.021; 86.080; 94.055;256.836
2025-03-04 19:30:00;213.530;169.851; 85.818; 95.650;257.916
2025-03-04 19:35:00;213.937;169.497; 86.810; 95.539;257.518
2025-03-04 19:40:00;216.050;170.070; 87.080; 96.771;257.314
2025-03-04 19:45:00;214.623;170.137; 85.552; 94.880;259.736
2025-03-04 19:50:00;211.750;167.586; 85.640; 96.467;254.838
2025-03-04 19:55:00;214.230;170.578; 85.252; 95.146;257.328
2025-03-04 20:00:00;215.577;168.792; 87.454; 96.720;258.602
2025-03-04 20:05:00;215.367;171.186; 86.920; 95.739;256.914
2025-03-04 20:10:00;214.293;166.685; 87.508; 93.894;258.482
2025-03-04 20:15:00;215.680;166.550; 86.132; 95.134;258.836
2025-03-04 20:20:00;213.813;168.884; 88.164; 96.357;257.804
2025-03-04 20:25:00;212.937;168.974; 86.540; 95.768;259.678
2025-03-04 20:30:00;216.597;169.516; 85.552; 96.103;258.612
2025-03-04 20:35:00;215.020;169.797; 86.568; 95.024;257.402
2025-03-04 20:40:00;214.480;169.366; 87.130; 96.491;258.556
2025-03-04 20:45:00;215.583;168.202; 86.198; 95.697;259.114
2025-03-04 20:50:00;213.523;169.919; 87.336; 94.686;256.584
2025-03-04 20:55:00;213.667;167.909; 86.884; 96.703;258.980
2025-03-04 21:00:00;213.623;170.935; 86.258; 95.726;258.778
2025-03-04 21:05:00;215.153;168.770; 86.402; 95.442;259.838
2025-03-04 21:10:00;214.280;168.573; 87.820; 95.540;256.780
2025-03-04 21:15:00;217.233;168.030; 87.076; 95.410;260.278
2025-03-04 21:20:00;216.640;170.346; 86.970; 95.954;259.572
2025-03-04 21:25:00;214.923;170.275; 87.380; 97.042;257.650
2025-03-04 21:30:00;214.570;170.049; 85.828; 96.696;257.736
2025-03-04 21:35:00;214.746;169.130; 86.262; 94.155;257.644
2025-03-04 21:40:00;216.120;168.794; 87.118; 95.550;258.844
2025-03-04 21:45:00;214.183;168.396; 86.602; 95.491;260.404
2025-03-04 21:50:00;215.033;167.412; 86.772; 97.804;257.616
2025-03-04 21:55:00;215.903;167.992; 86.804; 96.249;258.320
2025-03-04 22:00:00;213.813;167.736; 86.764; 95.000;258.368
2025-03-04 22:05:00;213.463;169.727; 85.932; 95.471;257.870
2025-03-04 22:10:00;215.917;170.130; 86.334; 96.321;257.866
2025-03-04 22:15:00;213.863;167.875; 85.280; 94.722;257.430
2025-03-04 22:20:00;214.853;168.647; 87.346; 95.625;258.542
2025-03-04 22:25:00;213.893;169.121; 86.620; 95.472;257.118
2025-03-04 22:30:00;213.830;170.785; 87.540; 95.543;259.020
2025-03-04 22:35:00;214.963;169.023; 86.630; 95.985;259.756
2025-03-04 22:40:00;215.467;169.780; 86.254; 96.519;254.724
2025-03-04 22:45:00;214.520;172.170; 85.938; 98.191;256.826
2025-03-04 22:50:00;214.710;168.895; 86.284; 94.983;258.834
2025-03-04 22:55:00;214.573;171.218; 85.614; 96.159;258.162
2025-03-04 23:00:00;213.680;172.196; 87.902; 96.888;258.560
2025-03-04 23:05:00;215.737;172.211; 85.852; 95.082;257.216
2025-03-04 23:10:00;215.087;168.425; 87.866; 95.660;256.270
2025-03-04 23:15:00;216.107;170.070; 87.482; 97.257;256.968
2025-03-04 23:20:00;215.937;171.097; 86.860; 97.071;256.490
2025-03-04 23:25:00;214.693;172.332; 86.632; 95.976;255.524
2025-03-04 23:30:00;215.690;171.346; 86.106; 95.524;257.598
2025-03-04 23:35:00;214.907;170.704; 86.706; 96.610;257.410
2025-03-04 23:40:00;216.010;170.555; 87.148; 96.192;257.814
2025-03-04 23:45:00;214.310;168.929; 85.792; 95.109;256.406
2025-03-04 23:50:00;216.630;167.453; 86.684; 95.678;254.048
2025-03-04 23:55:00;214.807;170.975; 86.454; 95.432;258.932
2025-03-05 00:00:00;214.440;168.594; 86.906; 95.770;258.102
2025-03-05 00:05:00;217.593;168.778; 87.278; 96.087;255.950
2025-03-05 00:10:00;215.136;169.117; 87.272; 94.043;258.734
2025-03-05 00:15:00;215.430;170.864; 87.102; 95.154;257.178
2025-03-05 00:20:00;215.740;168.620; 86.306; 93.779;257.536
2025-03-05 00:25:00;214.373;169.853; 87.694; 96.854;256.914
2025-03-05 00:30:00;216.247;168.000; 87.592; 94.558;258.932
2025-03-05 00:35:00;214.750;169.815; 85.936; 93.516;256.640
2025-03-05 00:40:00;214.793;169.695; 87.536; 94.983;260.840
2025-03-05 00:45:00;215.713;167.348; 86.076; 94.929;256.286
2025-03-05 00:50:00;213.810;170.437; 85.604; 94.388;256.518
2025-03-05 00:55:00;213.587;169.958; 85.650; 94.869;258.314
2025-03-05 01:00:00;216.377;169.133; 87.530; 95.397;259.366
2025-03-05 01:05:00;214.630;166.928; 86.426; 95.085;258.104
2025-03-05 01:10:00;215.483;170.103; 86.234; 94.928;258.090
2025-03-05 01:15:00;212.623;167.629; 87.202; 94.837;260.200
2025-03-05 01:20:00;215.137;168.819; 86.290; 94.113;258.220
2025-03-05 01:25:00;216.527;168.540; 86.972; 96.287;257.944
2025-03-05 01:30:00;214.560;168.732; 86.366; 93.647;256.974
2025-03-05 01:35:00;212.540;167.758; 86.778; 96.052;258.814
2025-03-05 01:40:00;217.130;170.414; 86.520; 93.758;256.664
2025-03-05 01:45:00;213.297;168.705; 86.300; 93.336;259.928
2025-03-05 01:50:00;217.000;172.467; 87.274; 94.861;256.328
2025-03-05 01:55:00;216.030;167.887; 86.200; 95.367;258.514
2025-03-05 02:00:00;213.463;168.449; 87.682; 96.054;257.488
2025-03-05 02:05:00;215.667;167.972; 86.888; 94.369;256.986
2025-03-05 02:10:00;215.207;168.785; 86.932; 95.204;257.576
2025-03-05 02:15:00;218.526;168.444; 85.760; 95.853;260.000
2025-03-05 02:20:00;217.023;166.607; 85.752; 95.882;259.162
2025-03-05 02:25:00;212.260;167.994; 86.948; 94.761;255.916
2025-03-05 02:30:00;217.983;169.994; 87.034; 94.993;257.898
2025-03-05 02:35:00;216.357;171.212; 86.546; 93.919;256.432
2025-03-05 02:40:00;216.097;169.347; 88.590; 94.829;259.628
2025-03-05 02:45:00;213.810;170.065; 86.260; 95.833;258.224
2025-03-05 02:50:00;213.420;168.878; 86.388; 96.124;258.282
2025-03-05 02:55:00;215.313;169.152; 86.158; 94.816;257.726
2025-03-05 03:00:00;214.150;170.265; 86.916; 96.091;256.684
2025-03-05 03:05:00;214.513;168.178; 86.752; 95.657;257.896
2025-03-05 03:10:00;218.077;169.998; 85.986; 95.722;257.892
2025-03-05 03:15:00;216.390;170.167; 86.964; 95.352;257.910
2025-03-05 03:20:00;215.050;167.782; 86.356; 95.529;256.640
2025-03-05 03:25:00;215.280;170.469; 86.324; 95.613;257.180
2025-03-05 03:30:00;214.860;168.955; 85.992; 96.199;256.226
2025-03-05 03:35:00;215.114;171.421; 84.642; 93.724;259.232
2025-03-05 03:40:00;211.327;169.930; 84.586; 95.186;254.708
2025-03-05 03:45:00;217.480;171.551; 85.474; 96.560;258.552
2025-03-05 03:50:00;214.293;171.900; 86.338; 95.660;258.564
2025-03-05 03:55:00;215.097;169.841; 85.796; 94.754;259.116
2025-03-05 04:00:00;213.747;167.667; 84.928; 95.309;257.702
2025-03-05 04:05:00;214.350;170.893; 86.334; 94.369;256.636
2025-03-05 04:10:00;213.387;171.562; 86.378; 95.386;258.832
2025-03-05 04:15:00;215.730;170.157; 86.082; 95.770;258.146
2025-03-05 04:20:00;214.247;169.071; 85.734; 95.427;257.180
2025-03-05 04:25:00;215.327;170.056; 86.242; 96.305;259.300
2025-03-05 04:30:00;214.430;169.962; 86.924; 95.092;256.218
2025-03-05 04:35:00;214.270;170.476; 86.204; 96.162;259.542
2025-03-05 04:40:00;213.337;170.476; 86.740; 94.549;256.378
2025-03-05 04:45:00;216.060;170.990; 86.640; 95.849;257.440
2025-03-05 04:50:00;216.477;171.660; 85.726; 94.664;259.494
2025-03-05 04:55:00;214.223;169.471; 86.462; 94.550;259.430
2025-03-05 05:00:00;215.300;168.388; 86.078; 95.422;257.360
2025-03-05 05:05:00;215.180;171.269; 85.206; 96.427;259.824
2025-03-05 05:10:00;213.627;170.349; 86.152; 96.821;258.606
2025-03-05 05:15:00;213.827;170.724; 86.656; 95.378;257.594
2025-03-05 05:20:00;214.270;170.390; 85.670; 95.098;257.324
2025-03-05 05:25:00;213.217;169.719; 86.976; 96.130;258.074
2025-03-05 05:30:00;214.340;171.103; 86.786; 95.129;257.548
2025-03-05 05:35:00;213.610;169.802; 85.282; 94.955;259.388
2025-03-05 05:40:00;215.163;170.246; 84.570; 95.668;257.176
2025-03-05 05:45:00;213.940;168.678; 87.756; 94.711;260.046
2025-03-05 05:50:00;213.773;169.529; 86.190; 96.478;258.442
2025-03-05 05:55:00;213.373;172.682; 86.594; 96.613;259.540
2025-03-05 06:00:00;215.010;170.459; 86.854; 95.595;259.568
2025-03-05 06:05:00;215.033;169.379; 86.950; 95.605;259.248
2025-03-05 06:10:00;212.100;167.265; 84.920; 96.001;259.176
2025-03-05 06:15:00;216.503;170.169; 86.354; 94.166;257.762
2025-03-05 06:20:00;212.626;170.711; 85.556; 94.004;256.950
2025-03-05 06:25:00;213.013;168.831; 86.538; 96.245;259.594
2025-03-05 06:30:00;214.683;169.633; 84.740; 97.932;257.356
2025-03-05 06:35:00;213.817;170.826; 85.860; 95.521;258.354
2025-03-05 06:40:00;214.340;168.008; 86.110; 95.858;255.098
2025-03-05 06:45:00;215.133;171.916; 86.592; 93.995;259.734
2025-03-05 06:50:00;214.077;169.840; 86.644; 95.690;256.918
2025-03-05 06:55:00;212.767;170.804; 86.446; 95.247;258.340
2025-03-05 07:00:00;216.220;169.369; 85.318; 94.620;256.930
2025-03-05 07:05:00;214.190;170.713; 85.088; 95.180;255.610
2025-03-05 07:10:00;214.537;172.057; 86.346; 94.986;256.902
2025-03-05 07:15:00;215.153;170.427; 86.138; 95.037;258.646
2025-03-05 07:20:00;213.640;171.723; 85.484; 96.178;257.952
2025-03-05 07:25:00;216.043;169.623; 86.090; 94.316;258.378
2025-03-05 07:30:00;213.373;172.181; 87.166; 94.676;255.628
2025-03-05 07:35:00;216.043;171.324; 86.202; 95.873;257.906
2025-03-05 07:40:00;214.257;169.225; 86.722; 93.285;256.440
2025-03-05 07:45:00;213.960;171.062; 86.820; 95.304;257.842
2025-03-05 07:50:00;212.950;171.392; 84.964; 96.452;258.112
2025-03-05 07:55:00;213.377;168.200; 85.678; 95.875;257.198
2025-03-05 08:00:00;214.020;167.872; 87.380; 94.718;255.982
2025-03-05 08:05:00;212.070;166.657; 87.304; 95.794;258.326
2025-03-05 08:10:00;215.130;170.822; 85.158; 95.671;258.258
2025-03-05 08:15:00;214.047;168.351; 86.696; 94.086;259.882
2025-03-05 08:20:00;213.380;169.921; 86.508; 95.267;257.358
2025-03-05 08:25:00;215.190;168.244; 87.118; 94.186;255.528
2025-03-05 08:30:00;214.807;168.731; 84.194; 95.477;258.612
2025-03-05 08:35:00;215.800;169.717; 85.116; 95.128;259.872
2025-03-05 08:40:00;214.973;168.354; 85.798; 95.615;256.992
2025-03-05 08:45:00;216.303;169.318; 85.200; 95.646;257.916
2025-03-05 08:50:00;214.347;168.743; 86.196; 96.371;260.124
2025-03-05 08:55:00;214.830;169.218; 85.722; 94.655;256.172
2025-03-05 09:00:00;213.330;170.149; 85.966; 95.337;256.260
2025-03-05 09:05:00;214.590;170.169; 85.848; 94.556;256.120
2025-03-05 09:10:00;215.183;170.311; 86.220; 96.382;257.540
2025-03-05 09:15:00;216.537;167.796; 85.876; 96.765;258.408
2025-03-05 09:20:00;215.373;168.541; 86.998; 95.425;258.392
2025-03-05 09:25:00;214.407;168.993; 86.300; 95.660;258.096
2025-03-05 09:30:00;214.050;168.216; 86.284; 96.381;256.476
2025-03-05 09:35:00;217.343;169.180; 86.316; 94.659;256.326
2025-03-05 09:40:00;213.803;168.386; 85.184; 94.869;257.654
2025-03-05 09:45:00;214.710;169.074; 87.306; 95.779;256.330
2025-03-05 09:50:00;215.967;171.652; 85.850; 95.539;257.942
2025-03-05 09:55:00;215.937;168.518; 85.988; 94.846;257.384
2025-03-05 10:00:00;213.933;170.986; 85.742; 95.463;256.374
2025-03-05 10:05:00;214.017;169.726; 86.768; 97.233;255.578
2025-03-05 10:10:00;215.043;172.185; 85.220; 97.049;258.440
2025-03-05 10:15:00;214.650;169.990; 87.136; 95.887;256.020
2025-03-05 10:20:00;215.700;169.552; 87.130; 95.100;256.976
2025-03-05 10:25:00;216.416;169.467; 85.522; 95.778;255.734
2025-03-05 10:30:00;214.467;170.039; 85.848; 95.561;257.676
2025-03-05 10:35:00;214.573;168.652; 86.340; 94.374;256.846
2025-03-05 10:40:00;213.233;169.745; 87.642; 97.124;257.328
2025-03-05 10:45:00;215.247;171.213; 86.394; 97.654;256.186
2025-03-05 10:50:00;215.536;168.644; 86.392; 96.949;259.502
2025-03-05 10:55:00;213.797;171.405; 87.022; 96.083;258.786
2025-03-05 11:00:00;214.857;170.715; 86.474; 95.721;257.424
2025-03-05 11:05:00;213.183;169.863; 86.074; 96.486;255.734
2025-03-05 11:10:00;214.007;169.042; 86.494; 96.640;257.584
2025-03-05 11:15:00;217.740;169.742; 86.542; 95.711;258.294
2025-03-05 11:20:00;214.707;171.032; 85.576; 96.679;257.366
2025-03-05 11:25:00;214.423;169.643; 85.866; 97.367;256.820
2025-03-05 11:30:00;216.750;171.224; 87.680; 96.521;256.984
2025-03-05 11:35:00;214.000;167.140; 86.024; 97.443;257.906
2025-03-05 11:40:00;214.683;168.261; 86.012; 96.254;259.030
2025-03-05 11:45:00;216.703;170.288; 87.002; 98.605;257.748
2025-03-05 11:50:00;218.257;170.379; 87.142; 97.008;258.578
2025-03-05 11:55:00;215.387;170.324; 87.534; 96.364;257.516
2025-03-05 12:00:00;217.353;169.736; 86.948; 96.860;255.364
2025-03-05 12:05:00;211.980;172.029; 88.172; 97.222;258.844
2025-03-05 12:10:00;213.940;170.905; 85.526; 97.275;257.472
2025-03-05 12:15:00;217.656;172.154; 85.854; 95.862;258.686
2025-03-05 12:20:00;216.137;171.298; 86.060; 96.534;257.524
2025-03-05 12:25:00;218.553;171.708; 86.956; 97.193;258.792
2025-03-05 12:30:00;213.153;169.664; 86.720; 96.236;258.116
2025-03-05 12:35:00;215.223;172.452; 87.544; 96.562;257.998
2025-03-05 12:40:00;215.210;169.301; 85.650; 98.065;257.418
2025-03-05 12:45:00;216.493;169.770; 85.560; 97.246;259.718
2025-03-05 12:50:00;216.200;171.979; 85.942; 97.674;256.604
2025-03-05 12:55:00;214.197;171.725; 85.810; 96.342;257.464
2025-03-05 13:00:00;214.177;170.182; 86.828; 95.335;259.126
2025-03-05 13:05:00;214.840;171.060; 86.242; 96.442;258.298
2025-03-05 13:10:00;214.570;171.493; 86.522; 97.271;258.372
2025-03-05 13:15:00;216.113;170.420; 86.432; 96.249;257.940
2025-03-05 13:20:00;215.140;169.512; 86.254; 94.966;257.466
2025-03-05 13:25:00;212.597;168.551; 87.722; 96.776;257.240
2025-03-05 13:30:00;214.493;168.150; 87.072; 95.741;259.230
2025-03-05 13:35:00;216.477;171.627; 88.222; 95.645;256.992
2025-03-05 13:40:00;215.283;171.725; 86.660; 97.473;257.230
2025-03-05 13:45:00;213.697;171.887; 86.002; 96.417;258.276
2025-03-05 13:50:00;216.167;171.865; 85.878; 97.487;257.856
2025-03-05 13:55:00;214.400;172.354; 85.662; 96.872;260.610
2025-03-05 14:00:00;215.027;170.731; 87.162; 95.718;257.372
2025-03-05 14:05:00;215.737;170.261; 87.092; 96.126;259.186
2025-03-05 14:10:00;211.740;171.126; 87.424; 96.014;256.684
2025-03-05 14:15:00;216.360;170.386; 84.638; 96.854;258.238
2025-03-05 14:20:00;215.167;169.879; 86.128; 95.750;259.136
2025-03-05 14:25:00;212.900;171.226; 86.588; 96.144;258.296
2025-03-05 14:30:00;216.144;170.632; 85.608; 94.601;258.490
2025-03-05 14:35:00;214.860;171.731; 85.814; 96.325;258.492
2025-03-05 14:40:00;215.667;169.475; 85.656; 95.420;258.900
2025-03-05 14:45:00;214.387;170.886; 86.692; 94.998;256.860
2025-03-05 14:50:00;214.607;169.057; 86.602; 95.588;257.876
2025-03-05 14:55:00;215.007;168.741; 85.716; 96.017;258.768
2025-03-05 15:00:00;214.073;170.393; 87.070; 95.139;256.248
2025-03-05 15:05:00;215.180;167.768; 86.546; 96.690;257.008
2025-03-05 15:10:00;215.037;169.810; 87.008; 96.394;255.482
2025-03-05 15:15:00;216.010;170.349; 86.434; 95.591;257.124
2025-03-05 15:20:00;215.580;171.131; 86.432; 95.141;256.904
2025-03-05 15:25:00;214.063;171.801; 86.518; 95.246;258.606
2025-03-05 15:30:00;215.973;169.968; 85.860; 95.725;257.836
2025-03-05 15:35:00;213.537;169.403; 88.002; 95.982;259.832
2025-03-05 15:40:00;213.657;169.531; 87.142; 95.175;258.986
2025-03-05 15:45:00;214.060;170.514; 86.410; 95.978;258.874
2025-03-05 15:50:00;212.473;170.225; 87.332; 95.100;255.808
2025-03-05 15:55:00;213.327;169.522; 85.780; 95.777;257.910
2025-03-05 16:00:00;218.667;167.818; 87.466; 95.392;259.936
2025-03-05 16:05:00;212.816;167.577; 86.368; 95.889;259.004
2025-03-05 16:10:00;212.893;170.199; 87.948; 95.696;257.744
2025-03-05 16:15:00;216.563;165.535; 87.150; 96.434;259.886
2025-03-05 16:20:00;213.846;168.871; 85.698; 95.989;257.782
2025-03-05 16:25:00;214.600;169.574; 85.896; 96.043;257.624
2025-03-05 16:30:00;213.510;169.053; 87.044; 94.786;257.114
2025-03-05 16:35:00;215.697;170.548; 85.416; 95.003;257.810
2025-03-05 16:40:00;216.143;169.340; 86.170; 95.885;256.112
2025-03-05 16:45:00;214.307;170.598; 86.144; 95.654;256.208
2025-03-05 16:50:00;214.317;170.824; 84.878; 95.148;257.298
2025-03-05 16:55:00;213.910;168.351; 86.070; 94.518;256.784
2025-03-05 17:00:00;213.740;166.902; 86.474; 94.596;255.756
2025-03-05 17:05:00;216.230;170.564; 86.658; 93.739;256.116
2025-03-05 17:10:00;213.003;170.173; 87.072; 94.602;255.962
2025-03-05 17:15:00;214.450;168.672; 86.364; 94.243;257.404
2025-03-05 17:20:00;213.967;167.854; 85.734; 95.225;259.628
2025-03-05 17:25:00;212.000;168.710; 86.484; 95.887;258.136
2025-03-05 17:30:00;213.957;169.034; 86.686; 95.374;257.898
2025-03-05 17:35:00;215.727;168.983; 87.890; 95.587;258.752
2025-03-05 17:40:00;212.970;169.701; 85.978; 94.863;256.088
2025-03-05 17:45:00;213.400;170.236; 87.340; 95.814;257.178
2025-03-05 17:50:00;215.080;168.470; 86.670; 95.790;257.764
2025-03-05 17:55:00;215.727;169.930; 87.152; 94.729;257.994
2025-03-05 18:00:00;214.777;170.612; 85.714; 95.278;256.858
2025-03-05 18:05:00;215.936;169.640; 86.572; 96.132;256.638
2025-03-05 18:10:00;213.833;170.098; 86.944; 95.107;257.108
2025-03-05 18:15:00;216.133;168.129; 85.066; 95.842;258.384
2025-03-05 18:20:00;214.100;170.741; 85.922; 95.705;258.050
2025-03-05 18:25:00;213.713;168.490; 86.396; 95.476;258.190
2025-03-05 18:30:00;212.687;169.499; 86.540; 95.213;259.094
2025-03-05 18:35:00;214.243;170.713; 86.332; 95.151;255.924
2025-03-05 18:40:00;215.704;169.690; 86.704; 95.096;257.026
2025-03-05 18:45:00;214.350;170.994; 86.960; 95.116;256.052
2025-03-05 18:50:00;212.003;166.280; 85.500; 95.197;258.070
2025-03-05 18:55:00;217.207;170.175; 83.986; 96.590;255.290
2025-03-05 19:00:00;214.300;169.451; 86.140; 93.846;257.792
2025-03-05 19:05:00;213.547;169.618; 86.948; 95.510;257.462
2025-03-05 19:10:00;214.310;167.215; 85.986; 95.419;258.662
2025-03-05 19:15:00;212.347;170.010; 86.514; 94.667;256.556
2025-03-05 19:20:00;215.784;169.466; 86.346; 95.774;256.756
2025-03-05 19:25:00;216.427;167.312; 85.866; 96.858;256.378
2025-03-05 19:30:00;213.510;168.773; 85.880; 96.703;255.758
2025-03-05 19:35:00;215.330;169.932; 86.156; 96.214;257.918
2025-03-05 19:40:00;215.950;168.088; 85.682; 94.601;256.626
2025-03-05 19:45:00;213.360;168.950; 86.492; 94.847;257.698
2025-03-05 19:50:00;213.813;170.265; 86.652; 96.364;258.268
2025-03-05 19:55:00;214.697;168.729; 86.528; 95.201;256.054
2025-03-05 20:00:00;214.773;169.136; 85.828; 97.043;255.092
2025-03-05 20:05:00;213.860;170.133; 85.994; 95.067;257.614
2025-03-05 20:10:00;214.067;169.855; 87.528; 95.048;257.774
2025-03-05 20:15:00;215.650;169.891; 87.078; 95.943;257.266
2025-03-05 20:20:00;212.220;170.248; 87.400; 96.744;255.770
2025-03-05 20:25:00;216.083;170.880; 86.456; 94.908;256.446
2025-03-05 20:30:00;214.553;169.697; 86.504; 95.831;256.474
2025-03-05 20:35:00;210.530;170.046; 85.120; 95.702;258.024
2025-03-05 20:40:00;215.103;170.824; 85.092; 95.669;258.322
2025-03-05 20:45:00;215.153;168.869; 87.742; 95.523;256.104
2025-03-05 20:50:00;215.680;169.723; 86.054; 95.657;258.668
2025-03-05 20:55:00;213.487;171.832; 86.192; 94.422;257.684
2025-03-05 21:00:00;213.687;169.397; 86.114; 95.972;260.210
2025-03-05 21:05:00;215.063;168.438; 85.566; 96.621;258.964
2025-03-05 21:10:00;213.707;170.639; 84.938; 97.956;259.274
2025-03-05 21:15:00;212.817;168.382; 86.618; 95.143;258.698
2025-03-05 21:20:00;214.443;170.401; 85.436; 96.441;255.726
2025-03-05 21:25:00;215.620;170.034; 85.702; 96.316;257.180
2025-03-05 21:30:00;216.087;170.750; 86.324; 95.073;257.276
2025-03-05 21:35:00;216.017;170.884; 85.670; 95.345;256.666
2025-03-05 21:40:00;215.110;168.894; 84.868; 96.093;258.014
2025-03-05 21:45:00;214.920;169.409; 87.360; 94.520;254.512
2025-03-05 21:50:00;214.697;171.104; 86.098; 95.174;257.148
2025-03-05 21:55:00;214.250;169.308; 86.776; 96.203;255.360
2025-03-05 22:00:00;212.883;171.761; 86.186; 95.711;257.256
2025-03-05 22:05:00;214.550;170.536; 86.152; 95.587;256.928
2025-03-05 22:10:00;216.807;170.750; 85.728; 96.583;255.970
2025-03-05 22:15:00;214.830;170.847; 86.202; 96.048;259.568
2025-03-05 22:20:00;213.580;169.392; 85.094; 95.928;259.284
2025-03-05 22:25:00;214.150;170.515; 84.816; 95.063;258.352
2025-03-05 22:30:00;214.960;168.795; 85.864; 94.092;261.030
2025-03-05 22:35:00;214.033;171.457; 85.790; 96.179;256.986
2025-03-05 22:40:00;213.453;170.869; 84.840; 97.159;255.448
2025-03-05 22:45:00;214.663;169.962; 88.106; 95.235;257.496
2025-03-05 22:50:00;216.353;170.829; 86.842; 96.681;257.702
2025-03-05 22:55:00;215.753;169.867; 87.010; 97.165;254.934
2025-03-05 23:00:00;214.953;169.271; 86.728; 96.777;257.394
2025-03-05 23:05:00;214.603;171.156; 85.824; 95.894;256.778
2025-03-05 23:10:00;214.003;169.537; 85.314; 96.728;256.032
2025-03-05 23:15:00;214.060;170.106; 85.000; 95.129;256.822
2025-03-05 23:20:00;213.500;170.391; 86.088; 96.631;256.646
2025-03-05 23:25:00;214.957;168.349; 86.140; 96.723;255.092
2025-03-05 23:30:00;215.393;171.284; 85.978; 97.297;257.810
2025-03-05 23:35:00;212.983;169.379; 87.182; 96.502;257.096
2025-03-05 23:40:00;218.210;170.801; 85.430; 97.249;258.428
2025-03-05 23:45:00;216.293;172.690; 86.446; 95.634;259.724
2025-03-05 23:50:00;215.833;171.316; 85.492; 95.837;254.530
2025-03-05 23:55:00;213.730;171.057; 85.642; 95.600;257.366
2025-03-06 00:00:00;214.203;170.476; 85.760; 97.605;258.406
2025-03-06 00:05:00;214.217;170.706; 85.294; 96.893;258.104
2025-03-06 00:10:00;216.143;168.519; 85.802; 96.445;255.760
2025-03-06 00:15:00;216.793;169.265; 85.116; 95.627;259.472
2025-03-06 00:20:00;214.310;170.731; 87.196; 96.981;256.998
2025-03-06 00:25:00;215.287;168.665; 85.834; 95.548;259.748
2025-03-06 00:30:00;214.510;169.361; 85.736; 97.118;256.456
2025-03-06 00:35:00;214.343;169.237; 85.902; 96.645;257.454
2025-03-06 00:40:00;215.693;172.812; 86.316; 96.878;258.882
2025-03-06 00:45:00;215.527;170.155; 86.856; 95.507;257.632
2025-03-06 00:50:00;216.224;167.433; 84.414; 95.306;257.842
2025-03-06 00:55:00;216.233;169.338; 85.806; 95.489;256.672
2025-03-06 01:00:00;214.860;169.196; 85.972; 95.944;258.648
2025-03-06 01:05:00;214.497;169.305; 85.002; 94.844;257.296
2025-03-06 01:10:00;218.120;168.700; 85.742; 95.555;255.748
2025-03-06 01:15:00;215.010;170.652; 85.578; 96.933;257.354
2025-03-06 01:20:00;216.553;171.335; 85.964; 97.234;258.166
2025-03-06 01:25:00;214.930;170.986; 84.952; 96.248;256.896
2025-03-06 01:30:00;214.280;170.710; 86.446; 95.350;258.428
2025-03-06 01:35:00;214.183;169.573; 86.756; 97.130;256.888
2025-03-06 01:40:00;216.357;166.988; 85.944; 95.999;257.668
2025-03-06 01:45:00;215.583;168.926; 85.802; 94.838;258.538
2025-03-06 01:50:00;215.950;169.494; 85.698; 95.522;256.186
2025-03-06 01:55:00;212.767;168.477; 85.576; 96.066;256.926
2025-03-06 02:00:00;216.167;170.426; 85.360; 95.782;258.196
2025-03-06 02:05:00;216.447;170.074; 86.464; 96.222;259.274
2025-03-06 02:10:00;212.827;169.277; 85.976; 96.809;257.106
2025-03-06 02:15:00;216.883;170.238; 85.820; 95.650;259.092
2025-03-06 02:20:00;216.610;170.399; 86.276; 96.233;256.922
2025-03-06 02:25:00;215.513;169.285; 86.500; 95.363;257.652
2025-03-06 02:30:00;214.540;171.334; 86.414; 96.284;256.342
2025-03-06 02:35:00;216.927;171.730; 87.268; 95.262;256.798
2025-03-06 02:40:00;214.330;168.492; 86.502; 94.660;257.414
2025-03-06 02:45:00;214.630;171.597; 85.566; 96.642;256.232
2025-03-06 02:50:00;213.260;170.393; 85.956; 95.604;257.888
2025-03-06 02:55:00;214.033;171.331; 86.130; 96.214;256.902
2025-03-06 03:00:00;215.063;170.788; 86.506; 95.516;259.256
2025-03-06 03:05:00;215.283;173.035; 87.608; 96.222;255.820
2025-03-06 03:10:00;215.613;170.049; 87.388; 96.913;257.368
2025-03-06 03:15:00;214.640;171.084; 87.304; 95.653;258.728
2025-03-06 03:20:00;216.400;171.034; 86.048; 97.658;257.196
2025-03-06 03:25:00;216.717;169.758; 85.366; 95.553;257.612
2025-03-06 03:30:00;214.180;171.427; 86.412; 95.987;257.220
2025-03-06 03:35:00;216.673;170.175; 86.060; 97.391;260.520
2025-03-06 03:40:00;215.337;174.483; 86.474; 95.300;256.574
2025-03-06 03:45:00;214.583;169.586; 87.420; 97.786;257.528
2025-03-06 03:50:00;216.120;171.490; 86.426; 96.014;259.010
2025-03-06 03:55:00;214.983;168.913; 86.196; 97.029;258.080
2025-03-06 04:00:00;214.023;171.261; 85.696; 95.172;258.218
2025-03-06 04:05:00;213.970;173.538; 86.296; 96.624;258.808
2025-03-06 04:10:00;216.647;168.006; 87.184; 95.382;260.664
2025-03-06 04:15:00;213.750;169.427; 86.104; 97.120;258.950
2025-03-06 04:20:00;215.077;172.783; 86.936; 94.966;258.608
2025-03-06 04:25:00;217.293;169.715; 85.708; 96.207;260.454
2025-03-06 04:30:00;214.653;171.699; 86.014; 95.593;259.190
2025-03-06 04:35:00;214.993;170.826; 86.604; 96.087;257.088
2025-03-06 04:40:00;214.497;168.739; 87.736; 98.032;257.928
2025-03-06 04:45:00;217.297;170.246; 85.822; 96.097;258.848
2025-03-06 04:50:00;213.783;170.099; 86.486; 96.221;261.184
2025-03-06 04:55:00;214.547;171.867; 86.426; 95.630;257.516
2025-03-06 05:00:00;216.787;168.809; 87.360; 96.529;256.750
2025-03-06 05:05:00;213.913;171.293; 88.186; 95.632;255.950
2025-03-06 05:10:00;215.910;170.981; 87.426; 95.372;255.688
2025-03-06 05:15:00;215.203;170.773; 86.500; 95.753;258.748
2025-03-06 05:20:00;216.807;170.863; 86.998; 96.722;259.562
2025-03-06 05:25:00;212.743;170.151; 86.764; 96.371;259.016
2025-03-06 05:30:00;214.096;168.992; 87.016; 95.693;256.460
2025-03-06 05:35:00;214.220;170.039; 86.828; 95.196;257.490
2025-03-06 05:40:00;217.553;170.095; 86.112; 96.621;258.590
2025-03-06 05:45:00;213.920;171.859; 86.544; 95.232;257.926
2025-03-06 05:50:00;214.003;170.800; 87.828; 95.463;257.510
2025-03-06 05:55:00;215.333;169.673; 87.670; 95.514;259.856
2025-03-06 06:00:00;214.187;168.695; 87.480; 97.298;259.788
2025-03-06 06:05:00;215.680;169.609; 88.280; 95.633;256.600
2025-03-06 06:10:00;217.103;170.275; 87.048; 94.650;257.604
2025-03-06 06:15:00;215.407;170.440; 86.134; 96.583;258.198
2025-03-06 06:20:00;216.300;169.199; 87.290; 96.333;259.238
2025-03-06 06:25:00;217.903;171.220; 86.310; 96.098;259.762
2025-03-06 06:30:00;215.143;170.450; 85.988; 95.839;259.346
2025-03-06 06:35:00;214.193;169.343; 85.604; 95.848;256.604
2025-03-06 06:40:00;216.040;169.774; 86.046; 95.920;258.892
2025-03-06 06:45:00;217.733;168.942; 87.480; 95.402;260.208
2025-03-06 06:50:00;214.107;169.905; 86.756; 95.508;256.992
2025-03-06 06:55:00;212.767;169.377; 85.686; 96.844;257.642
2025-03-06 07:00:00;213.427;169.180; 87.410; 96.121;258.690
2025-03-06 07:05:00;217.193;172.207; 85.900; 95.710;256.316
2025-03-06 07:10:00;214.593;170.944; 84.782; 96.341;259.176
2025-03-06 07:15:00;217.493;170.383; 85.600; 96.420;259.624
2025-03-06 07:20:00;213.287;168.658; 86.342; 94.489;257.722
2025-03-06 07:25:00;215.667;169.129; 85.686; 95.938;255.862
2025-03-06 07:30:00;216.317;170.964; 86.302; 95.368;256.590
2025-03-06 07:35:00;213.927;168.146; 86.412; 95.558;257.558
2025-03-06 07:40:00;216.243;172.819; 86.306; 95.128;257.148
2025-03-06 07:45:00;215.537;171.789; 86.698; 97.184;257.716
2025-03-06 07:50:00;214.327;170.268; 86.918; 96.062;257.888
2025-03-06 07:55:00;216.950;171.101; 86.380; 95.655;256.864
2025-03-06 08:00:00;217.264;172.241; 87.252; 96.396;259.990
2025-03-06 08:05:00;218.310;170.451; 87.042; 95.011;257.448
2025-03-06 08:10:00;217.820;168.278; 87.250; 95.999;256.626
2025-03-06 08:15:00;215.583;170.231; 87.752; 94.959;257.458
2025-03-06 08:20:00;214.567;169.940; 88.736; 95.632;256.718
2025-03-06 08:25:00;214.660;169.116; 87.154; 96.862;258.668
2025-03-06 08:30:00;212.653;173.074; 87.040; 96.842;256.892
2025-03-06 08:35:00;213.920;169.137; 85.942; 96.009;255.688
2025-03-06 08:40:00;217.523;170.648; 87.168; 96.487;259.764
2025-03-06 08:45:00;215.750;168.643; 86.128; 96.273;258.010
2025-03-06 08:50:00;214.993;169.778; 85.686; 97.779;257.718
2025-03-06 08:55:00;216.913;170.585; 86.232; 96.837;258.638
2025-03-06 09:00:00;212.600;170.687; 87.406; 94.484;257.064
2025-03-06 09:05:00;216.483;170.605; 86.402; 96.912;256.178
2025-03-06 09:10:00;213.400;170.162; 86.344; 95.877;256.676
2025-03-06 09:15:00;215.017;169.783; 85.902; 97.103;257.206
2025-03-06 09:20:00;215.483;172.391; 86.486; 96.537;258.636
2025-03-06 09:25:00;214.390;171.279; 87.104; 96.723;255.158
2025-03-06 09:30:00;212.753;171.484; 86.686; 96.250;259.262
2025-03-06 09:35:00;214.520;171.052; 85.892; 96.829;256.968
2025-03-06 09:40:00;213.760;172.081; 86.612; 97.214;255.804
2025-03-06 09:45:00;214.457;170.995; 86.934; 97.389;258.088
2025-03-06 09:50:00;214.137;169.213; 85.968; 95.383;258.020
2025-03-06 09:55:00;217.400;169.381; 87.452; 96.745;258.060
2025-03-06 10:00:00;214.063;171.056; 87.562; 97.524;257.154
2025-03-06 10:05:00;216.240;170.323; 87.032; 96.938;259.622
2025-03-06 10:10:00;217.443;168.919; 86.008; 95.101;256.478
2025-03-06 10:15:00;218.387;169.102; 86.820; 96.172;257.656
2025-03-06 10:20:00;215.537;171.461; 85.080; 95.378;258.140
2025-03-06 10:25:00;216.273;170.604; 86.872; 96.154;260.036
2025-03-06 10:30:00;214.660;171.092; 86.300; 95.364;258.398
2025-03-06 10:35:00;215.687;169.972; 87.322; 94.897;258.784
2025-03-06 10:40:00;214.813;169.531; 86.336; 96.179;259.614
2025-03-06 10:45:00;215.840;171.629; 87.032; 94.577;261.830
2025-03-06 10:50:00;214.800;168.236; 85.880; 95.694;259.598
2025-03-06 10:55:00;216.720;170.714; 87.030; 96.789;258.288
2025-03-06 11:00:00;214.490;170.479; 85.726; 94.542;258.110
2025-03-06 11:05:00;218.003;170.682; 86.260; 95.382;259.022
2025-03-06 11:10:00;214.163;171.914; 85.698; 97.792;257.918
2025-03-06 11:15:00;215.073;170.819; 86.500; 95.588;257.730
2025-03-06 11:20:00;213.417;169.870; 86.760; 95.618;257.632
2025-03-06 11:25:00;214.963;171.710; 85.928; 96.797;258.916
2025-03-06 11:30:00;212.553;169.448; 87.240; 96.935;259.234
2025-03-06 11:35:00;215.150;167.828; 86.346; 95.746;258.046
2025-03-06 11:40:00;214.517;171.414; 87.134; 97.252;258.408
2025-03-06 11:45:00;216.984;170.553; 86.900; 97.218;256.838
2025-03-06 11:50:00;215.190;170.769; 86.066; 95.931;260.444
2025-03-06 11:55:00;217.747;170.872; 85.718; 95.611;258.582
2025-03-06 12:00:00;214.263;169.421; 85.416; 95.720;260.146
2025-03-06 12:05:00;217.273;170.954; 86.296; 96.173;258.958
2025-03-06 12:10:00;215.520;170.820; 87.464; 97.732;258.156
2025-03-06 12:15:00;213.757;173.354; 87.570; 96.910;259.856
2025-03-06 12:20:00;212.717;170.961; 86.314; 96.101;258.710
2025-03-06 12:25:00;212.993;170.039; 86.146; 96.538;256.188
2025-03-06 12:30:00;214.757;169.425; 86.622; 95.847;258.254
2025-03-06 12:35:00;214.577;171.451; 86.074; 94.852;258.688
2025-03-06 12:40:00;216.557;171.517; 86.002; 95.690;257.756
2025-03-06 12:45:00;211.747;171.026; 87.952; 95.300;258.396
2025-03-06 12:50:00;215.697;168.600; 86.618; 95.461;260.690
2025-03-06 12:55:00;216.184;169.211; 86.816; 95.821;257.876
2025-03-06 13:00:00;215.017;171.247; 84.488; 95.639;258.334
2025-03-06 13:05:00;216.250;169.644; 87.320; 95.443;259.100
2025-03-06 13:10:00;216.037;169.904; 87.388; 95.914;258.222
2025-03-06 13:15:00;216.580;170.934; 87.800; 95.939;258.606
2025-03-06 13:20:00;214.897;168.847; 85.812; 95.735;258.968
2025-03-06 13:25:00;216.497;169.396; 87.008; 96.674;258.028
2025-03-06 13:30:00;216.333;169.423; 85.156; 95.325;259.258
2025-03-06 13:35:00;216.693;169.607; 86.054; 96.218;257.308
2025-03-06 13:40:00;215.723;168.482; 86.656; 95.921;260.464
2025-03-06 13:45:00;214.327;170.370; 87.330; 95.097;260.040
2025-03-06 13:50:00;215.163;169.690; 87.586; 97.153;258.188
2025-03-06 13:55:00;215.423;171.790; 87.886; 97.384;260.170
2025-03-06 14:00:00;215.500;171.133; 86.168; 96.003;257.538
2025-03-06 14:05:00;214.193;171.445; 87.594; 97.316;258.018
2025-03-06 14:10:00;214.967;169.353; 86.796; 96.249;257.328
2025-03-06 14:15:00;216.480;170.510; 87.576; 95.480;257.410
2025-03-06 14:20:00;214.417;173.868; 86.620; 95.888;257.674
2025-03-06 14:25:00;214.187;171.701; 86.924; 95.573;259.236
2025-03-06 14:30:00;214.653;172.018; 86.772; 98.354;256.604
2025-03-06 14:35:00;216.560;172.430; 87.776; 96.799;258.290
2025-03-06 14:40:00;217.097;172.634; 86.218; 96.485;256.788
2025-03-06 14:45:00;215.780;171.444; 87.442; 95.608;261.364
2025-03-06 14:50:00;216.487;171.516; 87.488; 96.861;259.740
2025-03-06 14:55:00;216.600;170.829; 87.448; 96.683;257.388
2025-03-06 15:00:00;213.770;170.443; 87.500; 96.070;257.000
2025-03-06 15:05:00;215.300;170.526; 88.922; 96.127;257.490
2025-03-06 15:10:00;215.703;172.214; 87.870; 96.224;259.096
2025-03-06 15:15:00;216.840;171.685; 87.334; 95.910;256.472
2025-03-06 15:20:00;215.084;169.792; 87.944; 96.437;257.468
2025-03-06 15:25:00;214.653;171.009; 86.582; 97.020;256.712
2025-03-06 15:30:00;215.777;169.798; 87.186; 96.168;258.762
2025-03-06 15:35:00;214.107;171.939; 87.322; 96.050;260.546
2025-03-06 15:40:00;215.263;170.742; 86.590; 97.183;259.220
2025-03-06 15:45:00;216.947;171.950; 87.118; 96.252;259.318
2025-03-06 15:50:00;216.740;169.764; 86.722; 96.405;257.482
2025-03-06 15:55:00;215.290;169.531; 87.058; 97.159;258.152
2025-03-06 16:00:00;215.177;171.689; 86.814; 96.410;259.486
2025-03-06 16:05:00;213.953;168.288; 88.240; 96.614;258.562
2025-03-06 16:10:00;214.567;172.385; 87.744; 95.684;260.244
2025-03-06 16:15:00;214.527;170.412; 86.748; 96.441;258.570
2025-03-06 16:20:00;214.343;170.179; 87.498; 95.570;258.428
2025-03-06 16:25:00;215.380;169.814; 85.946; 94.185;259.050
2025-03-06 16:30:00;216.473;170.852; 85.482; 97.605;258.484
2025-03-06 16:35:00;214.317;169.894; 87.918; 96.179;261.204
2025-03-06 16:40:00;215.277;171.334; 86.424; 96.762;258.530
2025-03-06 16:45:00;214.790;169.849; 88.498; 95.481;260.394
2025-03-06 16:50:00;216.377;170.247; 86.746; 97.421;258.454
2025-03-06 16:55:00;215.633;169.499; 86.800; 95.473;260.834
2025-03-06 17:00:00;215.830;169.793; 86.448; 95.912;259.976
2025-03-06 17:05:00;215.637;168.809; 87.496; 96.984;261.592
2025-03-06 17:10:00;215.577;170.615; 87.272; 95.622;257.460
2025-03-06 17:15:00;214.943;170.193; 86.596; 96.394;261.430
2025-03-06 17:20:00;216.400;169.600; 86.512; 97.111;262.054
2025-03-06 17:25:00;216.850;170.217; 87.648; 95.674;261.554
2025-03-06 17:30:00;216.493;170.236; 85.796; 95.102;260.546
2025-03-06 17:35:00;215.463;170.234; 86.880; 96.169;261.394
2025-03-06 17:40:00;213.647;168.850; 87.312; 95.318;259.152
2025-03-06 17:45:00;214.297;170.823; 87.062; 95.460;257.676
2025-03-06 17:50:00;214.933;170.954; 87.860; 95.764;261.074
2025-03-06 17:55:00;213.870;170.685; 87.954; 96.625;257.702
2025-03-06 18:00:00;218.756;170.236; 87.506; 95.560;260.484
2025-03-06 18:05:00;214.460;172.563; 86.072; 95.735;261.188
2025-03-06 18:10:00;213.923;169.919; 86.532; 95.231;260.322
2025-03-06 18:15:00;216.217;170.010; 86.934; 95.772;260.816
2025-03-06 18:20:00;214.337;169.770; 86.036; 97.603;258.478
2025-03-06 18:25:00;214.767;171.493; 86.378; 96.529;258.430
2025-03-06 18:30:00;216.046;169.060; 86.402; 95.583;259.708
2025-03-06 18:35:00;213.087;172.609; 87.148; 94.938;260.298
2025-03-06 18:40:00;215.227;171.717; 85.476; 97.281;258.118
2025-03-06 18:45:00;219.177;172.466; 86.274; 95.920;256.326
2025-03-06 18:50:00;214.167;170.267; 87.296; 96.488;260.388
2025-03-06 18:55:00;214.603;170.393; 88.144; 96.074;259.332
2025-03-06 19:00:00;213.473;172.254; 85.368; 95.912;262.366
2025-03-06 19:05:00;216.760;168.402; 87.404; 94.171;259.108
2025-03-06 19:10:00;215.737;172.038; 86.410; 96.712;260.864
2025-03-06 19:15:00;216.380;171.138; 88.102; 95.525;261.158
2025-03-06 19:20:00;217.490;169.198; 87.398; 96.124;259.946
2025-03-06 19:25:00;217.570;170.346; 86.520; 96.585;257.750
2025-03-06 19:30:00;215.907;170.387; 85.488; 96.268;259.816
2025-03-06 19:35:00;214.270;170.436; 85.512; 95.828;258.696
2025-03-06 19:40:00;216.143;171.787; 88.150; 95.814;261.266
2025-03-06 19:45:00;214.170;167.679; 86.486; 96.831;260.596
2025-03-06 19:50:00;212.593;170.423; 86.314; 97.752;260.190
2025-03-06 19:55:00;216.700;168.098; 86.772; 97.135;257.352
2025-03-06 20:00:00;216.920;169.796; 86.764; 96.800;258.864
2025-03-06 20:05:00;216.043;171.204; 87.364; 94.370;258.998
2025-03-06 20:10:00;215.580;169.375; 87.632; 96.604;260.426
2025-03-06 20:15:00;216.264;170.982; 86.850; 96.310;259.274
2025-03-06 20:20:00;213.917;169.701; 86.084; 96.274;261.278
2025-03-06 20:25:00;215.823;170.475; 87.542; 96.868;258.518
2025-03-06 20:30:00;215.883;169.923; 87.382; 95.669;260.498
2025-03-06 20:35:00;215.753;171.547; 86.612; 96.941;259.150
2025-03-06 20:40:00;215.317;170.097; 86.694; 98.043;260.932
2025-03-06 20:45:00;215.737;172.621; 86.678; 95.937;261.070
2025-03-06 20:50:00;215.233;169.498; 86.130; 96.440;257.164
2025-03-06 20:55:00;216.747;170.921; 87.304; 94.380;260.196
2025-03-06 21:00:00;214.507;168.132; 87.424; 97.151;260.714
2025-03-06 21:05:00;213.340;167.714; 86.028; 95.767;259.882
2025-03-06 21:10:00;215.217;170.159; 87.352; 96.261;256.026
2025-03-06 21:15:00;215.933;169.882; 86.630; 97.018;262.178
2025-03-06 21:20:00;214.183;168.397; 89.110; 96.228;258.122
2025-03-06 21:25:00;214.487;169.549; 87.392; 96.484;259.306
2025-03-06 21:30:00;214.727;170.868; 86.740; 96.484;260.538
2025-03-06 21:35:00;215.777;170.537; 87.240; 96.744;257.782
2025-03-06 21:40:00;216.127;169.375; 87.064; 96.183;258.324
2025-03-06 21:45:00;215.313;169.505; 88.364; 96.949;258.254
2025-03-06 21:50:00;217.980;168.895; 86.632; 96.450;259.356
2025-03-06 21:55:00;212.543;170.984; 86.434; 95.862;258.394
2025-03-06 22:00:00;215.023;171.796; 87.610; 96.597;259.186
2025-03-06 22:05:00;213.610;168.916; 87.304; 96.073;257.470
2025-03-06 22:10:00;211.767;170.298; 85.322; 96.348;260.732
2025-03-06 22:15:00;216.077;169.158; 86.786; 96.121;260.716
2025-03-06 22:20:00;216.440;168.564; 87.402; 96.874;257.834
2025-03-06 22:25:00;214.117;170.582; 87.224; 96.393;261.258
2025-03-06 22:30:00;216.347;169.794; 86.398; 95.637;260.062
2025-03-06 22:35:00;212.737;168.040; 87.038; 98.024;259.724
2025-03-06 22:40:00;213.617;168.901; 86.048; 95.459;259.100
2025-03-06 22:45:00;215.740;167.519; 88.004; 95.329;258.566
2025-03-06 22:50:00;214.360;167.612; 87.094; 95.905;259.796
2025-03-06 22:55:00;217.220;170.696; 87.726; 96.193;258.094
2025-03-06 23:00:00;212.503;169.263; 87.486; 94.804;256.572
2025-03-06 23:05:00;215.387;169.308; 88.228; 95.350;259.784
2025-03-06 23:10:00;215.063;168.395; 87.800; 94.253;259.102
2025-03-06 23:15:00;216.027;170.029; 88.004; 97.398;260.484
2025-03-06 23:20:00;216.587;168.299; 88.526; 95.869;258.630
2025-03-06 23:25:00;213.433;169.387; 87.570; 94.650;259.222
2025-03-06 23:30:00;213.817;168.653; 87.666; 96.590;259.104
2025-03-06 23:35:00;214.680;169.370; 86.062; 94.800;259.614
2025-03-06 23:40:00;215.410;169.834; 88.382; 93.175;259.246
2025-03-06 23:45:00;216.430;169.301; 87.192; 96.510;258.426
2025-03-06 23:50:00;212.663;170.584; 85.816; 95.114;258.880
2025-03-06 23:55:00;215.297;168.649; 87.018; 95.565;257.890
2025-03-07 00:00:00;214.710;170.228; 87.150; 94.129;259.464
2025-03-07 00:05:00;214.897;170.094; 86.946; 95.073;257.678
2025-03-07 00:10:00;215.627;168.270; 86.170; 95.720;259.464
2025-03-07 00:15:00;213.640;168.584; 86.504; 94.725;257.438
2025-03-07 00:20:00;214.790;169.769; 86.658; 93.556;254.794
2025-03-07 00:25:00;213.547;170.023; 86.110; 95.263;259.674
2025-03-07 00:30:00;213.370;168.316; 86.520; 95.230;259.864
2025-03-07 00:35:00;214.927;169.309; 86.606; 95.228;258.562
2025-03-07 00:40:00;214.463;168.312; 87.512; 94.506;257.786
2025-03-07 00:45:00;215.367;169.994; 86.828; 96.014;257.272
2025-03-07 00:50:00;213.277;166.754; 87.362; 95.421;261.182
2025-03-07 00:55:00;215.907;170.628; 87.872; 96.564;258.154
2025-03-07 01:00:00;213.793;168.596; 86.858; 95.900;259.864
2025-03-07 01:05:00;216.073;168.751; 86.012; 95.218;260.910
2025-03-07 01:10:00;214.163;168.274; 86.112; 94.919;258.478
2025-03-07 01:15:00;214.487;171.233; 87.098; 95.266;260.798
2025-03-07 01:20:00;214.383;168.232; 88.964; 95.224;259.394
2025-03-07 01:25:00;213.963;168.347; 88.134; 95.387;257.686
2025-03-07 01:30:00;213.837;167.871; 87.430; 95.123;257.940
2025-03-07 01:35:00;217.063;168.832; 86.640; 95.971;259.014
2025-03-07 01:40:00;215.033;169.451; 86.368; 94.968;257.246
2025-03-07 01:45:00;216.520;167.734; 86.326; 93.238;258.924
2025-03-07 01:50:00;215.047;171.491; 87.480; 95.351;260.028
2025-03-07 01:55:00;211.943;169.469; 87.604; 94.880;258.950
2025-03-07 02:00:00;216.163;169.632; 86.930; 95.936;258.174
2025-03-07 02:05:00;217.367;168.877; 86.720; 96.391;258.092
2025-03-07 02:10:00;212.623;168.020; 88.064; 94.650;260.742
2025-03-07 02:15:00;215.430;169.811; 86.432; 94.695;260.204
2025-03-07 02:20:00;215.447;169.975; 87.462; 95.482;258.568
2025-03-07 02:25:00;216.973;168.965; 86.220; 97.176;257.464
2025-03-07 02:30:00;215.847;169.793; 87.168; 95.950;258.020
2025-03-07 02:35:00;213.043;169.045; 85.416; 95.585;259.546
2025-03-07 02:40:00;214.827;167.833; 87.090; 95.036;259.026
2025-03-07 02:45:00;215.733;169.731; 84.498; 96.947;257.192
2025-03-07 02:50:00;214.033;169.826; 86.282; 96.280;258.446
2025-03-07 02:55:00;214.653;168.917; 85.074; 94.693;257.262
2025-03-07 03:00:00;216.343;168.556; 87.836; 93.970;256.924
2025-03-07 03:05:00;213.117;171.194; 86.924; 96.623;255.832
2025-03-07 03:10:00;214.357;167.906; 86.408; 96.253;258.084
2025-03-07 03:15:00;214.513;170.530; 86.384; 96.547;257.082
2025-03-07 03:20:00;213.140;170.771; 86.124; 94.570;258.828
2025-03-07 03:25:00;212.670;168.646; 85.472; 94.333;260.196
2025-03-07 03:30:00;217.693;170.681; 86.656; 96.737;258.108
2025-03-07 03:35:00;214.353;168.332; 87.548; 95.510;258.012
2025-03-07 03:40:00;215.263;169.539; 87.944; 94.801;256.010
2025-03-07 03:45:00;215.173;168.292; 85.508; 95.104;258.458
2025-03-07 03:50:00;215.453;168.872; 85.488; 95.483;258.156
2025-03-07 03:55:00;213.097;168.765; 86.344; 95.882;258.212
2025-03-07 04:00:00;214.247;168.831; 86.688; 93.607;256.890
2025-03-07 04:05:00;214.113;169.031; 87.866; 95.618;256.524
2025-03-07 04:10:00;214.890;171.127; 88.166; 96.095;258.094
2025-03-07 04:15:00;215.073;171.699; 85.292; 96.710;257.152
2025-03-07 04:20:00;214.933;169.425; 86.214; 96.827;258.186
2025-03-07 04:25:00;216.814;168.244; 86.604; 95.002;255.686
2025-03-07 04:30:00;215.247;169.600; 86.162; 95.211;256.884
2025-03-07 04:35:00;214.420;170.106; 86.416; 94.475;260.566
2025-03-07 04:40:00;214.173;167.577; 86.152; 96.513;256.740
2025-03-07 04:45:00;216.410;170.445; 86.016; 97.041;258.154
2025-03-07 04:50:00;213.480;171.550; 86.934; 95.648;256.852
2025-03-07 04:55:00;213.630;168.790; 85.976; 96.993;259.910
2025-03-07 05:00:00;213.757;170.057; 87.294; 95.307;258.206
2025-03-07 05:05:00;213.010;169.095; 86.496; 94.393;257.938
2025-03-07 05:10:00;217.976;170.706; 86.334; 95.205;258.996
2025-03-07 05:15:00;216.873;169.928; 87.006; 96.450;259.108
2025-03-07 05:20:00;217.957;169.498; 87.768; 96.941;258.922
2025-03-07 05:25:00;215.513;171.532; 86.908; 96.489;256.956
2025-03-07 05:30:00;214.473;171.468; 85.354; 94.464;255.922
2025-03-07 05:35:00;215.100;169.594; 86.058; 96.341;259.452
2025-03-07 05:40:00;216.303;168.966; 86.900; 94.944;258.192
2025-03-07 05:45:00;214.287;169.835; 85.012; 94.985;260.716
2025-03-07 05:50:00;216.057;170.111; 86.150; 95.151;256.538
2025-03-07 05:55:00;215.847;168.436; 85.484; 96.815;256.562
2025-03-07 06:00:00;215.827;170.747; 86.354; 96.162;257.238
2025-03-07 06:05:00;216.323;169.206; 85.726; 95.365;256.268
2025-03-07 06:10:00;217.020;169.882; 86.032; 96.593;258.218
2025-03-07 06:15:00;215.433;170.402; 87.746; 94.973;259.642
2025-03-07 06:20:00;214.107;169.203; 86.948; 96.101;258.828
2025-03-07 06:25:00;214.110;169.755; 86.920; 95.328;259.166
2025-03-07 06:30:00;215.177;168.044; 86.634; 96.906;257.198
2025-03-07 06:35:00;214.440;171.957; 86.348; 95.391;257.066
2025-03-07 06:40:00;215.303;169.897; 86.724; 95.337;256.962
2025-03-07 06:45:00;213.173;168.705; 85.646; 95.292;257.390
2025-03-07 06:50:00;214.133;169.802; 86.554; 95.226;259.648
2025-03-07 06:55:00;215.927;170.224; 86.048; 96.505;257.956
2025-03-07 07:00:00;211.500;167.921; 86.170; 95.786;258.802
2025-03-07 07:05:00;214.083;168.171; 86.422; 94.994;258.542
2025-03-07 07:10:00;216.130;169.522; 85.138; 95.931;259.520
2025-03-07 07:15:00;213.343;169.145; 87.138; 95.332;256.368
2025-03-07 07:20:00;213.757;170.798; 85.750; 95.604;257.186
2025-03-07 07:25:00;212.593;171.703; 85.850; 98.371;257.972
2025-03-07 07:30:00;210.777;169.352; 83.996; 96.305;255.426
2025-03-07 07:35:00;214.817;170.933; 87.780; 94.987;258.796
2025-03-07 07:40:00;211.900;169.473; 86.984; 95.276;256.688
2025-03-07 07:45:00;213.647;171.589; 86.444; 94.921;257.288
2025-03-07 07:50:00;214.890;169.057; 84.790; 93.938;257.854
2025-03-07 07:55:00;214.657;172.008; 85.838; 96.403;258.912
2025-03-07 08:00:00;213.240;172.051; 85.936; 95.519;257.852
2025-03-07 08:05:00;214.393;169.074; 85.444; 95.612;256.302
2025-03-07 08:10:00;216.473;170.457; 86.410; 95.854;257.278
2025-03-07 08:15:00;213.487;168.551; 85.620; 94.857;256.714
2025-03-07 08:20:00;213.037;170.798; 85.886; 96.042;259.960
2025-03-07 08:25:00;213.147;169.678; 86.890; 97.482;256.680
2025-03-07 08:30:00;214.850;167.979; 87.014; 96.278;258.842
2025-03-07 08:35:00;215.674;169.321; 86.570; 95.067;257.994
2025-03-07 08:40:00;213.613;169.779; 86.708; 95.731;256.216
2025-03-07 08:45:00;215.487;170.381; 86.614; 96.288;257.770
2025-03-07 08:50:00;215.007;169.835; 85.410; 98.200;257.716
2025-03-07 08:55:00;215.720;168.878; 86.602; 95.490;253.518
2025-03-07 09:00:00;213.963;170.551; 85.972; 96.520;259.840
2025-03-07 09:05:00;214.657;169.516; 86.518; 96.194;257.216
2025-03-07 09:10:00;216.043;170.238; 87.016; 95.308;257.120
2025-03-07 09:15:00;214.020;171.049; 85.630; 95.558;257.598
2025-03-07 09:20:00;214.153;171.092; 86.306; 96.322;256.882
2025-03-07 09:25:00;214.670;169.104; 86.144; 96.347;257.400
2025-03-07 09:30:00;216.837;168.652; 85.550; 96.539;257.980
2025-03-07 09:35:00;213.093;171.496; 87.442; 93.592;259.104
2025-03-07 09:40:00;216.104;170.468; 86.702; 96.345;257.866
2025-03-07 09:45:00;215.710;170.087; 86.814; 95.484;259.342
2025-03-07 09:50:00;213.267;170.192; 86.870; 96.029;258.326
2025-03-07 09:55:00;214.800;171.216; 86.464; 97.455;258.078
2025-03-07 10:00:00;215.614;170.389; 86.758; 95.901;257.820
2025-03-07 10:05:00;214.703;169.737; 85.828; 96.662;258.856
2025-03-07 10:10:00;215.743;169.847; 85.186; 95.839;257.952
2025-03-07 10:15:00;215.323;168.507; 85.650; 95.976;257.982
2025-03-07 10:20:00;213.383;170.526; 85.886; 94.953;256.486
2025-03-07 10:25:00;215.017;171.008; 87.578; 95.658;257.514
2025-03-07 10:30:00;213.847;170.907; 86.502; 95.655;257.742
2025-03-07 10:35:00;215.197;172.379; 85.830; 96.005;259.350
2025-03-07 10:40:00;215.680;169.633; 86.406; 95.754;255.220
2025-03-07 10:45:00;215.710;169.517; 86.306; 95.841;255.830
2025-03-07 10:50:00;214.047;172.060; 86.740; 98.150;259.106
2025-03-07 10:55:00;215.313;168.792; 86.872; 96.561;257.228
2025-03-07 11:00:00;216.040;170.977; 85.760; 98.422;257.496
2025-03-07 11:05:00;212.977;169.433; 85.960; 95.401;258.556
2025-03-07 11:10:00;213.860;170.317; 86.266; 95.836;256.932
2025-03-07 11:15:00;213.093;170.665; 87.378; 95.871;256.944
2025-03-07 11:20:00;212.293;168.867; 87.106; 96.138;257.060
2025-03-07 11:25:00;212.843;172.337; 86.420; 95.663;258.600
2025-03-07 11:30:00;214.747;170.453; 86.714; 95.095;256.978
2025-03-07 11:35:00;215.600;168.873; 85.806; 95.718;257.656
2025-03-07 11:40:00;214.500;170.597; 85.724; 97.321;257.186
2025-03-07 11:45:00;213.703;171.451; 87.064; 98.126;257.362
2025-03-07 11:50:00;213.463;170.528; 88.374; 94.954;260.112
2025-03-07 11:55:00;215.414;168.967; 87.176; 95.860;259.180
2025-03-07 12:00:00;213.893;171.991; 86.078; 95.373;261.548
2025-03-07 12:05:00;215.143;169.952; 86.920; 96.965;259.818
2025-03-07 12:10:00;213.020;170.228; 86.718; 96.231;259.814
2025-03-07 12:15:00;215.387;170.431; 86.088; 96.668;257.824
2025-03-07 12:20:00;214.443;170.858; 86.528; 95.576;256.940
2025-03-07 12:25:00;214.333;170.261; 86.088; 95.026;257.284
2025-03-07 12:30:00;215.473;171.593; 86.862; 97.024;258.250
2025-03-07 12:35:00;214.537;169.908; 86.252; 96.861;259.772
2025-03-07 12:40:00;213.447;171.479; 87.094; 95.823;256.938
2025-03-07 12:45:00;213.033;168.233; 86.434; 95.554;257.626
2025-03-07 12:50:00;217.033;169.588; 85.242; 97.168;257.680
2025-03-07 12:55:00;214.170;169.234; 86.444; 94.960;256.964
2025-03-07 13:00:00;213.903;170.131; 85.912; 96.950;259.070
2025-03-07 13:05:00;212.183;171.421; 85.680; 96.937;255.980
2025-03-07 13:10:00;217.213;170.910; 86.596; 97.674;258.260
2025-03-07 13:15:00;216.120;170.615; 86.192; 96.275;260.472
2025-03-07 13:20:00;216.470;167.850; 87.446; 96.405;259.474
2025-03-07 13:25:00;212.860;169.330; 86.018; 94.879;258.170
2025-03-07 13:30:00;214.713;169.148; 86.208; 94.739;255.564
2025-03-07 13:35:00;215.320;170.763; 87.258; 95.867;257.772
2025-03-07 13:40:00;213.827;170.273; 87.350; 95.091;257.080
2025-03-07 13:45:00;215.353;172.052; 86.290; 95.850;259.484
2025-03-07 13:50:00;214.743;170.961; 86.880; 96.525;256.952
2025-03-07 13:55:00;214.617;169.720; 85.698; 95.331;257.342
2025-03-07 14:00:00;213.050;171.849; 86.706; 94.381;257.634
2025-03-07 14:05:00;213.470;172.520; 87.000; 95.777;257.798
2025-03-07 14:10:00;212.047;168.233; 87.398; 93.935;260.292
2025-03-07 14:15:00;211.453;168.653; 87.412; 95.066;258.332
2025-03-07 14:20:00;216.003;171.022; 85.434; 96.353;260.108
2025-03-07 14:25:00;214.463;170.579; 87.346; 96.819;255.858
2025-03-07 14:30:00;214.950;169.143; 87.006; 95.107;259.110
2025-03-07 14:35:00;213.923;170.002; 86.392; 96.281;259.938
2025-03-07 14:40:00;216.154;171.326; 88.118; 97.199;257.082
2025-03-07 14:45:00;213.877;169.469; 86.690; 94.656;258.280
2025-03-07 14:50:00;212.897;170.204; 85.828; 95.464;259.258
2025-03-07 14:55:00;212.950;170.434; 86.780; 94.965;258.224
2025-03-07 15:00:00;214.933;174.233; 87.320; 96.157;259.266
2025-03-07 15:05:00;214.143;169.566; 87.172; 96.030;257.638
2025-03-07 15:10:00;214.867;170.888; 86.116; 96.586;258.636
2025-03-07 15:15:00;212.843;171.963; 87.940; 96.037;257.470
2025-03-07 15:20:00;212.367;170.085; 85.432; 96.577;259.996
2025-03-07 15:25:00;215.800;168.762; 85.710; 96.313;257.456
2025-03-07 15:30:00;214.583;172.281; 86.684; 96.864;258.320
2025-03-07 15:35:00;214.213;171.287; 85.462; 94.105;259.534
2025-03-07 15:40:00;214.227;170.513; 85.636; 97.235;259.598
2025-03-07 15:45:00;217.060;170.920; 85.404; 97.016;256.636
2025-03-07 15:50:00;216.040;168.923; 86.198; 96.140;258.804
2025-03-07 15:55:00;214.920;170.445; 87.068; 95.979;259.802
2025-03-07 16:00:00;211.877;170.919; 86.334; 96.539;256.650
2025-03-07 16:05:00;214.380;170.883; 86.290; 97.042;256.732
2025-03-07 16:10:00;217.627;168.416; 86.102; 95.384;258.514
2025-03-07 16:15:00;216.147;169.382; 86.668; 95.292;256.612
2025-03-07 16:20:00;215.160;171.035; 86.544; 95.172;259.090
2025-03-07 16:25:00;215.087;171.392; 87.424; 95.158;259.066
2025-03-07 16:30:00;215.240;171.734; 86.710; 95.985;258.018
2025-03-07 16:35:00;215.607;171.154; 85.234; 95.924;257.748
2025-03-07 16:40:00;215.487;171.729; 86.760; 97.467;258.758
2025-03-07 16:45:00;216.420;169.898; 85.474; 96.523;259.170
2025-03-07 16:50:00;216.370;171.944; 86.074; 97.061;257.622
2025-03-07 16:55:00;216.830;169.859; 87.358; 96.036;258.610
2025-03-07 17:00:00;215.293;170.252; 86.412; 96.561;259.424
2025-03-07 17:05:00;215.293;171.556; 85.704; 96.950;256.326
2025-03-07 17:10:00;213.953;170.972; 86.420; 95.058;259.586
2025-03-07 17:15:00;213.683;169.474; 84.988; 96.175;259.330
2025-03-07 17:20:00;214.793;173.083; 86.568; 96.568;258.504
2025-03-07 17:25:00;218.294;173.133; 87.470; 95.770;258.274
2025-03-07 17:30:00;213.720;169.702; 86.228; 96.232;258.672
2025-03-07 17:35:00;218.207;172.673; 87.664; 94.638;260.642
2025-03-07 17:40:00;213.747;170.575; 85.850; 97.035;258.466
2025-03-07 17:45:00;217.794;171.043; 87.754; 94.250;257.180
2025-03-07 17:50:00;214.983;171.270; 85.580; 96.410;257.984
2025-03-07 17:55:00;215.297;170.276; 87.066; 95.383;257.900
2025-03-07 18:00:00;215.153;171.083; 86.800; 95.738;257.966
2025-03-07 18:05:00;214.517;170.593; 86.736; 96.139;259.862
2025-03-07 18:10:00;217.107;170.053; 86.138; 95.674;258.574
2025-03-07 18:15:00;214.510;171.526; 85.708; 94.459;258.536
2025-03-07 18:20:00;213.426;172.174; 86.526; 93.850;259.846
2025-03-07 18:25:00;214.627;171.865; 86.754; 95.643;257.736
2025-03-07 18:30:00;217.070;172.275; 86.162; 96.784;255.422
2025-03-07 18:35:00;214.870;169.242; 86.680; 96.259;260.234
2025-03-07 18:40:00;216.133;170.766; 88.520; 95.125;260.270
2025-03-07 18:45:00;214.127;170.240; 85.374; 96.335;259.310
2025-03-07 18:50:00;214.720;171.868; 87.534; 95.855;259.636
2025-03-07 18:55:00;214.613;169.847; 87.628; 95.735;257.234
2025-03-07 19:00:00;214.770;169.772; 87.026; 96.913;256.036
2025-03-07 19:05:00;216.047;171.274; 86.560; 96.201;256.866
2025-03-07 19:10:00;214.837;169.429; 86.908; 94.986;258.578
2025-03-07 19:15:00;217.007;172.546; 86.746; 96.418;259.542
2025-03-07 19:20:00;215.347;170.643; 87.400; 96.226;257.006
2025-03-07 19:25:00;214.673;170.986; 86.136; 96.008;258.514
2025-03-07 19:30:00;215.357;169.591; 86.934; 96.930;259.890
2025-03-07 19:35:00;218.503;167.707; 86.000; 96.336;256.770
2025-03-07 19:40:00;215.920;169.347; 86.838; 94.758;258.276
2025-03-07 19:45:00;215.937;170.470; 87.388; 95.964;259.586
2025-03-07 19:50:00;214.207;170.647; 88.028; 95.664;257.528
2025-03-07 19:55:00;216.747;168.107; 87.282; 95.129;258.066
2025-03-07 20:00:00;214.870;170.651; 86.270; 96.202;257.538
2025-03-07 20:05:00;214.617;173.101; 87.974; 96.214;256.408
2025-03-07 20:10:00;214.470;171.568; 86.970; 95.777;260.576
2025-03-07 20:15:00;217.827;169.808; 86.466; 95.336;257.748
2025-03-07 20:20:00;216.730;171.410; 88.022; 96.726;257.052
2025-03-07 20:25:00;215.637;172.965; 86.246; 95.864;258.368
2025-03-07 20:30:00;213.750;172.713; 86.164; 95.070;255.926
2025-03-07 20:35:00;214.813;171.288; 86.644; 94.144;259.008
2025-03-07 20:40:00;214.190;170.636; 86.116; 94.479;259.020
2025-03-07 20:45:00;215.823;170.558; 85.396; 95.278;256.732
2025-03-07 20:50:00;214.553;169.732; 86.124; 96.176;258.870
2025-03-07 20:55:00;215.573;170.045; 86.948; 93.772;260.322
2025-03-07 21:00:00;215.977;171.746; 85.974; 96.249;259.762
2025-03-07 21:05:00;214.427;169.433; 86.044; 96.402;254.582
2025-03-07 21:10:00;215.533;168.304; 86.190; 94.337;259.584
2025-03-07 21:15:00;215.233;171.075; 86.190; 95.091;258.276
2025-03-07 21:20:00;215.830;169.804; 86.850; 95.595;258.766
2025-03-07 21:25:00;216.210;170.769; 87.234; 94.641;256.918
2025-03-07 21:30:00;214.213;167.963; 87.174; 94.556;257.948
2025-03-07 21:35:00;217.973;169.465; 87.630; 94.784;259.592
2025-03-07 21:40:00;216.490;170.882; 86.980; 94.744;259.714
2025-03-07 21:45:00;214.243;170.275; 87.588; 95.032;257.056
2025-03-07 21:50:00;213.613;169.833; 86.366; 94.565;257.930
2025-03-07 21:55:00;215.510;168.855; 85.998; 94.474;260.098
2025-03-07 22:00:00;216.373;168.901; 86.416; 95.644;258.586
2025-03-07 22:05:00;215.137;170.297; 87.994; 97.230;257.044
2025-03-07 22:10:00;215.637;167.208; 87.288; 95.604;259.560
2025-03-07 22:15:00;211.967;166.842; 86.382; 95.671;256.788
2025-03-07 22:20:00;216.647;171.115; 86.436; 96.117;258.326
2025-03-07 22:25:00;214.163;169.841; 85.724; 94.345;258.332
2025-03-07 22:30:00;215.237;169.811; 85.808; 94.898;258.902
2025-03-07 22:35:00;214.343;169.229; 85.234; 94.930;260.874
2025-03-07 22:40:00;214.000;169.793; 86.600; 96.220;257.924
2025-03-07 22:45:00;216.770;169.204; 86.320; 97.155;259.694
2025-03-07 22:50:00;214.803;169.000; 88.370; 96.961;255.018
2025-03-07 22:55:00;215.077;170.117; 86.628; 95.639;256.676
2025-03-07 23:00:00;214.147;170.411; 86.806; 95.274;256.690
2025-03-07 23:05:00;214.864;168.824; 85.936; 95.222;258.230
2025-03-07 23:10:00;215.150;170.609; 86.914; 96.944;258.714
2025-03-07 23:15:00;215.593;169.183; 85.706; 95.819;258.000
2025-03-07 23:20:00;217.607;169.664; 87.902; 94.830;261.556
2025-03-07 23:25:00;215.517;168.651; 86.998; 96.380;258.034
2025-03-07 23:30:00;216.270;169.576; 86.552; 95.523;258.990
2025-03-07 23:35:00;214.823;169.492; 86.426; 94.992;257.724
2025-03-07 23:40:00;215.350;170.511; 86.528; 94.023;259.370
2025-03-07 23:45:00;213.930;167.992; 87.528; 95.740;258.570
2025-03-07 23:50:00;215.473;169.858; 85.746; 96.022;257.216
2025-03-07 23:55:00;214.083;168.562; 86.732; 95.286;257.306
2025-03-08 00:00:00;214.190;167.026; 86.964; 94.772;257.528
2025-03-08 00:05:00;214.997;170.276; 87.800; 94.427;256.714
2025-03-08 00:10:00;213.653;168.777; 86.022; 94.953;256.516
2025-03-08 00:15:00;215.970;169.441; 86.384; 95.601;259.154
2025-03-08 00:20:00;214.573;170.192; 87.076; 95.464;256.678
2025-03-08 00:25:00;213.917;168.860; 87.206; 94.191;258.040
2025-03-08 00:30:00;214.787;168.968; 86.452; 94.725;257.604
2025-03-08 00:35:00;215.273;167.952; 86.756; 94.401;253.562
2025-03-08 00:40:00;213.670;169.506; 86.246; 94.315;258.242
2025-03-08 00:45:00;212.580;169.564; 85.488; 96.060;257.406
2025-03-08 00:50:00;217.113;167.316; 86.740; 95.912;258.112
2025-03-08 00:55:00;214.483;168.616; 87.076; 94.756;258.224
2025-03-08 01:00:00;215.463;169.973; 85.514; 95.602;256.866
2025-03-08 01:05:00;215.943;169.306; 85.824; 95.169;256.198
2025-03-08 01:10:00;214.770;169.441; 85.726; 95.548;257.344
2025-03-08 01:15:00;212.607;167.232; 87.676; 95.661;259.014
2025-03-08 01:20:00;215.460;169.108; 86.712; 95.807;258.210
2025-03-08 01:25:00;216.380;168.179; 86.266; 94.401;257.868
2025-03-08 01:30:00;214.097;169.731; 85.528; 95.349;257.338
2025-03-08 01:35:00;213.807;167.818; 87.114; 95.970;259.354
2025-03-08 01:40:00;216.503;169.746; 85.858; 94.012;258.670
2025-03-08 01:45:00;214.077;171.397; 86.650; 94.482;256.512
2025-03-08 01:50:00;215.007;170.147; 86.940; 94.521;257.122
2025-03-08 01:55:00;213.620;170.162; 87.238; 94.358;260.354
2025-03-08 02:00:00;214.650;168.725; 87.622; 94.953;258.900
2025-03-08 02:05:00;215.360;169.541; 86.562; 96.376;254.972
2025-03-08 02:10:00;214.133;168.245; 86.664; 94.835;259.976
2025-03-08 02:15:00;214.207;168.607; 86.890; 94.230;255.172
2025-03-08 02:20:00;214.197;168.827; 87.916; 94.618;259.520
2025-03-08 02:25:00;211.903;168.833; 85.938; 96.627;257.114
2025-03-08 02:30:00;212.383;171.281; 86.302; 95.000;256.974
2025-03-08 02:35:00;216.230;173.050; 85.506; 94.096;256.666
2025-03-08 02:40:00;213.550;169.254; 87.390; 94.847;255.678
2025-03-08 02:45:00;213.173;168.983; 86.168; 94.596;256.772
2025-03-08 02:50:00;218.220;169.530; 88.410; 95.369;255.960
2025-03-08 02:55:00;213.773;167.372; 85.832; 94.823;255.838
2025-03-08 03:00:00;213.413;170.048; 85.526; 97.452;256.698
2025-03-08 03:05:00;212.053;169.000; 86.710; 94.904;258.384
2025-03-08 03:10:00;213.843;169.983; 85.616; 96.121;255.754
2025-03-08 03:15:00;213.736;167.221; 85.338; 93.701;257.852
2025-03-08 03:20:00;213.083;168.986; 87.256; 97.457;256.740
2025-03-08 03:25:00;214.167;170.469; 86.718; 94.765;256.940
2025-03-08 03:30:00;214.847;167.707; 86.044; 95.627;257.762
2025-03-08 03:35:00;215.143;169.132; 84.652; 93.672;256.506
2025-03-08 03:40:00;215.983;168.329; 86.400; 94.176;258.906
2025-03-08 03:45:00;214.430;168.707; 88.300; 95.992;258.104
2025-03-08 03:50:00;214.890;169.393; 86.068; 95.777;257.314
2025-03-08 03:55:00;216.020;170.525; 85.874; 94.899;260.742
2025-03-08 04:00:00;210.633;169.018; 86.034; 95.927;257.576
2025-03-08 04:05:00;213.344;167.144; 87.972; 94.253;260.116
2025-03-08 04:10:00;214.487;169.029; 85.938; 95.008;258.134
2025-03-08 04:15:00;215.337;167.430; 86.170; 97.207;258.758
2025-03-08 04:20:00;213.637;168.122; 85.498; 97.012;260.016
2025-03-08 04:25:00;214.070;167.992; 86.768; 95.970;258.608
2025-03-08 04:30:00;212.807;170.385; 86.552; 94.558;257.524
2025-03-08 04:35:00;214.377;168.138; 86.042; 95.410;258.616
2025-03-08 04:40:00;213.783;169.833; 86.144; 95.053;255.740
2025-03-08 04:45:00;215.463;169.012; 85.862; 95.709;258.432
2025-03-08 04:50:00;214.000;167.122; 86.958; 95.366;256.088
2025-03-08 04:55:00;215.733;169.381; 86.052; 95.057;255.270
2025-03-08 05:00:00;213.530;170.125; 86.742; 94.622;258.412
2025-03-08 05:05:00;213.130;169.337; 85.992; 95.745;258.356
2025-03-08 05:10:00;218.737;168.408; 85.630; 94.988;256.238
2025-03-08 05:15:00;215.723;168.443; 88.278; 96.792;255.020
2025-03-08 05:20:00;217.720;167.959; 85.126; 95.157;256.878
2025-03-08 05:25:00;215.200;167.390; 86.732; 94.573;256.672
2025-03-08 05:30:00;213.067;167.668; 84.762; 96.320;257.112
2025-03-08 05:35:00;217.730;167.254; 85.342; 96.325;256.386
2025-03-08 05:40:00;216.207;169.199; 85.388; 95.502;256.746
2025-03-08 05:45:00;214.637;169.555; 87.054; 95.047;258.842
2025-03-08 05:50:00;213.827;166.782; 86.150; 95.073;259.306
2025-03-08 05:55:00;214.583;169.590; 86.686; 94.626;260.200
2025-03-08 06:00:00;213.190;170.213; 87.400; 93.794;259.402
2025-03-08 06:05:00;214.180;169.193; 85.058; 95.150;259.698
2025-03-08 06:10:00;215.907;168.981; 85.712; 93.982;257.462
2025-03-08 06:15:00;213.657;170.397; 86.750; 94.541;258.590
2025-03-08 06:20:00;213.664;170.028; 88.298; 95.595;257.024
2025-03-08 06:25:00;216.090;169.387; 86.860; 94.200;256.242
2025-03-08 06:30:00;213.917;169.657; 86.192; 95.260;257.822
2025-03-08 06:35:00;210.903;168.415; 86.764; 95.673;256.520
2025-03-08 06:40:00;215.807;168.147; 84.852; 93.917;256.606
2025-03-08 06:45:00;213.213;168.288; 84.570; 95.446;256.758
2025-03-08 06:50:00;214.547;168.572; 85.836; 95.848;256.116
2025-03-08 06:55:00;214.127;169.319; 85.578; 93.511;258.194
2025-03-08 07:00:00;215.157;168.750; 85.086; 94.570;257.102
2025-03-08 07:05:00;213.223;168.637; 86.104; 94.027;258.258
2025-03-08 07:10:00;214.620;169.922; 85.818; 95.050;257.838
2025-03-08 07:15:00;215.670;168.939; 86.212; 93.670;260.650
2025-03-08 07:20:00;215.840;170.302; 86.406; 96.037;257.672
2025-03-08 07:25:00;214.123;169.213; 87.190; 94.401;258.218
2025-03-08 07:30:00;215.350;171.041; 88.444; 95.117;258.454
2025-03-08 07:35:00;214.503;170.198; 87.052; 97.104;258.850
2025-03-08 07:40:00;214.717;168.775; 86.668; 94.394;257.268
2025-03-08 07:45:00;212.297;171.720; 85.934; 94.134;255.010
2025-03-08 07:50:00;214.103;170.928; 87.676; 95.482;258.770
2025-03-08 07:55:00;213.337;170.562; 86.628; 95.078;257.048
2025-03-08 08:00:00;214.163;166.875; 86.766; 95.086;256.878
2025-03-08 08:05:00;215.890;171.592; 86.758; 94.969;256.264
2025-03-08 08:10:00;213.590;169.273; 85.318; 96.065;257.112
2025-03-08 08:15:00;214.090;169.979; 85.792; 95.684;259.270
2025-03-08 08:20:00;213.660;168.625; 85.392; 96.143;259.388
2025-03-08 08:25:00;213.797;168.626; 85.406; 95.913;256.686
2025-03-08 08:30:00;213.887;170.296; 86.082; 95.167;257.208
2025-03-08 08:35:00;214.040;168.759; 85.264; 95.287;256.510
2025-03-08 08:40:00;213.307;169.852; 85.966; 97.982;256.276
2025-03-08 08:45:00;215.417;169.572; 87.230; 96.129;258.974
2025-03-08 08:50:00;212.623;170.722; 85.614; 97.210;258.194
2025-03-08 08:55:00;212.627;170.314; 87.112; 95.299;255.144
2025-03-08 09:00:00;212.623;171.284; 86.850; 96.319;257.740
2025-03-08 09:05:00;215.060;170.980; 85.208; 95.687;255.868
2025-03-08 09:10:00;214.417;170.614; 86.266; 95.984;258.054
2025-03-08 09:15:00;212.037;169.639; 86.328; 96.537;257.732
2025-03-08 09:20:00;211.290;172.271; 86.196; 95.572;256.150
2025-03-08 09:25:00;216.337;169.742; 87.798; 96.274;257.834
2025-03-08 09:30:00;212.847;169.716; 85.218; 95.833;256.908
2025-03-08 09:35:00;215.464;169.233; 86.440; 95.434;257.914
2025-03-08 09:40:00;214.330;169.327; 85.844; 96.287;255.292
2025-03-08 09:45:00;214.860;172.479; 85.504; 96.894;256.928
2025-03-08 09:50:00;215.920;171.436; 86.820; 95.645;257.440
2025-03-08 09:55:00;213.043;171.390; 86.490; 94.588;256.604
2025-03-08 10:00:00;210.563;169.610; 86.390; 95.216;255.544
2025-03-08 10:05:00;212.777;170.355; 85.434; 94.906;258.138
2025-03-08 10:10:00;215.017;171.429; 85.530; 96.529;256.038
2025-03-08 10:15:00;216.213;171.979; 85.912; 96.423;258.702
2025-03-08 10:20:00;214.470;170.107; 87.492; 95.132;255.406
2025-03-08 10:25:00;215.547;168.231; 87.090; 97.024;258.650
2025-03-08 10:30:00;214.207;169.971; 85.184; 97.747;256.498
2025-03-08 10:35:00;213.233;169.481; 86.072; 94.727;257.170
2025-03-08 10:40:00;214.180;168.088; 85.380; 96.055;258.516
2025-03-08 10:45:00;215.467;170.468; 84.820; 95.537;254.748
2025-03-08 10:50:00;211.283;168.636; 87.178; 97.321;258.508
2025-03-08 10:55:00;213.620;169.827; 85.906; 96.285;257.528
2025-03-08 11:00:00;214.080;170.218; 86.330; 95.963;256.732
2025-03-08 11:05:00;213.503;170.645; 85.124; 96.911;256.088
2025-03-08 11:10:00;215.360;171.107; 85.954; 97.374;258.698
2025-03-08 11:15:00;212.517;171.855; 88.002; 96.429;257.504
2025-03-08 11:20:00;214.920;168.952; 86.606; 96.092;258.350
2025-03-08 11:25:00;216.630;168.004; 84.342; 94.559;256.464
2025-03-08 11:30:00;212.687;170.874; 85.816; 95.848;256.596
2025-03-08 11:35:00;212.013;170.100; 87.062; 94.495;259.008
2025-03-08 11:40:00;213.320;172.040; 87.726; 95.667;257.642
2025-03-08 11:45:00;213.863;170.444; 84.638; 95.169;257.226
2025-03-08 11:50:00;217.167;170.724; 86.024; 96.476;256.876
2025-03-08 11:55:00;213.270;170.231; 85.652; 95.822;258.754
2025-03-08 12:00:00;213.120;172.227; 85.360; 95.213;256.644
2025-03-08 12:05:00;213.657;170.912; 86.872; 98.092;259.234
2025-03-08 12:10:00;213.880;168.161; 86.192; 96.304;255.436
2025-03-08 12:15:00;212.930;170.421; 85.610; 97.205;256.794
2025-03-08 12:20:00;214.387;171.978; 87.208; 95.174;256.502
2025-03-08 12:25:00;213.840;171.722; 86.588; 95.830;256.232
2025-03-08 12:30:00;214.380;169.803; 85.968; 97.231;256.382
2025-03-08 12:35:00;211.643;169.725; 86.240; 96.278;258.024
2025-03-08 12:40:00;214.716;170.477; 85.990; 95.283;257.568
2025-03-08 12:45:00;213.167;169.859; 84.800; 96.841;258.448
2025-03-08 12:50:00;215.073;170.991; 88.072; 96.690;257.774
2025-03-08 12:55:00;212.410;170.483; 86.124; 96.204;255.418
2025-03-08 13:00:00;213.257;173.766; 86.012; 96.797;258.002
2025-03-08 13:05:00;213.917;170.580; 86.780; 96.352;259.014
2025-03-08 13:10:00;213.554;172.198; 87.158; 94.800;258.768
2025-03-08 13:15:00;215.100;171.206; 85.790; 96.814;257.110
2025-03-08 13:20:00;215.943;172.084; 87.030; 97.052;259.750
2025-03-08 13:25:00;214.350;169.122; 85.588; 96.058;259.218
2025-03-08 13:30:00;213.680;171.327; 86.754; 96.204;259.210
2025-03-08 13:35:00;213.190;170.989; 87.418; 94.827;257.852
2025-03-08 13:40:00;214.663;170.926; 85.964; 94.712;258.806
2025-03-08 13:45:00;214.483;172.678; 86.320; 96.223;258.734
2025-03-08 13:50:00;213.580;172.870; 87.034; 94.536;259.450
2025-03-08 13:55:00;215.223;171.928; 86.196; 96.977;258.522
2025-03-08 14:00:00;213.747;170.997; 86.460; 96.518;255.788
2025-03-08 14:05:00;213.843;170.753; 88.676; 96.020;258.006
2025-03-08 14:10:00;213.413;170.462; 86.176; 97.036;257.068
2025-03-08 14:15:00;211.013;170.277; 85.396; 95.991;259.634
2025-03-08 14:20:00;214.463;170.203; 84.582; 94.645;256.998
2025-03-08 14:25:00;214.533;169.970; 85.556; 95.710;257.266
2025-03-08 14:30:00;214.766;170.581; 84.618; 97.311;255.316
2025-03-08 14:35:00;211.373;170.329; 85.722; 97.339;255.228
2025-03-08 14:40:00;214.320;170.762; 87.872; 97.415;258.144
2025-03-08 14:45:00;213.887;170.023; 87.060; 95.976;259.330
2025-03-08 14:50:00;213.627;172.564; 86.648; 97.209;259.324
2025-03-08 14:55:00;214.413;170.605; 86.774; 95.610;259.888
2025-03-08 15:00:00;214.913;169.729; 85.960; 95.882;258.584
2025-03-08 15:05:00;212.290;169.392; 87.544; 95.195;259.084
2025-03-08 15:10:00;216.320;170.304; 86.348; 96.660;256.054
2025-03-08 15:15:00;212.423;168.425; 86.862; 95.582;256.836
2025-03-08 15:20:00;216.317;172.699; 87.204; 97.383;256.758
2025-03-08 15:25:00;211.907;168.199; 86.670; 97.506;255.714
2025-03-08 15:30:00;214.653;170.302; 85.976; 95.273;258.458
2025-03-08 15:35:00;212.963;168.699; 87.700; 94.484;257.814
2025-03-08 15:40:00;212.740;171.036; 85.900; 96.101;257.802
2025-03-08 15:45:00;213.010;168.508; 86.594; 95.899;257.422
2025-03-08 15:50:00;213.587;170.958; 86.662; 96.977;259.362
2025-03-08 15:55:00;216.147;168.203; 87.968; 95.222;258.350
2025-03-08 16:00:00;211.683;172.036; 85.920; 96.382;257.342
2025-03-08 16:05:00;213.077;169.646; 88.358; 95.525;257.630
2025-03-08 16:10:00;216.807;169.243; 86.220; 95.682;258.664
2025-03-08 16:15:00;212.240;168.846; 86.560; 96.322;257.764
2025-03-08 16:20:00;212.597;170.370; 86.280; 95.917;258.070
2025-03-08 16:25:00;214.890;171.001; 85.972; 95.662;255.986
2025-03-08 16:30:00;216.503;169.963; 86.614; 96.249;257.220
2025-03-08 16:35:00;213.140;170.693; 87.858; 95.192;257.644
2025-03-08 16:40:00;213.207;169.701; 86.560; 96.719;259.938
2025-03-08 16:45:00;212.810;170.056; 86.504; 96.036;258.942
2025-03-08 16:50:00;210.800;170.733; 87.238; 97.889;257.784
2025-03-08 16:55:00;215.357;171.784; 86.778; 96.397;260.614
2025-03-08 17:00:00;212.333;170.857; 87.952; 95.907;258.658
2025-03-08 17:05:00;211.600;170.088; 87.320; 96.828;257.196
2025-03-08 17:10:00;213.530;169.659; 85.748; 94.211;258.858
2025-03-08 17:15:00;213.550;172.298; 87.014; 96.016;257.922
2025-03-08 17:20:00;213.320;171.162; 88.234; 94.627;258.206
2025-03-08 17:25:00;214.217;169.542; 87.032; 95.702;257.364
2025-03-08 17:30:00;211.960;169.941; 87.550; 95.316;257.816
2025-03-08 17:35:00;213.773;170.677; 87.662; 97.273;256.812
2025-03-08 17:40:00;217.003;169.303; 86.496; 96.006;256.674
2025-03-08 17:45:00;213.100;170.722; 87.846; 96.854;256.752
2025-03-08 17:50:00;214.623;170.761; 86.554; 95.889;258.470
2025-03-08 17:55:00;215.820;168.437; 87.846; 95.531;259.790
2025-03-08 18:00:00;210.947;169.630; 87.470; 94.250;257.908
2025-03-08 18:05:00;216.720;169.112; 87.570; 97.263;257.518
2025-03-08 18:10:00;214.023;170.683; 87.856; 96.773;259.048
2025-03-08 18:15:00;215.180;171.031; 85.782; 95.878;257.922
2025-03-08 18:20:00;215.893;171.912; 85.574; 96.408;258.174
2025-03-08 18:25:00;214.113;170.195; 87.186; 96.468;255.596
2025-03-08 18:30:00;214.863;170.524; 85.918; 96.153;258.220
2025-03-08 18:35:00;217.230;171.211; 86.170; 95.626;257.280
2025-03-08 18:40:00;216.157;169.158; 86.616; 94.195;258.406
2025-03-08 18:45:00;215.443;169.541; 87.420; 95.277;257.388
2025-03-08 18:50:00;216.343;168.370; 87.968; 96.037;257.108
2025-03-08 18:55:00;214.430;170.284; 86.788; 95.572;255.466
2025-03-08 19:00:00;215.017;171.863; 85.734; 94.509;256.874
2025-03-08 19:05:00;217.943;170.590; 88.294; 94.671;258.582
2025-03-08 19:10:00;215.070;170.355; 87.608; 95.322;256.804
2025-03-08 19:15:00;215.430;170.656; 86.928; 96.369;258.012
2025-03-08 19:20:00;218.193;172.397; 86.830; 94.587;256.792
2025-03-08 19:25:00;215.323;170.392; 88.238; 95.906;259.846
2025-03-08 19:30:00;214.950;172.188; 87.694; 95.405;258.394
2025-03-08 19:35:00;214.390;171.972; 88.004; 95.048;259.218
2025-03-08 19:40:00;215.613;171.156; 86.684; 95.594;255.796
2025-03-08 19:45:00;216.097;169.876; 87.344; 96.237;257.966
2025-03-08 19:50:00;215.080;168.607; 88.024; 93.595;255.192
2025-03-08 19:55:00;215.423;169.844; 88.382; 94.629;256.584
2025-03-08 20:00:00;214.820;171.781; 87.940; 96.062;257.716
2025-03-08 20:05:00;214.617;169.146; 87.590; 95.316;257.992
2025-03-08 20:10:00;217.707;170.933; 87.100; 95.471;257.614
2025-03-08 20:15:00;217.993;169.409; 87.560; 95.199;259.788
2025-03-08 20:20:00;216.943;172.591; 88.436; 93.858;259.940
2025-03-08 20:25:00;214.473;170.947; 87.588; 95.590;256.700
2025-03-08 20:30:00;215.997;169.576; 87.724; 96.079;255.318
2025-03-08 20:35:00;214.000;169.781; 87.478; 94.746;256.312
2025-03-08 20:40:00;213.120;170.244; 86.610; 96.121;256.728
2025-03-08 20:45:00;214.100;170.770; 88.076; 95.648;257.176
2025-03-08 20:50:00;216.393;171.139; 86.242; 94.318;256.294
2025-03-08 20:55:00;217.027;170.795; 87.938; 95.310;258.014
2025-03-08 21:00:00;216.997;169.155; 88.294; 96.182;257.680
2025-03-08 21:05:00;214.053;170.170; 86.722; 96.827;258.342
2025-03-08 21:10:00;216.120;170.111; 85.986; 97.066;258.114
2025-03-08 21:15:00;215.853;171.290; 84.720; 97.116;260.250
2025-03-08 21:20:00;213.477;171.799; 86.906; 96.979;257.694
2025-03-08 21:25:00;213.667;171.343; 87.030; 96.416;256.546
2025-03-08 21:30:00;215.353;172.531; 87.186; 96.063;260.226
2025-03-08 21:35:00;214.273;169.251; 86.092; 96.019;258.338
2025-03-08 21:40:00;216.134;169.743; 86.544; 95.071;257.990
2025-03-08 21:45:00;218.233;168.034; 86.686; 96.370;258.992
2025-03-08 21:50:00;213.130;170.882; 87.510; 96.097;258.680
2025-03-08 21:55:00;217.723;170.799; 88.158; 95.796;257.732
2025-03-08 22:00:00;217.083;171.022; 87.552; 95.781;258.120
2025-03-08 22:05:00;216.303;169.734; 87.036; 95.862;258.166
2025-03-08 22:10:00;218.410;170.243; 87.178; 96.608;256.384
2025-03-08 22:15:00;216.730;169.441; 87.746; 95.599;255.644
2025-03-08 22:20:00;217.193;171.029; 86.740; 97.018;257.140
2025-03-08 22:25:00;216.220;170.052; 87.170; 95.959;256.904
2025-03-08 22:30:00;216.940;170.502; 87.860; 96.247;254.992
2025-03-08 22:35:00;215.433;170.674; 85.556; 96.118;258.292
2025-03-08 22:40:00;215.810;171.474; 87.238; 95.758;255.000
2025-03-08 22:45:00;216.487;169.664; 87.274; 95.206;256.454
2025-03-08 22:50:00;216.430;170.966; 87.490; 96.923;255.610
2025-03-08 22:55:00;214.297;169.627; 87.540; 94.706;258.466
2025-03-08 23:00:00;216.803;171.005; 87.866; 95.982;257.484
2025-03-08 23:05:00;217.346;168.761; 87.860; 95.912;259.076
2025-03-08 23:10:00;215.197;170.190; 86.696; 96.609;255.472
2025-03-08 23:15:00;216.573;171.262; 87.494; 95.713;259.086
2025-03-08 23:20:00;213.797;171.693; 86.596; 97.096;258.542
2025-03-08 23:25:00;217.190;169.017; 86.884; 95.970;257.722
2025-03-08 23:30:00;215.593;172.013; 86.428; 94.538;254.676
2025-03-08 23:35:00;213.923;170.399; 87.236; 95.061;255.754
2025-03-08 23:40:00;213.960;169.145; 87.866; 95.664;254.018
2025-03-08 23:45:00;216.080;170.558; 85.796; 95.687;255.244
2025-03-08 23:50:00;217.377;170.209; 86.148; 96.141;258.288
2025-03-08 23:55:00;217.127;169.973; 87.082; 94.827;256.970
2025-03-09 00:00:00;214.403;171.763; 87.026; 94.942;258.548
2025-03-09 00:05:00;216.213;169.942; 85.900; 95.350;258.088
2025-03-09 00:10:00;213.370;171.291; 87.310; 97.023;257.602
2025-03-09 00:15:00;217.413;172.774; 85.518; 95.410;258.314
2025-03-09 00:20:00;216.833;170.509; 86.792; 95.991;256.906
2025-03-09 00:25:00;214.200;167.373; 86.146; 97.131;257.632
2025-03-09 00:30:00;216.740;171.812; 88.016; 95.400;258.690
2025-03-09 00:35:00;217.430;171.065; 86.868; 95.163;256.514
2025-03-09 00:40:00;215.693;169.900; 87.030; 95.437;257.782
2025-03-09 00:45:00;217.777;171.530; 86.638; 95.871;255.342
2025-03-09 00:50:00;218.743;170.203; 86.126; 97.521;256.682
2025-03-09 00:55:00;214.333;168.604; 87.570; 94.528;257.870
2025-03-09 01:00:00;214.817;169.846; 87.338; 94.078;256.010
2025-03-09 01:05:00;214.800;169.388; 87.218; 95.786;255.328
2025-03-09 01:10:00;213.320;169.924; 86.166; 95.426;254.786
2025-03-09 01:15:00;212.557;168.585; 86.294; 96.307;258.886
2025-03-09 01:20:00;214.917;172.027; 86.148; 96.219;256.102
2025-03-09 01:25:00;214.946;171.396; 85.722; 96.584;256.948
2025-03-09 01:30:00;214.963;171.062; 86.858; 95.574;257.016
2025-03-09 01:35:00;215.453;170.302; 86.234; 96.870;256.744
2025-03-09 01:40:00;214.067;170.415; 86.860; 94.436;256.506
2025-03-09 01:45:00;215.587;170.295; 87.212; 96.588;255.370
2025-03-09 01:50:00;214.330;170.387; 88.342; 94.571;257.148
2025-03-09 01:55:00;216.424;170.816; 86.990; 96.283;257.720
2025-03-09 02:00:00;215.970;168.912; 85.644; 95.258;256.110
2025-03-09 02:05:00;215.150;172.463; 87.302; 96.272;256.732
2025-03-09 02:10:00;212.193;172.276; 87.464; 95.743;258.198
2025-03-09 02:15:00;216.627;170.166; 86.570; 94.084;257.218
2025-03-09 02:20:00;214.870;168.496; 87.306; 95.845;256.518
2025-03-09 02:25:00;215.227;171.992; 88.172; 95.660;257.232
2025-03-09 02:30:00;216.070;171.598; 86.812; 96.204;257.104
2025-03-09 02:35:00;216.110;171.005; 87.542; 97.559;259.170
2025-03-09 02:40:00;217.024;170.423; 87.604; 94.433;256.986
2025-03-09 02:45:00;215.087;169.049; 85.964; 94.384;258.722
2025-03-09 02:50:00;214.520;170.272; 87.112; 95.905;256.938
2025-03-09 02:55:00;216.053;170.440; 86.940; 96.118;256.716
2025-03-09 03:00:00;215.623;170.160; 86.054; 96.226;256.428
2025-03-09 03:05:00;217.787;168.707; 87.302; 96.342;258.194
2025-03-09 03:10:00;214.703;172.476; 86.444; 94.149;256.844
2025-03-09 03:15:00;214.687;172.320; 86.194; 96.494;256.026
2025-03-09 03:20:00;214.254;171.455; 86.618; 96.575;256.524
2025-03-09 03:25:00;217.097;171.812; 86.596; 96.594;257.278
2025-03-09 03:30:00;214.557;170.671; 87.582; 95.244;257.466
2025-03-09 03:35:00;214.657;169.988; 87.338; 97.581;255.706
2025-03-09 03:40:00;214.600;169.939; 86.794; 95.763;259.644
2025-03-09 03:45:00;216.887;169.529; 86.310; 94.391;256.402
2025-03-09 03:50:00;213.987;168.719; 87.440; 95.152;255.476
2025-03-09 03:55:00;215.737;170.017; 86.176; 95.493;255.402
2025-03-09 04:00:00;214.780;170.576; 86.180; 96.510;257.282
2025-03-09 04:05:00;216.020;168.391; 86.848; 96.557;257.248
2025-03-09 04:10:00;213.850;171.345; 86.732; 96.961;258.918
2025-03-09 04:15:00;217.620;173.131; 87.390; 95.089;257.816
2025-03-09 04:20:00;215.770;171.967; 86.226; 95.728;256.062
2025-03-09 04:25:00;216.087;170.097; 86.442; 95.994;255.872
2025-03-09 04:30:00;214.803;168.751; 86.228; 95.965;256.244
2025-03-09 04:35:00;214.024;170.744; 86.408; 96.774;255.944
2025-03-09 04:40:00;213.227;169.265; 86.120; 93.993;256.998
2025-03-09 04:45:00;212.970;172.817; 85.846; 95.486;255.966
2025-03-09 04:50:00;213.916;168.410; 85.146; 95.149;256.202
2025-03-09 04:55:00;215.550;170.389; 85.932; 96.001;257.252
2025-03-09 05:00:00;214.657;168.955; 87.092; 95.298;257.472
2025-03-09 05:05:00;216.693;170.943; 87.482; 95.095;256.520
2025-03-09 05:10:00;213.190;169.541; 87.196; 96.879;254.644
2025-03-09 05:15:00;215.790;168.151; 86.366; 94.408;257.454
2025-03-09 05:20:00;212.950;170.768; 87.320; 95.370;254.510
2025-03-09 05:25:00;213.387;170.087; 87.112; 96.916;256.784
2025-03-09 05:30:00;214.460;169.851; 86.590; 96.519;253.376
2025-03-09 05:35:00;217.420;172.162; 86.588; 95.307;256.048
2025-03-09 05:40:00;212.210;171.368; 85.548; 95.701;258.076
2025-03-09 05:45:00;213.367;170.838; 86.848; 96.212;253.972
2025-03-09 05:50:00;216.010;170.221; 86.428; 94.474;255.980
2025-03-09 05:55:00;211.933;171.009; 85.958; 95.586;256.390
2025-03-09 06:00:00;216.730;170.033; 86.704; 96.359;256.776
2025-03-09 06:05:00;214.353;170.946; 86.192; 97.066;255.802
2025-03-09 06:10:00;213.083;170.632; 86.526; 95.360;256.914
2025-03-09 06:15:00;214.157;170.562; 87.010; 96.169;254.480
2025-03-09 06:20:00;212.800;170.625; 85.704; 95.061;256.914
2025-03-09 06:25:00;212.607;170.647; 86.198; 95.779;256.352
2025-03-09 06:30:00;212.673;171.787; 85.476; 95.260;256.058
2025-03-09 06:35:00;214.473;171.825; 86.620; 94.656;256.772
2025-03-09 06:40:00;213.167;169.339; 87.442; 95.379;254.930
2025-03-09 06:45:00;213.917;171.365; 86.638; 95.793;255.898
2025-03-09 06:50:00;213.143;171.732; 86.780; 95.434;256.730
2025-03-09 06:55:00;214.343;170.623; 87.026; 95.697;257.696
2025-03-09 07:00:00;213.073;170.190; 86.964; 94.939;255.538
2025-03-09 07:05:00;215.767;170.800; 88.420; 97.034;258.634
2025-03-09 07:10:00;214.100;169.189; 86.202; 95.272;256.694
2025-03-09 07:15:00;214.370;172.923; 86.178; 96.995;255.282
2025-03-09 07:20:00;215.543;171.627; 87.476; 95.772;254.518
2025-03-09 07:25:00;215.587;170.166; 86.024; 95.002;256.144
2025-03-09 07:30:00;213.463;171.539; 86.242; 95.863;256.068
2025-03-09 07:35:00;216.240;169.636; 86.386; 95.056;257.446
2025-03-09 07:40:00;214.063;169.814; 87.172; 95.629;254.876
2025-03-09 07:45:00;212.613;171.056; 87.410; 96.509;254.768
2025-03-09 07:50:00;213.944;170.770; 85.958; 96.376;256.540
2025-03-09 07:55:00;214.200;169.978; 86.958; 94.123;258.024
2025-03-09 08:00:00;215.847;170.822; 86.674; 95.932;257.586
2025-03-09 08:05:00;214.027;171.907; 86.634; 97.509;255.970
2025-03-09 08:10:00;213.260;171.488; 86.690; 96.759;256.514
2025-03-09 08:15:00;217.187;170.312; 87.934; 98.044;255.888
2025-03-09 08:20:00;214.327;171.043; 86.082; 96.443;258.508
2025-03-09 08:25:00;213.537;170.510; 86.324; 96.069;256.964
2025-03-09 08:30:00;213.070;172.573; 87.332; 96.689;256.932
2025-03-09 08:35:00;215.640;169.468; 86.258; 95.750;255.616
2025-03-09 08:40:00;213.073;170.785; 86.760; 96.175;257.960
2025-03-09 08:45:00;213.967;171.878; 85.426; 94.690;256.248
2025-03-09 08:50:00;211.840;170.130; 88.078; 96.254;256.440
2025-03-09 08:55:00;212.123;169.782; 87.776; 95.328;257.290
2025-03-09 09:00:00;212.730;169.904; 86.854; 95.995;257.572
2025-03-09 09:05:00;214.450;171.556; 86.500; 96.651;256.738
2025-03-09 09:10:00;213.087;171.681; 87.408; 97.671;257.120
2025-03-09 09:15:00;216.106;171.501; 87.528; 96.276;254.528
2025-03-09 09:20:00;213.173;172.317; 86.304; 97.298;258.796
2025-03-09 09:25:00;212.627;171.651; 87.238; 97.055;257.904
2025-03-09 09:30:00;215.733;170.184; 85.926; 97.282;259.534
2025-03-09 09:35:00;212.253;169.941; 86.530; 96.746;257.998
2025-03-09 09:40:00;213.143;170.232; 86.270; 96.159;259.168
2025-03-09 09:45:00;212.830;170.771; 85.844; 95.189;257.432
2025-03-09 09:50:00;213.820;169.850; 86.292; 96.573;254.272
2025-03-09 09:55:00;216.317;172.722; 86.974; 96.077;255.494
2025-03-09 10:00:00;213.767;172.277; 84.852; 96.503;256.428
2025-03-09 10:05:00;214.220;172.355; 87.094; 96.720;257.868
2025-03-09 10:10:00;216.177;168.991; 86.700; 95.847;257.566
2025-03-09 10:15:00;212.737;170.898; 85.952; 94.221;259.286
2025-03-09 10:20:00;215.400;170.477; 86.102; 96.980;257.250
2025-03-09 10:25:00;215.813;172.418; 86.382; 95.537;256.808
2025-03-09 10:30:00;213.623;169.383; 86.272; 95.956;255.658
2025-03-09 10:35:00;214.043;170.906; 86.768; 95.935;254.402
2025-03-09 10:40:00;215.717;169.214; 86.882; 95.672;255.130
2025-03-09 10:45:00;217.187;170.626; 87.596; 95.346;258.204
2025-03-09 10:50:00;216.060;170.769; 88.338; 96.595;255.468
2025-03-09 10:55:00;214.367;169.157; 87.024; 97.726;256.500
2025-03-09 11:00:00;213.153;171.232; 86.006; 95.435;257.262
2025-03-09 11:05:00;213.443;170.291; 86.878; 96.600;258.962
2025-03-09 11:10:00;214.790;171.662; 86.314; 96.403;258.632
2025-03-09 11:15:00;214.227;171.065; 86.346; 96.423;259.650
2025-03-09 11:20:00;215.183;170.310; 87.118; 96.903;255.984
2025-03-09 11:25:00;214.283;171.118; 87.466; 95.740;257.020
2025-03-09 11:30:00;213.270;171.540; 88.160; 97.115;255.172
2025-03-09 11:35:00;213.017;170.668; 87.714; 95.380;257.436
2025-03-09 11:40:00;213.480;171.075; 86.196; 95.704;256.950
2025-03-09 11:45:00;212.923;169.830; 86.636; 95.281;256.108
2025-03-09 11:50:00;215.063;170.875; 86.298; 95.180;257.256
2025-03-09 11:55:00;214.853;170.715; 85.424; 95.542;255.050
2025-03-09 12:00:00;213.377;169.648; 87.276; 95.469;255.168
2025-03-09 12:05:00;213.767;171.423; 86.056; 96.912;252.828
2025-03-09 12:10:00;214.307;172.485; 85.792; 96.952;257.248
2025-03-09 12:15:00;215.880;170.645; 86.704; 95.157;257.962
2025-03-09 12:20:00;212.947;171.709; 87.622; 97.148;254.676
2025-03-09 12:25:00;217.673;172.978; 87.338; 96.738;256.106
2025-03-09 12:30:00;215.330;169.375; 87.012; 95.760;256.464
2025-03-09 12:35:00;213.183;172.110; 86.210; 97.133;256.154
2025-03-09 12:40:00;213.410;173.697; 85.970; 96.048;260.200
2025-03-09 12:45:00;214.140;172.373; 86.256; 96.753;256.172
2025-03-09 12:50:00;214.030;173.183; 87.178; 93.961;257.200
2025-03-09 12:55:00;214.393;170.023; 86.330; 94.837;257.848
2025-03-09 13:00:00;215.000;171.334; 88.222; 97.131;257.960
2025-03-09 13:05:00;216.400;170.684; 87.150; 95.906;257.164
2025-03-09 13:10:00;214.800;171.140; 88.068; 96.308;255.814
2025-03-09 13:15:00;215.647;171.126; 86.610; 95.073;256.612
2025-03-09 13:20:00;213.640;173.417; 87.890; 95.690;257.820
2025-03-09 13:25:00;212.717;171.797; 87.350; 96.324;258.128
2025-03-09 13:30:00;215.044;171.462; 86.916; 96.286;257.596
2025-03-09 13:35:00;214.573;171.869; 86.396; 96.503;257.074
2025-03-09 13:40:00;213.840;173.032; 85.746; 96.235;257.142
2025-03-09 13:45:00;214.770;171.022; 85.618; 96.257;255.262
2025-03-09 13:50:00;214.090;172.157; 86.926; 98.393;255.190
2025-03-09 13:55:00;216.807;169.724; 88.056; 97.032;259.368
2025-03-09 14:00:00;215.790;169.901; 87.858; 95.221;258.310
2025-03-09 14:05:00;214.017;171.311; 85.796; 97.071;257.258
2025-03-09 14:10:00;212.433;172.946; 86.926; 97.193;260.034
2025-03-09 14:15:00;212.613;173.517; 86.760; 98.132;256.746
2025-03-09 14:20:00;214.230;171.741; 87.000; 98.428;258.100
2025-03-09 14:25:00;215.533;169.887; 86.458; 94.651;257.000
2025-03-09 14:30:00;215.023;172.212; 87.354; 97.766;258.480
2025-03-09 14:35:00;214.093;172.623; 88.078; 97.203;258.340
2025-03-09 14:40:00;217.093;172.662; 87.374; 96.682;257.636
2025-03-09 14:45:00;215.480;170.393; 85.514; 96.864;256.180
2025-03-09 14:50:00;216.657;169.645; 86.416; 95.175;258.500
2025-03-09 14:55:00;215.870;169.263; 85.758; 95.912;259.010
2025-03-09 15:00:00;213.710;172.422; 88.660; 98.363;257.158
2025-03-09 15:05:00;213.987;169.953; 87.774; 96.760;257.078
2025-03-09 15:10:00;214.753;169.788; 87.210; 95.951;256.160
2025-03-09 15:15:00;213.460;170.015; 86.634; 97.479;257.972
2025-03-09 15:20:00;215.480;169.258; 87.746; 95.117;257.072
2025-03-09 15:25:00;214.837;170.170; 87.296; 95.716;259.904
2025-03-09 15:30:00;215.517;171.624; 86.948; 95.396;256.852
2025-03-09 15:35:00;214.360;169.289; 87.666; 96.065;254.646
2025-03-09 15:40:00;217.690;170.286; 87.088; 96.841;255.130
2025-03-09 15:45:00;216.053;170.075; 85.580; 97.471;257.054
2025-03-09 15:50:00;216.840;170.982; 87.274; 95.733;258.878
2025-03-09 15:55:00;216.520;170.002; 87.488; 97.029;257.872
2025-03-09 16:00:00;213.933;169.552; 87.006; 95.052;257.016
2025-03-09 16:05:00;212.807;170.106; 86.768; 97.147;259.020
2025-03-09 16:10:00;215.037;172.267; 86.914; 96.119;255.874
2025-03-09 16:15:00;214.473;170.638; 86.858; 96.617;256.698
2025-03-09 16:20:00;217.177;170.017; 85.790; 95.404;255.376
2025-03-09 16:25:00;217.483;169.632; 86.964; 96.143;257.980
2025-03-09 16:30:00;213.890;170.667; 87.710; 95.283;257.000
2025-03-09 16:35:00;214.583;171.224; 87.652; 97.351;259.746
2025-03-09 16:40:00;215.330;169.747; 86.766; 95.779;257.634
2025-03-09 16:45:00;214.303;169.817; 86.146; 96.430;258.052
2025-03-09 16:50:00;215.920;169.703; 86.318; 95.624;256.160
2025-03-09 16:55:00;214.657;168.830; 86.132; 97.181;257.618
2025-03-09 17:00:00;215.317;169.037; 86.612; 95.867;257.092
2025-03-09 17:05:00;213.597;170.649; 87.086; 96.418;258.310
2025-03-09 17:10:00;215.847;170.211; 86.716; 95.828;256.114
2025-03-09 17:15:00;212.630;170.909; 87.406; 94.682;256.182
2025-03-09 17:20:00;215.690;170.917; 87.714; 96.815;255.416
2025-03-09 17:25:00;216.887;170.073; 87.102; 95.413;255.694
2025-03-09 17:30:00;213.807;170.703; 86.692; 95.436;258.586
2025-03-09 17:35:00;213.710;170.751; 86.542; 96.759;258.290
2025-03-09 17:40:00;214.363;168.786; 87.948; 97.674;257.874
2025-03-09 17:45:00;214.917;168.355; 86.148; 97.701;258.470
2025-03-09 17:50:00;211.873;170.209; 87.142; 96.497;258.350
2025-03-09 17:55:00;213.247;169.977; 88.368; 95.015;257.898
2025-03-09 18:00:00;214.573;168.533; 88.604; 96.139;255.812
2025-03-09 18:05:00;215.250;171.660; 86.596; 96.813;258.818
2025-03-09 18:10:00;216.283;170.121; 88.016; 96.324;256.564
2025-03-09 18:15:00;215.033;171.091; 86.790; 96.509;258.080
2025-03-09 18:20:00;214.567;169.271; 86.578; 96.113;258.276
2025-03-09 18:25:00;216.617;170.237; 86.154; 96.147;256.824
2025-03-09 18:30:00;215.700;169.430; 87.706; 95.597;256.040
2025-03-09 18:35:00;216.477;168.114; 86.652; 94.525;257.418
2025-03-09 18:40:00;216.573;169.043; 85.908; 93.909;256.764
2025-03-09 18:45:00;214.330;172.484; 86.498; 95.519;257.666
2025-03-09 18:50:00;214.853;171.683; 87.640; 94.761;256.846
2025-03-09 18:55:00;214.540;170.480; 85.728; 95.390;258.802
2025-03-09 19:00:00;214.870;168.588; 87.574; 94.942;255.666
2025-03-09 19:05:00;214.070;168.367; 87.884; 94.502;256.034
2025-03-09 19:10:00;216.310;168.373; 87.386; 94.126;256.190
2025-03-09 19:15:00;212.997;169.671; 87.530; 96.896;257.520
2025-03-09 19:20:00;215.790;169.695; 87.288; 96.969;257.984
2025-03-09 19:25:00;214.023;170.100; 88.186; 95.556;258.546
2025-03-09 19:30:00;215.317;168.554; 86.598; 94.814;255.534
2025-03-09 19:35:00;216.173;168.721; 86.982; 97.389;255.778
2025-03-09 19:40:00;215.300;170.179; 85.584; 97.061;256.308
2025-03-09 19:45:00;215.117;169.970; 87.758; 96.697;256.438
2025-03-09 19:50:00;214.520;166.999; 86.140; 94.140;258.220
2025-03-09 19:55:00;215.843;169.742; 87.726; 95.176;258.246
2025-03-09 20:00:00;214.470;171.628; 87.026; 96.208;259.546
2025-03-09 20:05:00;216.530;168.304; 87.354; 95.464;258.068
2025-03-09 20:10:00;215.227;169.288; 87.030; 94.272;258.994
2025-03-09 20:15:00;217.143;170.255; 86.752; 95.346;257.132
2025-03-09 20:20:00;212.940;169.882; 86.392; 96.418;257.676
2025-03-09 20:25:00;217.483;171.875; 86.512; 96.355;257.994
2025-03-09 20:30:00;215.787;168.127; 87.604; 96.654;255.746
2025-03-09 20:35:00;214.900;168.677; 86.894; 96.493;254.812
2025-03-09 20:40:00;217.417;169.924; 86.918; 95.629;257.914
2025-03-09 20:45:00;214.447;169.979; 89.188; 96.273;258.900
2025-03-09 20:50:00;215.647;167.699; 85.616; 95.556;254.378
2025-03-09 20:55:00;215.427;171.606; 86.640; 96.045;257.818
2025-03-09 21:00:00;216.727;168.596; 86.454; 95.251;254.354
2025-03-09 21:05:00;212.963;167.395; 86.072; 95.105;256.920
2025-03-09 21:10:00;215.733;169.866; 87.198; 95.143;255.640
2025-03-09 21:15:00;214.650;168.637; 88.456; 95.485;255.668
2025-03-09 21:20:00;214.140;166.374; 84.364; 96.622;256.092
2025-03-09 21:25:00;215.640;168.333; 85.264; 96.652;256.540
2025-03-09 21:30:00;215.150;166.815; 87.252; 95.199;258.476
2025-03-09 21:35:00;213.583;169.183; 88.080; 96.286;257.128
2025-03-09 21:40:00;215.443;168.005; 87.138; 95.804;258.008
2025-03-09 21:45:00;216.870;168.515; 86.882; 96.926;258.788
2025-03-09 21:50:00;213.930;168.929; 85.982; 95.171;258.732
2025-03-09 21:55:00;216.510;167.073; 87.206; 97.215;257.588
2025-03-09 22:00:00;215.340;168.449; 86.534; 97.626;257.994
2025-03-09 22:05:00;213.120;167.702; 87.552; 95.261;255.590
2025-03-09 22:10:00;214.950;169.555; 87.018; 97.338;257.130
2025-03-09 22:15:00;215.543;167.817; 87.720; 97.646;255.938
2025-03-09 22:20:00;214.973;168.467; 86.886; 95.771;256.042
2025-03-09 22:25:00;215.540;168.714; 86.274; 94.956;254.408
2025-03-09 22:30:00;216.183;165.921; 86.566; 94.674;255.984
2025-03-09 22:35:00;214.173;167.675; 86.390; 95.467;258.968
2025-03-09 22:40:00;214.123;166.193; 87.536; 96.496;257.350
2025-03-09 22:45:00;215.987;168.099; 87.232; 97.389;256.892
2025-03-09 22:50:00;215.123;166.686; 85.874; 96.202;257.316
2025-03-09 22:55:00;214.383;165.868; 86.632; 95.438;257.722
2025-03-09 23:00:00;214.227;167.662; 86.770; 94.846;257.304
2025-03-09 23:05:00;216.840;167.464; 85.694; 95.519;256.726
2025-03-09 23:10:00;214.280;167.750; 86.198; 96.491;258.310
2025-03-09 23:15:00;215.143;167.894; 85.542; 96.368;258.766
2025-03-09 23:20:00;213.410;167.720; 86.808; 95.552;259.000
2025-03-09 23:25:00;213.323;169.523; 86.054; 96.752;256.934
2025-03-09 23:30:00;214.483;167.577; 86.446; 97.256;256.698
2025-03-09 23:35:00;214.463;169.187; 86.926; 94.844;256.220
2025-03-09 23:40:00;215.787;167.831; 87.034; 96.013;257.528
2025-03-09 23:45:00;218.917;164.346; 85.762; 95.661;256.364
2025-03-09 23:50:00;213.087;166.686; 87.118; 94.931;259.320
2025-03-09 23:55:00;214.870;169.673; 86.100; 95.822;259.274
2025-03-10 00:00:00;216.793;166.312; 86.554; 96.341;255.230
2025-03-10 00:05:00;212.983;168.636; 86.868; 94.777;256.192
2025-03-10 00:10:00;216.533;167.572; 86.228; 93.531;257.212
2025-03-10 00:15:00;212.910;167.838; 87.000; 95.068;256.346
2025-03-10 00:20:00;216.223;168.715; 86.358; 95.720;257.122
2025-03-10 00:25:00;215.140;168.160; 86.078; 96.519;254.962
2025-03-10 00:30:00;215.133;167.956; 87.622; 97.380;258.570
2025-03-10 00:35:00;214.987;167.420; 85.842; 95.458;257.904
2025-03-10 00:40:00;212.680;169.464; 85.536; 95.144;258.134
2025-03-10 00:45:00;215.960;167.023; 86.508; 96.705;254.884
2025-03-10 00:50:00;213.303;167.148; 85.716; 96.780;255.894
2025-03-10 00:55:00;213.650;168.165; 85.894; 94.437;258.584
2025-03-10 01:00:00;212.627;168.392; 86.498; 95.255;257.270
2025-03-10 01:05:00;212.850;168.427; 86.116; 95.597;254.658
2025-03-10 01:10:00;214.243;169.545; 84.918; 95.878;256.036
2025-03-10 01:15:00;214.407;168.988; 86.594; 95.970;254.718
2025-03-10 01:20:00;216.463;170.458; 86.434; 94.448;257.328
2025-03-10 01:25:00;215.533;167.365; 87.518; 95.012;256.598
2025-03-10 01:30:00;214.863;169.796; 86.450; 96.043;256.624
2025-03-10 01:35:00;214.780;167.889; 86.282; 95.394;256.370
2025-03-10 01:40:00;214.150;168.935; 85.862; 95.073;257.402
2025-03-10 01:45:00;217.173;169.740; 86.550; 95.934;256.022
2025-03-10 01:50:00;215.797;169.218; 85.954; 96.030;253.558
2025-03-10 01:55:00;214.000;167.750; 87.074; 95.619;256.278
2025-03-10 02:00:00;214.577;167.222; 86.580; 95.453;257.388
2025-03-10 02:05:00;213.387;168.761; 86.796; 93.826;254.478
2025-03-10 02:10:00;215.187;169.608; 84.696; 94.716;256.272
2025-03-10 02:15:00;214.417;169.069; 86.860; 95.083;257.054
2025-03-10 02:20:00;214.910;168.913; 86.988; 96.410;255.496
2025-03-10 02:25:00;215.160;168.314; 84.838; 93.622;256.342
2025-03-10 02:30:00;213.000;169.486; 86.144; 95.121;255.158
2025-03-10 02:35:00;214.093;168.560; 86.998; 93.804;256.554
2025-03-10 02:40:00;212.343;169.559; 87.210; 94.832;253.248
2025-03-10 02:45:00;212.844;170.087; 86.244; 96.187;256.492
2025-03-10 02:50:00;213.543;168.553; 86.078; 94.163;254.558
2025-03-10 02:55:00;212.927;169.283; 85.682; 95.023;253.422
2025-03-10 03:00:00;213.917;168.688; 85.588; 95.611;255.138
2025-03-10 03:05:00;211.710;166.698; 85.592; 95.842;253.128
2025-03-10 03:10:00;213.490;170.562; 85.482; 95.287;255.144
2025-03-10 03:15:00;213.340;170.823; 83.956; 95.368;254.962
2025-03-10 03:20:00;212.223;169.271; 86.698; 95.234;254.956
2025-03-10 03:25:00;215.840;167.084; 87.272; 94.186;255.972
2025-03-10 03:30:00;213.553;169.786; 86.658; 96.105;255.708
2025-03-10 03:35:00;212.683;169.918; 87.454; 97.154;254.588
2025-03-10 03:40:00;212.760;170.365; 86.542; 95.777;255.200
2025-03-10 03:45:00;214.750;168.994; 86.350; 96.638;259.270
2025-03-10 03:50:00;215.970;167.536; 86.446; 96.093;254.804
2025-03-10 03:55:00;217.740;168.588; 86.952; 96.210;254.254
2025-03-10 04:00:00;212.833;167.998; 84.866; 94.124;255.488
2025-03-10 04:05:00;216.750;170.693; 85.418; 94.755;256.090
2025-03-10 04:10:00;213.783;168.439; 84.940; 96.545;254.870
2025-03-10 04:15:00;213.587;168.222; 85.412; 95.962;255.324
2025-03-10 04:20:00;212.827;168.638; 85.600; 95.927;256.064
2025-03-10 04:25:00;214.164;170.332; 87.344; 95.062;254.176
2025-03-10 04:30:00;213.300;168.747; 86.710; 95.585;255.994
2025-03-10 04:35:00;213.923;168.927; 86.396; 94.519;254.506
2025-03-10 04:40:00;211.293;168.014; 85.516; 97.839;255.976
2025-03-10 04:45:00;214.970;169.542; 85.178; 95.382;254.744
2025-03-10 04:50:00;214.617;168.825; 87.936; 94.793;252.810
2025-03-10 04:55:00;213.023;169.966; 85.356; 95.911;254.222
2025-03-10 05:00:00;214.067;170.034; 86.118; 93.944;256.316
2025-03-10 05:05:00;213.913;168.710; 85.878; 96.700;253.542
2025-03-10 05:10:00;215.897;169.126; 86.706; 96.740;253.888
2025-03-10 05:15:00;214.780;170.717; 87.406; 96.299;255.372
2025-03-10 05:20:00;213.713;170.673; 86.892; 94.350;256.206
2025-03-10 05:25:00;213.160;170.638; 85.584; 94.183;255.706
2025-03-10 05:30:00;215.073;168.821; 85.070; 94.560;254.770
2025-03-10 05:35:00;214.130;172.249; 86.706; 98.400;255.598
2025-03-10 05:40:00;216.157;170.785; 87.444; 95.758;256.720
2025-03-10 05:45:00;215.910;170.131; 85.632; 96.787;256.136
2025-03-10 05:50:00;212.720;168.421; 85.400; 95.083;253.682
2025-03-10 05:55:00;214.220;169.199; 86.580; 96.195;258.196
2025-03-10 06:00:00;215.960;169.060; 85.386; 94.797;255.080
2025-03-10 06:05:00;212.907;169.811; 86.256; 95.707;256.866
2025-03-10 06:10:00;212.330;168.019; 86.926; 97.538;255.222
2025-03-10 06:15:00;214.537;169.931; 86.652; 94.987;252.996
2025-03-10 06:20:00;214.620;170.119; 87.590; 95.861;254.168
2025-03-10 06:25:00;215.483;168.962; 86.050; 95.186;255.990
2025-03-10 06:30:00;216.400;170.813; 87.236; 96.307;255.324
2025-03-10 06:35:00;213.474;169.771; 86.618; 93.683;254.988
2025-03-10 06:40:00;216.233;168.652; 85.516; 96.342;252.966
2025-03-10 06:45:00;216.223;168.389; 88.382; 94.286;256.240
2025-03-10 06:50:00;214.143;170.988; 85.160; 96.065;256.374
2025-03-10 06:55:00;214.877;170.656; 87.226; 95.739;256.054
2025-03-10 07:00:00;215.170;169.928; 86.260; 97.232;254.740
2025-03-10 07:05:00;214.413;168.698; 87.196; 96.008;257.756
2025-03-10 07:10:00;212.854;172.118; 86.750; 93.983;255.936
2025-03-10 07:15:00;214.027;169.747; 86.268; 96.603;253.512
2025-03-10 07:20:00;212.813;169.034; 86.494; 95.890;254.910
2025-03-10 07:25:00;214.857;169.013; 86.618; 96.123;254.338
2025-03-10 07:30:00;213.193;169.365; 84.508; 96.693;253.014
2025-03-10 07:35:00;215.634;169.978; 86.082; 95.134;252.710
2025-03-10 07:40:00;213.570;168.735; 85.846; 95.833;254.368
2025-03-10 07:45:00;214.387;170.216; 86.612; 95.534;253.614
2025-03-10 07:50:00;214.590;170.271; 86.552; 95.678;254.720
2025-03-10 07:55:00;214.607;171.150; 87.690; 95.821;256.120
2025-03-10 08:00:00;214.247;169.965; 86.642; 95.979;253.798
2025-03-10 08:05:00;213.820;170.110; 86.984; 95.829;255.238
2025-03-10 08:10:00;214.047;168.818; 86.036; 97.462;255.532
2025-03-10 08:15:00;213.510;170.723; 84.890; 94.623;257.242
2025-03-10 08:20:00;214.573;169.883; 85.856; 96.518;256.018
2025-03-10 08:25:00;216.510;171.176; 86.450; 96.118;254.146
2025-03-10 08:30:00;213.293;169.457; 85.652; 94.885;255.816
2025-03-10 08:35:00;212.620;168.998; 86.100; 96.867;255.018
2025-03-10 08:40:00;213.650;170.111; 86.594; 95.012;255.608
2025-03-10 08:45:00;213.850;170.309; 86.238; 93.653;254.278
2025-03-10 08:50:00;216.303;171.949; 86.348; 94.970;257.234
2025-03-10 08:55:00;213.227;170.032; 86.468; 97.442;254.910
2025-03-10 09:00:00;213.900;171.952; 88.060; 95.778;257.084
2025-03-10 09:05:00;214.343;170.201; 85.932; 95.945;255.806
2025-03-10 09:10:00;211.943;169.463; 85.190; 96.907;254.020
2025-03-10 09:15:00;213.647;168.453; 86.620; 95.662;255.896
2025-03-10 09:20:00;214.797;169.856; 87.120; 96.358;253.406
2025-03-10 09:25:00;215.710;171.878; 86.388; 96.474;255.348
2025-03-10 09:30:00;214.130;170.460; 86.864; 96.311;256.292
2025-03-10 09:35:00;212.873;170.140; 85.796; 96.019;256.404
2025-03-10 09:40:00;213.500;168.735; 87.504; 96.472;253.944
2025-03-10 09:45:00;213.577;170.680; 85.700; 98.210;255.806
2025-03-10 09:50:00;213.223;170.167; 83.594; 96.230;255.386
2025-03-10 09:55:00;214.160;172.168; 86.632; 96.287;255.392
2025-03-10 10:00:00;214.947;169.026; 86.832; 96.756;256.544
2025-03-10 10:05:00;215.557;171.388; 86.570; 97.312;255.002
2025-03-10 10:10:00;212.353;171.613; 85.132; 95.087;256.510
2025-03-10 10:15:00;214.117;170.694; 84.628; 96.570;254.226
2025-03-10 10:20:00;215.040;170.974; 84.990; 94.654;254.776
2025-03-10 10:25:00;213.547;171.399; 87.238; 96.372;254.998
2025-03-10 10:30:00;214.050;172.046; 86.118; 95.595;256.706
2025-03-10 10:35:00;211.916;168.521; 85.860; 95.478;256.328
2025-03-10 10:40:00;214.467;169.251; 86.490; 95.784;255.538
2025-03-10 10:45:00;213.687;171.252; 86.114; 95.489;253.546
2025-03-10 10:50:00;216.787;171.825; 86.552; 97.259;256.604
2025-03-10 10:55:00;215.230;170.995; 86.530; 95.918;255.294
2025-03-10 11:00:00;211.477;171.021; 85.352; 95.739;253.354
2025-03-10 11:05:00;212.897;172.682; 85.634; 96.660;254.826
2025-03-10 11:10:00;213.586;171.010; 87.008; 95.805;255.816
2025-03-10 11:15:00;212.313;171.670; 86.784; 95.943;253.002
2025-03-10 11:20:00;212.226;170.789; 85.902; 96.770;254.192
2025-03-10 11:25:00;215.353;171.135; 85.744; 98.484;255.278
2025-03-10 11:30:00;214.350;169.147; 85.830; 96.859;253.078
2025-03-10 11:35:00;214.307;170.592; 86.588; 95.603;252.790
2025-03-10 11:40:00;211.833;173.212; 85.468; 96.276;254.080
2025-03-10 11:45:00;212.673;170.948; 87.312; 96.086;254.356
2025-03-10 11:50:00;215.327;172.594; 85.470; 97.478;252.732
2025-03-10 11:55:00;212.320;171.571; 85.720; 95.638;255.844
2025-03-10 12:00:00;213.787;172.219; 86.464; 95.524;257.498
2025-03-10 12:05:00;214.997;169.164; 86.470; 96.202;252.974
2025-03-10 12:10:00;214.850;172.904; 87.042; 95.636;255.584
2025-03-10 12:15:00;213.680;172.541; 86.770; 97.329;252.750
2025-03-10 12:20:00;213.603;169.490; 86.896; 96.828;256.382
2025-03-10 12:25:00;214.017;171.314; 86.656; 97.552;256.726
2025-03-10 12:30:00;210.826;172.540; 87.252; 96.613;254.484
2025-03-10 12:35:00;211.323;171.250; 86.264; 94.772;253.598
2025-03-10 12:40:00;216.140;171.546; 86.494; 96.864;254.584
2025-03-10 12:45:00;213.000;171.833; 86.446; 96.336;257.390
2025-03-10 12:50:00;214.527;172.815; 86.582; 96.579;256.214
2025-03-10 12:55:00;214.766;171.344; 87.484; 95.489;255.592
2025-03-10 13:00:00;210.567;170.905; 86.784; 95.831;254.276
2025-03-10 13:05:00;212.507;169.346; 86.452; 97.318;254.100
2025-03-10 13:10:00;216.563;170.120; 87.546; 94.817;255.288
2025-03-10 13:15:00;215.983;168.951; 87.702; 94.821;253.142
2025-03-10 13:20:00;212.890;170.298; 85.366; 95.947;255.088
2025-03-10 13:25:00;214.580;173.870; 86.552; 96.321;254.780
2025-03-10 13:30:00;212.940;171.394; 87.680; 95.423;254.410
2025-03-10 13:35:00;214.650;172.813; 86.518; 95.307;256.556
2025-03-10 13:40:00;214.480;169.301; 86.924; 95.331;254.686
2025-03-10 13:45:00;215.733;169.653; 85.840; 96.481;254.424
2025-03-10 13:50:00;211.653;171.315; 87.326; 96.713;255.218
2025-03-10 13:55:00;214.243;171.390; 87.144; 95.477;255.094
2025-03-10 14:00:00;215.760;169.299; 86.332; 95.339;254.830
2025-03-10 14:05:00;212.320;168.283; 86.638; 95.289;254.762
2025-03-10 14:10:00;215.297;170.336; 86.536; 95.861;251.438
2025-03-10 14:15:00;211.457;169.068; 86.976; 96.456;255.412
2025-03-10 14:20:00;215.213;168.170; 86.586; 95.584;252.656
2025-03-10 14:25:00;215.003;168.934; 87.792; 96.043;255.372
2025-03-10 14:30:00;212.467;169.864; 87.188; 95.647;253.716
2025-03-10 14:35:00;213.680;171.444; 86.734; 95.566;256.066
2025-03-10 14:40:00;213.577;169.970; 86.144; 96.178;252.666
2025-03-10 14:45:00;213.370;171.397; 86.576; 96.015;255.210
2025-03-10 14:50:00;216.257;170.961; 86.992; 96.248;254.316
2025-03-10 14:55:00;213.983;173.328; 85.808; 94.741;252.676
2025-03-10 15:00:00;211.103;171.728; 86.778; 96.918;254.856
2025-03-10 15:05:00;213.847;170.484; 87.028; 96.148;255.870
2025-03-10 15:10:00;213.694;169.539; 86.472; 94.316;254.752
2025-03-10 15:15:00;213.096;172.350; 84.746; 95.882;255.416
2025-03-10 15:20:00;214.123;171.157; 87.868; 95.779;254.422
2025-03-10 15:25:00;215.393;171.339; 86.644; 96.214;254.422
2025-03-10 15:30:00;213.430;169.285; 86.692; 94.983;256.606
2025-03-10 15:35:00;213.960;169.744; 87.298; 94.982;255.136
2025-03-10 15:40:00;214.053;169.900; 85.976; 97.015;254.476
2025-03-10 15:45:00;214.980;167.947; 87.444; 92.680;255.516
2025-03-10 15:50:00;216.967;169.879; 85.476; 97.016;254.862
2025-03-10 15:55:00;213.127;168.552; 87.004; 97.094;252.302
2025-03-10 16:00:00;213.273;169.932; 87.656; 94.443;256.098
2025-03-10 16:05:00;213.417;169.081; 86.686; 94.614;253.600
2025-03-10 16:10:00;215.667;168.640; 86.164; 94.605;256.532
2025-03-10 16:15:00;216.464;168.178; 86.868; 97.163;254.296
2025-03-10 16:20:00;212.917;169.645; 87.614; 95.486;253.538
2025-03-10 16:25:00;214.060;170.409; 87.850; 96.199;254.950
2025-03-10 16:30:00;212.940;169.043; 86.182; 95.326;253.710
2025-03-10 16:35:00;213.933;170.102; 87.556; 94.761;254.368
2025-03-10 16:40:00;212.130;167.052; 89.190; 96.606;253.094
2025-03-10 16:45:00;212.126;168.140; 85.614; 95.821;253.986
2025-03-10 16:50:00;214.607;171.718; 88.020; 96.404;252.416
2025-03-10 16:55:00;212.883;167.771; 87.304; 96.460;252.140
2025-03-10 17:00:00;212.560;170.550; 86.704; 95.748;250.784
2025-03-10 17:05:00;213.570;167.532; 87.566; 94.724;253.908
2025-03-10 17:10:00;212.063;168.527; 87.052; 95.370;252.962
2025-03-10 17:15:00;217.003;169.441; 87.224; 95.980;253.748
2025-03-10 17:20:00;216.677;167.392; 87.458; 95.522;253.536
2025-03-10 17:25:00;214.167;170.682; 88.004; 95.649;256.000
2025-03-10 17:30:00;214.300;171.496; 86.070; 96.208;255.336
2025-03-10 17:35:00;213.090;169.953; 86.758; 95.286;253.452
2025-03-10 17:40:00;214.060;168.254; 87.646; 94.816;255.630
2025-03-10 17:45:00;216.080;169.773; 86.642; 95.742;257.010
2025-03-10 17:50:00;213.587;167.590; 85.640; 95.568;253.210
2025-03-10 17:55:00;213.240;165.611; 87.020; 96.190;253.264
2025-03-10 18:00:00;216.497;169.066; 85.868; 94.793;253.406
2025-03-10 18:05:00;213.083;168.389; 87.512; 95.479;255.742
2025-03-10 18:10:00;212.937;169.116; 87.468; 93.910;253.334
2025-03-10 18:15:00;214.673;168.866; 86.672; 94.160;255.274
2025-03-10 18:20:00;213.194;170.165; 86.308; 96.085;254.352
2025-03-10 18:25:00;213.507;167.891; 87.332; 96.325;253.856
2025-03-10 18:30:00;214.627;168.485; 84.954; 94.037;253.320
2025-03-10 18:35:00;215.077;167.867; 85.560; 94.622;254.538
2025-03-10 18:40:00;214.943;166.631; 86.900; 95.236;253.716
2025-03-10 18:45:00;214.060;167.009; 86.610; 93.962;254.716
2025-03-10 18:50:00;212.497;168.740; 86.574; 95.234;257.208
2025-03-10 18:55:00;216.580;168.825; 87.120; 96.344;253.616
2025-03-10 19:00:00;214.100;167.481; 86.398; 94.742;253.920
2025-03-10 19:05:00;214.387;167.738; 87.940; 94.755;254.362
2025-03-10 19:10:00;211.230;169.594; 87.820; 96.423;251.730
2025-03-10 19:15:00;214.317;170.104; 86.530; 95.781;253.956
2025-03-10 19:20:00;214.110;167.767; 86.438; 94.073;255.436
2025-03-10 19:25:00;214.363;167.005; 85.780; 96.112;255.332
2025-03-10 19:30:00;215.433;167.586; 87.292; 95.527;255.458
2025-03-10 19:35:00;211.320;169.004; 87.416; 95.054;255.132
2025-03-10 19:40:00;213.640;168.755; 87.140; 96.068;252.230
2025-03-10 19:45:00;216.410;167.618; 86.506; 96.266;255.846
2025-03-10 19:50:00;212.887;166.229; 87.320; 94.811;255.898
2025-03-10 19:55:00;213.430;168.898; 85.146; 94.192;253.584
2025-03-10 20:00:00;214.817;168.424; 88.268; 95.755;253.102
2025-03-10 20:05:00;211.943;169.011; 85.938; 93.739;252.998
2025-03-10 20:10:00;213.207;167.676; 85.784; 96.224;253.276
2025-03-10 20:15:00;214.010;168.938; 87.084; 93.695;252.006
2025-03-10 20:20:00;214.123;167.416; 87.318; 95.148;254.178
2025-03-10 20:25:00;217.837;169.001; 86.462; 93.867;252.984
2025-03-10 20:30:00;215.610;166.140; 85.350; 94.607;256.276
2025-03-10 20:35:00;215.247;166.140; 87.154; 95.851;255.650
2025-03-10 20:40:00;215.450;168.444; 86.624; 93.706;253.390
2025-03-10 20:45:00;213.310;167.433; 85.666; 94.693;254.248
2025-03-10 20:50:00;214.807;167.686; 85.960; 93.855;254.404
2025-03-10 20:55:00;211.937;167.402; 85.852; 96.384;254.586
2025-03-10 21:00:00;213.010;166.518; 85.052; 96.398;255.368
2025-03-10 21:05:00;212.970;167.103; 84.738; 95.786;252.466
2025-03-10 21:10:00;213.020;170.267; 85.920; 95.275;252.484
2025-03-10 21:15:00;211.340;169.675; 86.638; 95.682;253.418
2025-03-10 21:20:00;212.450;167.839; 87.384; 95.887;252.430
2025-03-10 21:25:00;214.237;170.309; 85.748; 95.945;253.768
2025-03-10 21:30:00;213.190;168.418; 85.768; 94.559;253.200
2025-03-10 21:35:00;213.813;168.119; 85.746; 92.890;250.510
2025-03-10 21:40:00;214.893;166.344; 87.372; 96.493;256.086
2025-03-10 21:45:00;215.257;167.263; 86.144; 94.536;251.208
2025-03-10 21:50:00;212.313;167.852; 86.134; 95.349;254.084
2025-03-10 21:55:00;214.923;166.390; 86.924; 96.015;252.574
2025-03-10 22:00:00;214.844;168.332; 85.578; 95.315;251.840
2025-03-10 22:05:00;214.520;168.351; 85.422; 95.480;250.970
2025-03-10 22:10:00;214.007;169.380; 85.612; 94.795;253.978
2025-03-10 22:15:00;213.730;167.773; 84.716; 94.746;253.700
2025-03-10 22:20:00;214.260;169.397; 86.242; 95.062;251.502
2025-03-10 22:25:00;213.203;170.098; 85.556; 95.407;253.546
2025-03-10 22:30:00;213.437;167.758; 85.890; 96.717;253.414
2025-03-10 22:35:00;213.643;169.167; 86.750; 95.084;254.038
2025-03-10 22:40:00;213.270;167.905; 85.490; 95.846;254.414
2025-03-10 22:45:00;214.103;168.474; 84.680; 95.464;252.204
2025-03-10 22:50:00;212.217;167.945; 84.158; 95.047;254.166
2025-03-10 22:55:00;213.047;170.430; 86.412; 94.929;254.824
2025-03-10 23:00:00;217.117;168.950; 86.542; 93.644;252.654
2025-03-10 23:05:00;214.633;171.063; 86.588; 96.424;252.426
2025-03-10 23:10:00;213.673;169.798; 86.290; 95.113;252.774
2025-03-10 23:15:00;212.176;167.391; 86.914; 93.645;254.300
2025-03-10 23:20:00;213.770;169.397; 85.720; 95.499;254.268
2025-03-10 23:25:00;211.737;168.135; 86.162; 95.894;251.704
2025-03-10 23:30:00;212.673;169.850; 86.788; 95.580;251.720
2025-03-10 23:35:00;213.543;168.119; 86.120; 94.068;250.950
2025-03-10 23:40:00;213.947;167.257; 87.200; 95.577;252.136
2025-03-10 23:45:00;213.404;167.375; 85.232; 96.648;250.120
2025-03-10 23:50:00;215.567;167.963; 85.494; 95.996;251.694
2025-03-10 23:55:00;212.533;169.830; 86.010; 95.926;253.560
2025-03-11 00:00:00;215.300;167.907; 84.672; 96.692;251.410
2025-03-11 00:05:00;213.027;168.211; 86.736; 94.895;252.238
2025-03-11 00:10:00;213.177;169.441; 86.882; 95.249;249.800
2025-03-11 00:15:00;214.327;167.849; 85.836; 94.816;254.046
2025-03-11 00:20:00;215.000;166.991; 86.678; 94.433;254.348
2025-03-11 00:25:00;215.870;169.735; 85.104; 96.172;253.394
2025-03-11 00:30:00;216.677;170.005; 85.942; 95.629;254.634
2025-03-11 00:35:00;210.487;169.735; 86.316; 94.673;252.484
2025-03-11 00:40:00;212.797;170.105; 85.892; 94.928;251.156
2025-03-11 00:45:00;212.640;167.750; 86.290; 94.707;252.652
2025-03-11 00:50:00;211.407;168.087; 86.130; 93.431;253.166
2025-03-11 00:55:00;214.690;168.690; 84.620; 94.392;253.326
2025-03-11 01:00:00;211.877;170.137; 86.326; 95.003;252.448
2025-03-11 01:05:00;211.937;169.584; 86.274; 95.825;251.918
2025-03-11 01:10:00;212.407;167.838; 84.418; 96.285;250.292
2025-03-11 01:15:00;212.353;166.150; 85.424; 94.365;252.184
2025-03-11 01:20:00;210.853;168.375; 85.640; 93.787;252.962
2025-03-11 01:25:00;212.880;167.862; 85.396; 94.653;251.640
2025-03-11 01:30:00;213.880;169.228; 86.172; 93.814;252.480
2025-03-11 01:35:00;213.897;168.640; 85.770; 94.079;252.232
2025-03-11 01:40:00;211.980;168.125; 86.064; 95.681;255.818
2025-03-11 01:45:00;211.077;167.678; 85.692; 95.046;253.112
2025-03-11 01:50:00;213.923;168.792; 85.446; 95.647;251.314
2025-03-11 01:55:00;215.590;168.209; 85.768; 97.228;253.706
2025-03-11 02:00:00;215.547;168.521; 85.112; 94.952;252.028
2025-03-11 02:05:00;213.377;167.077; 86.678; 95.849;252.964
2025-03-11 02:10:00;213.070;167.156; 85.238; 95.611;251.700
2025-03-11 02:15:00;214.827;167.326; 85.310; 94.088;252.356
2025-03-11 02:20:00;213.680;168.383; 86.222; 95.801;251.274
2025-03-11 02:25:00;214.147;169.736; 86.798; 95.827;254.348
2025-03-11 02:30:00;211.723;167.032; 85.146; 94.532;252.458
2025-03-11 02:35:00;208.793;167.058; 85.924; 96.354;252.372
2025-03-11 02:40:00;210.887;168.552; 86.660; 95.770;253.086
2025-03-11 02:45:00;212.127;168.234; 86.282; 94.569;252.602
2025-03-11 02:50:00;212.367;167.186; 85.362; 96.373;255.232
2025-03-11 02:55:00;212.593;166.948; 86.012; 95.556;253.324
2025-03-11 03:00:00;214.087;167.159; 85.894; 95.266;253.550
2025-03-11 03:05:00;214.367;171.755; 85.364; 93.772;252.272
2025-03-11 03:10:00;212.293;165.586; 85.144; 96.378;253.170
2025-03-11 03:15:00;214.010;169.562; 86.066; 95.091;254.612
2025-03-11 03:20:00;212.340;168.424; 86.118; 97.301;255.330
2025-03-11 03:25:00;213.573;167.091; 85.818; 96.446;251.748
2025-03-11 03:30:00;211.837;167.223; 85.154; 95.216;254.984
2025-03-11 03:35:00;213.423;166.928; 85.338; 94.140;253.898
2025-03-11 03:40:00;211.130;167.615; 85.266; 94.767;251.384
2025-03-11 03:45:00;214.317;167.490; 86.142; 94.595;251.304
2025-03-11 03:50:00;212.590;167.313; 85.924; 94.534;253.962
2025-03-11 03:55:00;211.577;167.898; 85.672; 95.744;250.948
2025-03-11 04:00:00;210.900;165.294; 85.320; 93.653;254.292
2025-03-11 04:05:00;212.467;167.938; 84.984; 95.208;254.700
2025-03-11 04:10:00;210.990;166.608; 86.888; 95.856;253.772
2025-03-11 04:15:00;212.140;168.032; 83.980; 94.826;252.706
2025-03-11 04:20:00;214.840;167.788; 84.822; 94.024;254.526
2025-03-11 04:25:00;212.180;170.663; 85.522; 94.601;251.720
2025-03-11 04:30:00;212.740;168.375; 85.710; 94.315;253.238
2025-03-11 04:35:00;211.700;168.589; 85.522; 94.592;256.326
2025-03-11 04:40:00;213.123;168.258; 85.982; 95.903;254.574
2025-03-11 04:45:00;213.063;166.975; 85.772; 94.408;253.730
2025-03-11 04:50:00;212.923;167.653; 86.354; 94.481;253.748
2025-03-11 04:55:00;211.880;167.343; 86.182; 94.562;252.840
2025-03-11 05:00:00;211.160;167.279; 86.014; 94.775;254.962
2025-03-11 05:05:00;211.130;166.562; 85.444; 95.534;254.420
2025-03-11 05:10:00;210.723;168.911; 85.462; 94.657;253.764
2025-03-11 05:15:00;212.856;168.339; 86.038; 94.626;254.772
2025-03-11 05:20:00;213.040;169.514; 84.966; 94.298;255.142
2025-03-11 05:25:00;214.770;169.033; 85.376; 93.877;253.998
2025-03-11 05:30:00;212.373;169.741; 85.412; 94.521;253.800
2025-03-11 05:35:00;213.810;168.960; 85.432; 94.814;252.364
2025-03-11 05:40:00;213.997;169.848; 85.760; 93.393;254.946
2025-03-11 05:45:00;213.753;168.421; 86.812; 93.818;254.288
2025-03-11 05:50:00;213.507;165.984; 84.948; 94.890;253.674
2025-03-11 05:55:00;213.337;168.614; 86.184; 95.461;254.696
2025-03-11 06:00:00;212.367;169.768; 84.352; 94.830;254.888
2025-03-11 06:05:00;211.553;169.156; 85.392; 93.251;253.652
2025-03-11 06:10:00;212.510;168.498; 84.994; 95.537;251.870
2025-03-11 06:15:00;212.367;169.485; 84.450; 95.027;252.456
2025-03-11 06:20:00;214.200;168.427; 85.526; 94.934;254.126
2025-03-11 06:25:00;211.497;167.394; 85.542; 95.365;251.466
2025-03-11 06:30:00;212.573;169.177; 85.698; 94.369;253.848
2025-03-11 06:35:00;212.650;167.842; 85.936; 95.440;254.044
2025-03-11 06:40:00;213.077;168.115; 84.330; 95.594;254.996
2025-03-11 06:45:00;212.417;169.830; 84.950; 94.489;255.330
2025-03-11 06:50:00;214.593;168.263; 87.456; 94.448;250.994
2025-03-11 06:55:00;214.027;168.674; 85.728; 94.995;251.494
2025-03-11 07:00:00;210.673;169.197; 85.706; 95.681;253.156
2025-03-11 07:05:00;213.107;169.586; 86.570; 95.464;254.924
2025-03-11 07:10:00;214.647;168.291; 85.602; 94.563;252.696
2025-03-11 07:15:00;212.180;167.183; 86.218; 95.046;253.778
2025-03-11 07:20:00;213.963;168.895; 84.974; 94.486;252.674
2025-03-11 07:25:00;211.637;168.288; 85.850; 93.811;254.410
2025-03-11 07:30:00;212.273;168.223; 85.722; 94.692;254.038
2025-03-11 07:35:00;213.677;167.691; 85.388; 96.424;252.954
2025-03-11 07:40:00;213.367;168.875; 83.876; 94.832;253.650
2025-03-11 07:45:00;211.963;169.695; 84.138; 95.731;251.824
2025-03-11 07:50:00;212.887;168.426; 84.936; 94.761;255.682
2025-03-11 07:55:00;211.533;169.275; 86.010; 96.759;252.090
2025-03-11 08:00:00;213.033;167.907; 87.056; 94.620;254.020
2025-03-11 08:05:00;211.690;167.180; 85.510; 93.422;252.846
2025-03-11 08:10:00;213.610;168.066; 85.208; 95.550;252.900
2025-03-11 08:15:00;212.717;168.737; 85.776; 95.073;254.908
2025-03-11 08:20:00;210.913;167.902; 86.404; 94.963;252.462
2025-03-11 08:25:00;210.674;166.904; 85.848; 94.523;251.990
2025-03-11 08:30:00;213.603;167.745; 85.838; 95.527;252.710
2025-03-11 08:35:00;212.597;169.371; 85.174; 93.663;254.796
2025-03-11 08:40:00;212.150;168.610; 84.456; 95.659;252.494
2025-03-11 08:45:00;214.637;169.113; 86.040; 94.708;251.632
2025-03-11 08:50:00;212.750;168.107; 84.540; 93.908;254.060
2025-03-11 08:55:00;211.200;166.917; 85.666; 94.675;251.152
2025-03-11 09:00:00;212.283;167.346; 85.272; 94.665;254.214
2025-03-11 09:05:00;212.230;168.355; 85.228; 95.197;253.454
2025-03-11 09:10:00;211.383;171.679; 84.418; 95.329;250.816
2025-03-11 09:15:00;211.440;168.205; 84.834; 94.033;253.440
2025-03-11 09:20:00;213.080;168.768; 86.304; 94.655;252.598
2025-03-11 09:25:00;212.790;169.070; 85.444; 94.902;255.370
2025-03-11 09:30:00;208.400;168.843; 85.754; 97.190;252.552
2025-03-11 09:35:00;212.540;168.148; 85.052; 96.338;252.480
2025-03-11 09:40:00;211.617;168.856; 87.176; 95.710;252.390
2025-03-11 09:45:00;210.860;167.240; 85.790; 95.696;253.544
2025-03-11 09:50:00;212.773;167.367; 86.768; 94.279;253.288
2025-03-11 09:55:00;212.303;168.381; 85.590; 95.889;253.124
2025-03-11 10:00:00;213.764;170.151; 86.316; 93.737;254.258
2025-03-11 10:05:00;212.677;169.736; 85.496; 95.528;254.390
2025-03-11 10:10:00;210.913;167.661; 86.042; 94.890;253.114
2025-03-11 10:15:00;214.820;165.696; 85.682; 95.351;252.812
2025-03-11 10:20:00;211.173;169.408; 85.836; 95.264;252.620
2025-03-11 10:25:00;210.340;170.183; 86.032; 95.944;253.448
2025-03-11 10:30:00;214.770;169.397; 84.710; 95.980;255.426
2025-03-11 10:35:00;211.037;170.204; 84.766; 96.174;253.716
2025-03-11 10:40:00;212.844;168.724; 85.608; 96.255;252.862
2025-03-11 10:45:00;212.600;169.549; 85.436; 95.014;252.922
2025-03-11 10:50:00;212.957;170.370; 85.584; 95.532;253.652
2025-03-11 10:55:00;211.923;169.185; 85.758; 95.892;253.290
2025-03-11 11:00:00;211.053;169.030; 85.296; 96.041;255.404
2025-03-11 11:05:00;211.170;170.529; 84.966; 94.485;253.564
2025-03-11 11:10:00;209.647;169.655; 84.590; 94.277;251.378
2025-03-11 11:15:00;212.177;169.101; 85.966; 94.818;255.370
2025-03-11 11:20:00;209.807;168.934; 86.074; 96.762;254.806
2025-03-11 11:25:00;212.143;167.906; 86.502; 95.121;253.198
2025-03-11 11:30:00;213.450;170.951; 85.432; 94.476;253.208
2025-03-11 11:35:00;211.740;168.804; 85.640; 94.859;254.332
2025-03-11 11:40:00;212.097;167.985; 84.980; 95.743;252.368
2025-03-11 11:45:00;211.913;168.527; 87.102; 95.107;254.390
2025-03-11 11:50:00;211.130;167.618; 87.436; 93.760;253.504
2025-03-11 11:55:00;214.133;169.843; 84.842; 93.312;254.240
2025-03-11 12:00:00;211.427;169.212; 84.968; 96.272;254.246
2025-03-11 12:05:00;212.100;169.655; 85.122; 96.156;253.250
2025-03-11 12:10:00;212.417;170.578; 85.034; 95.612;254.660
2025-03-11 12:15:00;213.370;169.807; 85.230; 95.022;253.374
2025-03-11 12:20:00;210.943;166.145; 85.440; 96.323;253.788
2025-03-11 12:25:00;211.980;170.004; 85.506; 94.684;253.760
2025-03-11 12:30:00;212.307;169.179; 85.336; 96.040;253.364
2025-03-11 12:35:00;214.737;169.840; 86.160; 95.232;252.956
2025-03-11 12:40:00;213.787;171.792; 84.588; 95.111;252.822
2025-03-11 12:45:00;210.563;169.122; 86.072; 97.182;255.642
2025-03-11 12:50:00;212.850;168.038; 85.666; 94.107;253.984
2025-03-11 12:55:00;212.210;168.957; 86.366; 95.630;253.742
2025-03-11 13:00:00;211.627;167.423; 85.272; 96.638;254.658
2025-03-11 13:05:00;214.467;169.429; 85.052; 95.724;253.350
2025-03-11 13:10:00;213.743;170.332; 86.554; 95.304;250.980
2025-03-11 13:15:00;212.197;170.417; 84.716; 94.946;253.018
2025-03-11 13:20:00;213.273;168.964; 85.072; 94.729;253.778
2025-03-11 13:25:00;212.217;170.130; 84.706; 94.922;257.088
2025-03-11 13:30:00;214.377;170.566; 86.502; 95.910;251.774
2025-03-11 13:35:00;213.820;168.160; 85.778; 95.195;254.192
2025-03-11 13:40:00;215.067;170.680; 87.086; 95.287;252.380
2025-03-11 13:45:00;211.963;168.184; 85.132; 95.834;255.118
2025-03-11 13:50:00;212.530;170.179; 86.368; 95.590;254.058
2025-03-11 13:55:00;212.117;168.280; 84.994; 95.423;252.966
2025-03-11 14:00:00;212.570;169.342; 86.030; 95.671;252.776
2025-03-11 14:05:00;213.170;167.850; 87.382; 95.920;253.824
2025-03-11 14:10:00;212.673;171.082; 84.916; 94.254;252.634
2025-03-11 14:15:00;212.157;170.374; 85.366; 95.931;251.360
2025-03-11 14:20:00;210.270;168.703; 85.094; 94.747;251.034
2025-03-11 14:25:00;212.920;168.679; 85.070; 94.249;255.752
2025-03-11 14:30:00;213.327;170.142; 86.400; 96.294;252.296
2025-03-11 14:35:00;212.777;169.066; 86.136; 94.607;252.568
2025-03-11 14:40:00;212.467;169.350; 86.552; 94.263;254.970
2025-03-11 14:45:00;212.340;170.649; 85.420; 95.462;254.212
2025-03-11 14:50:00;211.160;170.991; 85.580; 94.292;253.758
2025-03-11 14:55:00;214.343;170.351; 86.416; 95.643;254.922
2025-03-11 15:00:00;211.877;169.724; 85.208; 94.460;249.760
2025-03-11 15:05:00;212.353;168.331; 85.708; 95.364;254.896
2025-03-11 15:10:00;212.140;169.145; 86.492; 96.194;254.232
2025-03-11 15:15:00;210.887;168.794; 86.240; 94.190;253.174
2025-03-11 15:20:00;212.603;170.244; 86.144; 96.665;255.040
2025-03-11 15:25:00;211.467;169.532; 86.496; 95.911;253.622
2025-03-11 15:30:00;212.970;171.636; 85.216; 96.894;250.908
2025-03-11 15:35:00;210.573;170.778; 85.540; 94.960;254.008
2025-03-11 15:40:00;213.463;170.054; 84.872; 94.335;253.544
2025-03-11 15:45:00;212.173;170.925; 85.456; 95.063;253.194
2025-03-11 15:50:00;212.507;168.553; 84.480; 95.468;252.610
2025-03-11 15:55:00;214.357;169.369; 85.462; 96.256;254.844
2025-03-11 16:00:00;213.643;171.035; 85.800; 94.994;252.182
2025-03-11 16:05:00;213.273;169.849; 85.036; 95.593;254.962
2025-03-11 16:10:00;214.160;168.717; 86.938; 95.867;255.048
2025-03-11 16:15:00;211.493;168.793; 85.838; 94.491;255.530
2025-03-11 16:20:00;212.550;169.552; 86.498; 94.848;254.090
2025-03-11 16:25:00;211.640;169.162; 86.188; 96.164;252.600
2025-03-11 16:30:00;213.203;170.883; 86.054; 96.285;253.704
2025-03-11 16:35:00;213.927;167.145; 84.866; 95.389;252.298
2025-03-11 16:40:00;213.710;167.082; 86.066; 95.670;252.642
2025-03-11 16:45:00;214.030;169.702; 86.088; 96.553;251.760
2025-03-11 16:50:00;212.354;170.337; 86.576; 96.355;252.520
2025-03-11 16:55:00;212.763;169.404; 84.850; 96.621;253.464
2025-03-11 17:00:00;212.237;169.291; 86.800; 94.938;254.228
2025-03-11 17:05:00;212.477;169.890; 87.216; 95.428;254.010
2025-03-11 17:10:00;213.107;168.174; 85.898; 96.171;253.836
2025-03-11 17:15:00;212.900;167.919; 86.472; 96.812;254.360
2025-03-11 17:20:00;210.813;167.604; 85.246; 95.629;251.440
2025-03-11 17:25:00;210.540;168.023; 86.976; 94.646;253.496
2025-03-11 17:30:00;213.173;168.171; 85.864; 93.647;254.258
2025-03-11 17:35:00;210.230;168.909; 86.398; 94.499;255.876
2025-03-11 17:40:00;213.240;166.978; 85.510; 94.604;254.706
2025-03-11 17:45:00;214.293;169.009; 84.848; 94.946;252.276
2025-03-11 17:50:00;211.763;169.133; 85.614; 94.978;251.756
2025-03-11 17:55:00;213.603;170.753; 88.766; 95.165;255.324
2025-03-11 18:00:00;212.550;169.827; 86.598; 94.156;252.304
2025-03-11 18:05:00;214.067;167.644; 86.428; 95.101;254.160
2025-03-11 18:10:00;210.714;169.324; 86.768; 93.657;256.062
2025-03-11 18:15:00;211.177;169.846; 85.270; 94.647;250.786
2025-03-11 18:20:00;213.410;168.598; 86.274; 95.359;254.462
2025-03-11 18:25:00;216.127;168.993; 84.948; 97.717;253.230
2025-03-11 18:30:00;213.287;167.205; 85.498; 94.225;252.500
2025-03-11 18:35:00;213.537;167.708; 86.078; 94.960;253.544
2025-03-11 18:40:00;213.857;168.580; 86.362; 95.966;253.670
2025-03-11 18:45:00;211.804;167.698; 84.622; 95.863;253.866
2025-03-11 18:50:00;213.873;167.697; 85.838; 94.863;255.200
2025-03-11 18:55:00;211.797;167.847; 85.156; 94.596;253.754
2025-03-11 19:00:00;212.230;168.828; 86.088; 94.933;253.862
2025-03-11 19:05:00;212.740;168.635; 85.370; 95.015;253.544
2025-03-11 19:10:00;213.427;168.788; 85.366; 93.884;252.550
2025-03-11 19:15:00;211.496;169.704; 86.396; 94.898;253.390
2025-03-11 19:20:00;213.007;169.461; 85.108; 95.207;253.948
2025-03-11 19:25:00;213.713;169.316; 85.618; 94.876;252.888
2025-03-11 19:30:00;211.023;166.403; 84.274; 94.523;254.360
2025-03-11 19:35:00;213.237;168.211; 86.242; 94.838;250.952
2025-03-11 19:40:00;212.950;167.980; 86.184; 94.292;255.062
2025-03-11 19:45:00;212.010;166.673; 85.948; 94.993;252.560
2025-03-11 19:50:00;212.323;167.086; 84.986; 94.212;253.680
2025-03-11 19:55:00;211.590;168.195; 86.948; 94.593;252.980
2025-03-11 20:00:00;212.790;169.028; 86.118; 95.240;255.438
2025-03-11 20:05:00;210.313;168.951; 87.924; 96.017;256.762
2025-03-11 20:10:00;213.243;166.860; 86.314; 94.704;253.318
2025-03-11 20:15:00;213.017;166.674; 86.012; 94.551;252.592
2025-03-11 20:20:00;216.233;168.901; 85.400; 94.859;251.572
2025-03-11 20:25:00;211.050;166.345; 86.032; 95.208;254.524
2025-03-11 20:30:00;212.420;166.890; 86.048; 94.659;254.232
2025-03-11 20:35:00;215.300;167.808; 85.984; 95.265;254.282
2025-03-11 20:40:00;210.673;165.719; 85.798; 94.267;253.594
2025-03-11 20:45:00;212.420;170.410; 84.698; 95.677;252.304
2025-03-11 20:50:00;215.403;167.322; 86.202; 93.953;252.952
2025-03-11 20:55:00;212.813;167.177; 85.930; 95.553;254.354
2025-03-11 21:00:00;210.107;167.022; 85.322; 94.914;251.688
2025-03-11 21:05:00;212.513;167.235; 86.522; 94.142;251.904
2025-03-11 21:10:00;211.540;167.031; 85.538; 95.697;253.974
2025-03-11 21:15:00;214.097;167.766; 87.050; 94.779;252.928
2025-03-11 21:20:00;213.420;165.394; 86.762; 93.270;253.968
2025-03-11 21:25:00;211.970;166.941; 85.048; 93.860;254.250
2025-03-11 21:30:00;215.000;169.287; 86.458; 96.185;255.642
2025-03-11 21:35:00;213.707;166.586; 85.508; 93.164;255.652
2025-03-11 21:40:00;212.064;166.705; 87.266; 93.169;253.918
2025-03-11 21:45:00;212.657;168.322; 85.702; 93.628;251.502
2025-03-11 21:50:00;214.753;167.466; 85.702; 93.520;252.458
2025-03-11 21:55:00;210.077;167.270; 85.418; 95.656;255.728
2025-03-11 22:00:00;214.523;167.812; 85.646; 95.003;252.880
2025-03-11 22:05:00;214.227;165.435; 85.616; 94.540;252.472
2025-03-11 22:10:00;214.643;165.480; 85.614; 95.230;252.080
2025-03-11 22:15:00;213.207;165.872; 87.062; 95.338;255.124
2025-03-11 22:20:00;213.177;167.589; 85.276; 94.139;254.400
2025-03-11 22:25:00;210.077;167.090; 86.330; 95.137;251.374
2025-03-11 22:30:00;212.907;168.670; 87.098; 93.441;251.698
2025-03-11 22:35:00;213.934;167.434; 85.088; 94.349;251.890
2025-03-11 22:40:00;212.737;166.203; 86.182; 93.672;252.756
2025-03-11 22:45:00;211.080;167.062; 84.950; 94.284;251.772
2025-03-11 22:50:00;213.673;165.785; 85.798; 93.945;251.516
2025-03-11 22:55:00;211.353;167.050; 85.922; 95.255;253.540
2025-03-11 23:00:00;210.993;167.783; 86.288; 94.295;252.614
2025-03-11 23:05:00;214.607;168.151; 84.712; 95.082;251.922
2025-03-11 23:10:00;212.963;167.590; 86.452; 95.022;252.282
2025-03-11 23:15:00;214.387;167.465; 85.198; 95.210;254.392
2025-03-11 23:20:00;212.527;167.573; 86.276; 93.882;253.932
2025-03-11 23:25:00;212.543;166.795; 85.696; 95.393;255.118
2025-03-11 23:30:00;213.977;166.120; 85.752; 94.735;251.668
2025-03-11 23:35:00;214.220;166.086; 85.874; 93.290;251.074
2025-03-11 23:40:00;212.823;167.489; 88.456; 95.559;253.124
2025-03-11 23:45:00;213.480;167.959; 84.962; 94.626;252.816
2025-03-11 23:50:00;213.860;168.626; 85.784; 94.337;251.608
2025-03-11 23:55:00;211.950;167.286; 86.174; 95.725;254.884
2025-03-12 00:00:00;213.387;168.040; 86.594; 94.976;254.148
2025-03-12 00:05:00;215.583;167.538; 86.694; 95.580;253.074
2025-03-12 00:10:00;215.220;167.554; 85.454; 93.895;252.214
2025-03-12 00:15:00;212.100;167.544; 85.094; 94.446;251.442
2025-03-12 00:20:00;213.253;167.414; 85.486; 93.793;251.544
2025-03-12 00:25:00;213.634;168.052; 84.602; 96.362;252.186
2025-03-12 00:30:00;214.217;166.128; 87.034; 93.990;253.418
2025-03-12 00:35:00;212.290;167.658; 83.538; 94.310;254.992
2025-03-12 00:40:00;215.173;168.219; 85.412; 96.631;252.322
2025-03-12 00:45:00;212.456;167.247; 84.380; 95.412;255.106
2025-03-12 00:50:00;212.167;166.275; 85.364; 95.775;253.268
2025-03-12 00:55:00;212.054;166.193; 85.956; 95.149;250.344
2025-03-12 01:00:00;212.847;167.136; 85.200; 94.328;252.378
2025-03-12 01:05:00;215.050;165.830; 85.220; 94.474;253.882
2025-03-12 01:10:00;212.933;167.507; 85.690; 95.350;253.584
2025-03-12 01:15:00;211.567;167.365; 85.720; 95.088;254.226
2025-03-12 01:20:00;211.433;168.830; 85.646; 95.126;252.182
2025-03-12 01:25:00;212.957;166.650; 86.494; 94.917;250.212
2025-03-12 01:30:00;214.500;167.619; 86.106; 95.507;252.248
2025-03-12 01:35:00;210.277;167.836; 86.308; 95.125;249.596
2025-03-12 01:40:00;211.683;167.647; 87.716; 95.094;251.000
2025-03-12 01:45:00;212.307;167.218; 84.524; 95.242;251.860
2025-03-12 01:50:00;214.263;167.487; 85.602; 94.398;250.948
2025-03-12 01:55:00;212.263;168.021; 84.848; 96.555;252.756
2025-03-12 02:00:00;211.890;167.074; 85.494; 95.962;249.990
2025-03-12 02:05:00;210.533;166.988; 84.820; 95.256;250.374
2025-03-12 02:10:00;211.560;168.333; 85.990; 95.898;251.542
2025-03-12 02:15:00;216.150;167.893; 86.104; 94.838;253.610
2025-03-12 02:20:00;210.963;167.685; 85.636; 94.725;251.750
2025-03-12 02:25:00;212.780;167.298; 85.012; 94.886;251.368
2025-03-12 02:30:00;210.703;168.408; 86.392; 95.162;253.382
2025-03-12 02:35:00;213.997;168.096; 86.444; 95.546;250.356
2025-03-12 02:40:00;214.040;167.558; 86.600; 94.316;253.614
2025-03-12 02:45:00;213.760;167.815; 86.968; 96.338;251.670
2025-03-12 02:50:00;211.500;167.473; 85.254; 95.707;251.304
2025-03-12 02:55:00;211.707;165.692; 85.544; 94.956;250.782
2025-03-12 03:00:00;212.500;165.189; 86.438; 95.004;252.538
2025-03-12 03:05:00;211.113;166.514; 84.912; 94.622;252.326
2025-03-12 03:10:00;212.450;167.915; 85.904; 93.924;252.750
2025-03-12 03:15:00;212.217;167.400; 85.964; 95.851;249.836
2025-03-12 03:20:00;212.477;167.133; 86.926; 94.162;254.088
2025-03-12 03:25:00;213.520;165.859; 85.806; 96.372;252.470
2025-03-12 03:30:00;214.847;166.998; 87.166; 95.443;250.638
2025-03-12 03:35:00;214.320;167.012; 86.546; 94.964;251.670
2025-03-12 03:40:00;211.843;167.532; 84.900; 93.805;252.010
2025-03-12 03:45:00;211.177;168.615; 86.606; 94.310;253.008
2025-03-12 03:50:00;215.703;165.917; 85.176; 94.988;251.312
2025-03-12 03:55:00;214.153;167.021; 84.912; 96.124;249.416
2025-03-12 04:00:00;212.900;169.870; 86.642; 94.540;250.258
2025-03-12 04:05:00;212.707;167.533; 85.652; 95.090;252.790
2025-03-12 04:10:00;212.513;169.821; 86.192; 95.162;252.564
2025-03-12 04:15:00;213.127;168.255; 85.354; 95.748;253.754
2025-03-12 04:20:00;211.160;169.817; 85.014; 95.795;251.018
2025-03-12 04:25:00;211.693;168.020; 85.596; 95.314;252.914
2025-03-12 04:30:00;212.680;168.199; 85.440; 94.990;252.140
2025-03-12 04:35:00;212.477;170.845; 85.040; 93.763;252.094
2025-03-12 04:40:00;214.027;168.888; 85.240; 95.512;249.998
2025-03-12 04:45:00;214.090;168.265; 84.568; 97.886;252.038
2025-03-12 04:50:00;210.890;167.643; 85.162; 94.767;253.154
2025-03-12 04:55:00;212.483;169.655; 85.744; 92.539;251.582
2025-03-12 05:00:00;213.063;167.661; 85.144; 91.569;253.178
2025-03-12 05:05:00;211.703;168.056; 85.432; 94.449;251.524
2025-03-12 05:10:00;210.707;168.299; 85.110; 94.026;254.488
2025-03-12 05:15:00;214.003;169.109; 85.712; 95.092;251.740
2025-03-12 05:20:00;211.300;167.461; 86.318; 95.487;253.720
2025-03-12 05:25:00;212.477;169.565; 85.240; 94.860;250.358
2025-03-12 05:30:00;213.583;167.376; 85.454; 95.846;251.682
2025-03-12 05:35:00;211.950;167.800; 85.926; 94.068;252.232
2025-03-12 05:40:00;211.600;168.295; 85.186; 96.503;252.506
2025-03-12 05:45:00;214.560;167.601; 85.738; 96.407;250.784
2025-03-12 05:50:00;211.840;168.975; 84.476; 93.190;252.792
2025-03-12 05:55:00;213.930;166.706; 84.824; 96.016;253.714
2025-03-12 06:00:00;213.217;168.002; 85.228; 94.641;250.926
2025-03-12 06:05:00;213.040;169.149; 86.956; 94.382;251.304
2025-03-12 06:10:00;212.343;166.593; 85.856; 96.362;252.112
2025-03-12 06:15:00;213.960;167.934; 84.578; 95.707;250.786
2025-03-12 06:20:00;212.903;168.112; 85.514; 93.967;250.746
2025-03-12 06:25:00;214.290;170.024; 84.750; 95.587;251.636
2025-03-12 06:30:00;213.346;168.769; 84.234; 95.606;251.892
2025-03-12 06:35:00;212.787;170.379; 85.634; 93.734;252.580
2025-03-12 06:40:00;213.227;167.511; 84.470; 95.158;250.238
2025-03-12 06:45:00;212.117;169.279; 85.602; 95.840;253.778
2025-03-12 06:50:00;210.937;169.281; 85.480; 94.429;252.788
2025-03-12 06:55:00;214.787;170.036; 84.876; 95.778;253.920
2025-03-12 07:00:00;211.883;168.290; 85.322; 95.192;253.308
2025-03-12 07:05:00;212.360;168.341; 85.196; 95.261;252.386
2025-03-12 07:10:00;210.883;166.626; 83.760; 94.125;251.768
2025-03-12 07:15:00;213.833;168.124; 84.726; 94.177;252.440
2025-03-12 07:20:00;211.310;170.264; 83.760; 94.383;254.026
2025-03-12 07:25:00;213.907;169.890; 85.424; 96.696;254.544
2025-03-12 07:30:00;212.180;168.883; 86.324; 95.850;253.876
2025-03-12 07:35:00;212.387;170.864; 84.116; 93.709;250.502
2025-03-12 07:40:00;213.530;169.126; 85.494; 94.963;254.100
2025-03-12 07:45:00;212.083;168.620; 85.618; 96.552;251.178
2025-03-12 07:50:00;211.443;169.334; 85.656; 96.001;254.456
2025-03-12 07:55:00;211.340;169.044; 86.424; 95.604;251.582
2025-03-12 08:00:00;211.450;168.157; 85.636; 95.334;252.982
2025-03-12 08:05:00;213.220;169.699; 84.654; 93.487;251.476
2025-03-12 08:10:00;212.820;168.537; 85.042; 95.177;252.202
2025-03-12 08:15:00;213.497;169.725; 85.630; 94.928;250.874
2025-03-12 08:20:00;210.443;167.567; 85.612; 94.145;253.938
2025-03-12 08:25:00;211.410;168.560; 85.030; 94.004;252.318
2025-03-12 08:30:00;212.597;167.732; 84.786; 95.745;251.862
2025-03-12 08:35:00;210.840;168.813; 83.894; 94.668;252.436
2025-03-12 08:40:00;212.410;168.015; 86.750; 96.253;252.888
2025-03-12 08:45:00;214.084;168.272; 85.096; 94.932;251.540
2025-03-12 08:50:00;214.097;169.233; 84.666; 97.217;254.906
2025-03-12 08:55:00;210.923;169.081; 85.350; 96.181;254.470
2025-03-12 09:00:00;212.860;170.036; 86.528; 95.881;253.114
2025-03-12 09:05:00;211.520;166.506; 86.398; 94.498;253.536
2025-03-12 09:10:00;211.923;167.891; 85.752; 95.337;252.462
2025-03-12 09:15:00;211.867;168.037; 85.030; 96.249;251.052
2025-03-12 09:20:00;211.753;167.782; 86.390; 95.700;255.082
2025-03-12 09:25:00;211.640;167.580; 85.284; 94.296;254.490
2025-03-12 09:30:00;210.883;167.467; 85.584; 94.876;251.732
2025-03-12 09:35:00;213.437;168.912; 85.054; 94.014;251.306
2025-03-12 09:40:00;212.720;167.769; 85.556; 95.317;252.832
2025-03-12 09:45:00;211.357;168.532; 85.750; 94.283;252.990
2025-03-12 09:50:00;212.937;168.617; 85.424; 96.657;252.926
2025-03-12 09:55:00;209.437;168.618; 84.828; 96.824;252.186
2025-03-12 10:00:00;213.953;167.236; 85.638; 95.275;251.616
2025-03-12 10:05:00;213.357;168.372; 85.280; 96.053;251.038
2025-03-12 10:10:00;210.167;169.510; 86.228; 96.791;254.660
2025-03-12 10:15:00;212.733;169.953; 84.830; 94.599;253.584
2025-03-12 10:20:00;213.193;167.492; 86.246; 94.744;250.578
2025-03-12 10:25:00;213.103;167.952; 86.534; 95.072;253.226
2025-03-12 10:30:00;211.920;169.094; 85.504; 94.783;251.228
2025-03-12 10:35:00;214.060;169.739; 85.310; 95.694;254.242
2025-03-12 10:40:00;213.363;168.675; 84.316; 95.118;253.474
2025-03-12 10:45:00;210.157;168.269; 85.460; 94.310;252.814
2025-03-12 10:50:00;212.003;169.373; 85.768; 94.635;252.522
2025-03-12 10:55:00;213.807;169.114; 85.140; 95.086;251.084
2025-03-12 11:00:00;210.917;169.957; 85.318; 96.670;253.222
2025-03-12 11:05:00;214.077;170.002; 85.622; 95.494;253.886
2025-03-12 11:10:00;210.790;168.941; 87.248; 95.395;253.004
2025-03-12 11:15:00;213.450;170.179; 85.330; 95.521;252.364
2025-03-12 11:20:00;214.573;169.865; 86.868; 96.372;253.792
2025-03-12 11:25:00;212.703;166.501; 85.034; 96.708;252.014
2025-03-12 11:30:00;211.180;170.536; 84.734; 95.624;252.792
2025-03-12 11:35:00;213.027;168.235; 86.206; 96.459;254.178
2025-03-12 11:40:00;213.297;169.339; 86.504; 93.369;252.422
2025-03-12 11:45:00;213.573;168.140; 86.786; 95.000;252.836
2025-03-12 11:50:00;213.027;168.293; 84.380; 95.461;252.762
2025-03-12 11:55:00;210.113;169.244; 86.332; 93.855;252.526
2025-03-12 12:00:00;211.360;166.561; 86.268; 94.089;252.976
2025-03-12 12:05:00;211.397;169.617; 86.156; 94.931;255.010
2025-03-12 12:10:00;213.433;168.790; 85.474; 97.291;252.504
2025-03-12 12:15:00;213.540;169.583; 85.500; 94.442;252.640
2025-03-12 12:20:00;214.767;171.628; 85.290; 96.694;252.152
2025-03-12 12:25:00;214.083;167.168; 85.584; 96.159;253.694
2025-03-12 12:30:00;212.463;168.944; 85.576; 95.740;253.422
2025-03-12 12:35:00;212.490;170.161; 85.076; 95.488;254.614
2025-03-12 12:40:00;212.193;169.868; 86.882; 98.197;255.260
2025-03-12 12:45:00;213.760;168.344; 84.784; 96.565;252.508
2025-03-12 12:50:00;213.470;168.334; 85.330; 95.364;250.640
2025-03-12 12:55:00;212.510;168.531; 84.316; 94.059;257.086
2025-03-12 13:00:00;212.170;168.295; 86.950; 94.396;254.942
2025-03-12 13:05:00;211.873;170.021; 86.102; 95.658;252.912
2025-03-12 13:10:00;212.783;168.298; 85.516; 96.222;255.712
2025-03-12 13:15:00;211.457;169.094; 86.178; 95.500;250.190
2025-03-12 13:20:00;214.400;169.962; 87.202; 96.425;253.592
2025-03-12 13:25:00;211.847;170.105; 85.374; 96.521;251.938
2025-03-12 13:30:00;213.283;168.562; 84.342; 95.145;252.296
2025-03-12 13:35:00;216.047;167.346; 85.092; 96.135;253.558
2025-03-12 13:40:00;213.387;168.111; 85.144; 94.297;252.174
2025-03-12 13:45:00;215.163;169.834; 85.452; 94.854;252.796
2025-03-12 13:50:00;212.857;169.912; 85.114; 95.260;253.266
2025-03-12 13:55:00;214.520;169.415; 86.066; 95.768;255.360
2025-03-12 14:00:00;214.070;169.418; 89.370; 94.494;251.834
2025-03-12 14:05:00;211.030;165.481; 85.064; 96.290;252.064
2025-03-12 14:10:00;211.703;169.457; 85.414; 94.220;253.640
2025-03-12 14:15:00;215.003;170.409; 85.154; 95.491;253.584
2025-03-12 14:20:00;214.730;169.193; 86.042; 92.734;254.482
2025-03-12 14:25:00;213.467;169.887; 85.348; 95.632;251.152
2025-03-12 14:30:00;212.180;168.688; 87.208; 94.944;256.020
2025-03-12 14:35:00;212.310;168.765; 87.074; 95.295;252.672
2025-03-12 14:40:00;210.933;169.777; 86.510; 95.310;253.872
2025-03-12 14:45:00;216.027;167.212; 87.010; 94.981;254.304
2025-03-12 14:50:00;213.473;170.002; 86.516; 94.752;251.234
2025-03-12 14:55:00;210.527;169.287; 85.878; 95.265;256.418
2025-03-12 15:00:00;213.537;169.470; 86.700; 94.692;254.498
2025-03-12 15:05:00;215.163;167.523; 86.260; 95.708;255.050
2025-03-12 15:10:00;211.547;169.335; 85.426; 93.757;253.522
2025-03-12 15:15:00;212.697;169.133; 85.682; 94.852;253.674
2025-03-12 15:20:00;210.757;168.447; 87.182; 95.122;255.900
2025-03-12 15:25:00;211.253;169.310; 85.796; 95.748;254.656
2025-03-12 15:30:00;213.720;168.787; 86.014; 94.799;253.400
2025-03-12 15:35:00;213.903;168.408; 86.940; 94.928;254.992
2025-03-12 15:40:00;212.100;170.347; 85.082; 95.433;253.440
2025-03-12 15:45:00;212.207;170.105; 86.048; 95.875;254.260
2025-03-12 15:50:00;212.193;169.799; 85.886; 94.829;251.194
2025-03-12 15:55:00;213.646;169.352; 86.178; 94.320;251.736
2025-03-12 16:00:00;213.360;169.718; 85.460; 94.283;253.442
2025-03-12 16:05:00;213.573;169.754; 86.550; 96.109;256.350
2025-03-12 16:10:00;212.943;169.285; 86.138; 95.181;252.988
2025-03-12 16:15:00;213.050;169.867; 86.476; 95.201;250.060
2025-03-12 16:20:00;211.893;168.927; 87.160; 95.010;253.378
2025-03-12 16:25:00;211.750;170.796; 85.712; 95.633;254.134
2025-03-12 16:30:00;214.333;169.027; 86.166; 94.701;254.004
2025-03-12 16:35:00;211.193;169.664; 85.480; 94.284;255.438
2025-03-12 16:40:00;214.400;167.409; 86.552; 96.013;252.684
2025-03-12 16:45:00;212.170;167.956; 85.986; 96.840;251.524
2025-03-12 16:50:00;211.723;167.189; 86.722; 95.870;251.630
2025-03-12 16:55:00;211.533;167.941; 85.520; 95.857;254.138
2025-03-12 17:00:00;215.620;167.864; 86.044; 94.964;255.366
2025-03-12 17:05:00;213.043;168.150; 86.898; 94.434;254.846
2025-03-12 17:10:00;213.450;170.806; 87.964; 94.424;255.760
2025-03-12 17:15:00;216.423;167.533; 85.286; 94.832;254.274
2025-03-12 17:20:00;213.593;165.986; 87.756; 95.894;253.296
2025-03-12 17:25:00;214.563;167.973; 86.866; 94.845;253.726
2025-03-12 17:30:00;212.220;167.606; 86.468; 93.967;255.524
2025-03-12 17:35:00;214.467;168.892; 85.962; 93.632;255.922
2025-03-12 17:40:00;214.157;169.330; 85.570; 94.136;255.282
2025-03-12 17:45:00;215.787;167.805; 85.654; 94.241;255.838
2025-03-12 17:50:00;216.376;167.167; 86.878; 93.759;255.860
2025-03-12 17:55:00;214.563;170.783; 85.424; 95.320;255.310
2025-03-12 18:00:00;215.663;169.181; 85.014; 93.913;254.574
2025-03-12 18:05:00;214.497;169.613; 85.150; 95.462;255.480
2025-03-12 18:10:00;213.470;168.524; 87.000; 95.827;255.438
2025-03-12 18:15:00;215.927;171.836; 87.212; 95.928;255.384
2025-03-12 18:20:00;215.270;171.952; 85.608; 93.788;254.752
2025-03-12 18:25:00;215.597;171.139; 85.838; 92.883;255.288
2025-03-12 18:30:00;215.563;168.527; 84.752; 96.789;253.448
2025-03-12 18:35:00;214.763;170.427; 86.744; 95.123;256.376
2025-03-12 18:40:00;215.793;169.266; 86.786; 94.731;254.522
2025-03-12 18:45:00;213.843;169.992; 87.162; 95.391;258.300
2025-03-12 18:50:00;214.353;170.862; 86.422; 94.130;257.816
2025-03-12 18:55:00;216.360;168.961; 86.380; 94.541;256.498
2025-03-12 19:00:00;216.450;171.534; 88.950; 95.542;254.666
2025-03-12 19:05:00;215.987;168.937; 86.040; 95.957;255.370
2025-03-12 19:10:00;215.193;169.211; 85.884; 93.458;256.314
2025-03-12 19:15:00;214.193;170.284; 86.828; 94.108;256.736
2025-03-12 19:20:00;215.603;169.311; 87.656; 93.966;257.606
2025-03-12 19:25:00;216.053;169.483; 86.858; 94.681;255.844
2025-03-12 19:30:00;216.107;169.099; 86.978; 95.044;257.478
2025-03-12 19:35:00;217.623;170.675; 87.060; 97.372;256.380
2025-03-12 19:40:00;216.353;170.187; 87.596; 94.894;257.558
2025-03-12 19:45:00;215.360;170.614; 86.922; 94.493;255.842
2025-03-12 19:50:00;218.183;170.414; 86.504; 92.912;255.354
2025-03-12 19:55:00;216.694;168.952; 86.980; 94.711;256.656
2025-03-12 20:00:00;217.693;169.215; 86.918; 93.952;256.002
2025-03-12 20:05:00;218.337;169.801; 87.340; 95.968;256.556
2025-03-12 20:10:00;213.987;170.855; 87.568; 97.360;257.466
2025-03-12 20:15:00;215.693;168.100; 86.380; 94.976;256.622
2025-03-12 20:20:00;215.677;169.156; 87.588; 94.583;258.368
2025-03-12 20:25:00;216.710;169.724; 86.090; 95.876;257.596
2025-03-12 20:30:00;215.853;169.023; 87.566; 96.119;257.654
2025-03-12 20:35:00;217.700;170.676; 86.610; 96.424;260.946
2025-03-12 20:40:00;216.693;170.359; 87.132; 95.320;258.804
2025-03-12 20:45:00;216.490;170.065; 87.906; 95.233;259.066
2025-03-12 20:50:00;213.800;169.733; 87.330; 96.851;258.726
2025-03-12 20:55:00;215.023;170.176; 86.786; 94.393;257.064
2025-03-12 21:00:00;217.537;169.635; 87.240; 94.668;257.464
2025-03-12 21:05:00;218.050;170.404; 88.634; 96.356;257.830
2025-03-12 21:10:00;214.880;169.029; 86.744; 94.864;255.344
2025-03-12 21:15:00;215.910;171.826; 87.252; 97.159;257.312
2025-03-12 21:20:00;215.497;168.526; 86.920; 95.974;258.604
2025-03-12 21:25:00;214.863;168.747; 88.328; 95.305;258.540
2025-03-12 21:30:00;214.753;169.016; 89.286; 95.276;259.232
2025-03-12 21:35:00;216.590;170.488; 86.642; 96.162;257.096
2025-03-12 21:40:00;214.520;169.383; 87.128; 95.146;256.832
2025-03-12 21:45:00;216.903;169.896; 86.932; 96.623;258.776
2025-03-12 21:50:00;214.623;170.155; 87.286; 94.694;259.240
2025-03-12 21:55:00;213.693;167.645; 86.278; 95.588;258.798
2025-03-12 22:00:00;215.160;168.779; 87.686; 95.774;258.064
2025-03-12 22:05:00;215.110;169.239; 86.584; 95.770;258.722
2025-03-12 22:10:00;217.670;168.542; 86.482; 94.778;259.780
2025-03-12 22:15:00;216.690;168.683; 86.416; 94.968;258.410
2025-03-12 22:20:00;217.080;168.083; 88.636; 95.846;258.192
2025-03-12 22:25:00;219.587;167.949; 86.830; 95.949;259.012
2025-03-12 22:30:00;217.003;170.979; 87.100; 94.635;257.688
2025-03-12 22:35:00;215.190;168.884; 86.244; 94.896;259.762
2025-03-12 22:40:00;214.767;169.401; 87.606; 97.796;259.566
2025-03-12 22:45:00;215.227;169.056; 86.190; 96.420;259.878
2025-03-12 22:50:00;216.083;168.281; 86.388; 96.954;258.730
2025-03-12 22:55:00;214.274;169.381; 86.118; 95.160;258.560
2025-03-12 23:00:00;214.600;170.669; 86.460; 96.263;259.384
2025-03-12 23:05:00;216.240;168.736; 87.754; 96.253;258.264
2025-03-12 23:10:00;213.857;168.906; 87.750; 94.107;256.704
2025-03-12 23:15:00;216.430;170.357; 87.810; 94.547;258.690
2025-03-12 23:20:00;213.700;169.541; 88.526; 95.621;258.828
2025-03-12 23:25:00;212.667;170.128; 86.090; 97.305;259.816
2025-03-12 23:30:00;213.367;171.124; 88.492; 95.618;258.848
2025-03-12 23:35:00;215.583;169.468; 86.628; 95.588;257.562
2025-03-12 23:40:00;215.993;169.871; 87.814; 95.428;257.538
2025-03-12 23:45:00;218.770;169.874; 86.934; 96.291;259.316
2025-03-12 23:50:00;215.520;169.113; 87.868; 96.229;259.160
2025-03-12 23:55:00;216.967;170.657; 88.530; 98.175;258.920
2025-03-13 00:00:00;216.963;168.718; 87.282; 96.012;256.938
2025-03-13 00:05:00;215.320;170.091; 87.270; 95.544;261.234
2025-03-13 00:10:00;214.596;169.451; 88.134; 94.600;258.762
2025-03-13 00:15:00;217.277;171.291; 87.210; 94.977;260.088
2025-03-13 00:20:00;215.940;169.417; 86.548; 95.287;257.620
2025-03-13 00:25:00;216.507;172.191; 87.214; 95.745;257.080
2025-03-13 00:30:00;216.770;169.984; 86.508; 96.385;259.488
2025-03-13 00:35:00;217.220;170.801; 88.022; 95.393;262.092
2025-03-13 00:40:00;215.150;170.298; 88.024; 96.513;257.704
2025-03-13 00:45:00;213.600;170.250; 87.800; 95.356;259.056
2025-03-13 00:50:00;216.213;168.931; 87.104; 95.023;256.530
2025-03-13 00:55:00;216.943;166.928; 86.968; 94.970;256.252
2025-03-13 01:00:00;217.753;171.027; 87.992; 94.679;257.568
2025-03-13 01:05:00;215.277;169.222; 86.688; 96.735;259.954
2025-03-13 01:10:00;215.790;171.562; 88.512; 95.211;258.348
2025-03-13 01:15:00;218.203;166.647; 88.156; 94.047;259.236
2025-03-13 01:20:00;217.227;169.896; 86.310; 95.946;256.946
2025-03-13 01:25:00;215.813;168.460; 86.910; 96.337;257.920
2025-03-13 01:30:00;217.897;170.367; 87.168; 95.670;260.458
2025-03-13 01:35:00;214.300;170.664; 87.502; 94.907;260.526
2025-03-13 01:40:00;215.444;168.459; 87.240; 96.557;257.718
2025-03-13 01:45:00;215.013;168.589; 87.170; 96.360;260.094
2025-03-13 01:50:00;216.767;169.885; 87.968; 94.864;259.360
2025-03-13 01:55:00;213.910;168.935; 86.872; 95.923;258.756
2025-03-13 02:00:00;215.847;167.608; 87.830; 95.978;257.036
2025-03-13 02:05:00;216.713;168.381; 88.344; 95.506;257.302
2025-03-13 02:10:00;215.310;170.522; 86.766; 95.045;256.472
2025-03-13 02:15:00;213.573;169.029; 85.976; 94.405;258.506
2025-03-13 02:20:00;217.327;169.448; 87.170; 95.470;259.060
2025-03-13 02:25:00;215.363;168.764; 87.150; 94.999;256.102
2025-03-13 02:30:00;217.600;170.075; 86.554; 94.531;259.388
2025-03-13 02:35:00;215.643;171.265; 87.364; 96.125;257.262
2025-03-13 02:40:00;213.573;170.113; 86.932; 97.284;258.086
2025-03-13 02:45:00;213.847;169.166; 86.498; 94.418;257.232
2025-03-13 02:50:00;214.727;169.249; 86.866; 95.457;258.284
2025-03-13 02:55:00;214.157;168.592; 87.004; 96.074;257.836
2025-03-13 03:00:00;215.287;168.423; 86.982; 93.415;256.012
2025-03-13 03:05:00;218.053;169.925; 86.298; 95.606;258.602
2025-03-13 03:10:00;214.960;167.858; 85.930; 96.570;257.244
2025-03-13 03:15:00;212.653;169.221; 87.098; 94.610;257.772
2025-03-13 03:20:00;216.103;169.413; 85.270; 95.886;255.820
2025-03-13 03:25:00;216.703;168.137; 87.454; 95.721;257.088
2025-03-13 03:30:00;214.487;169.758; 87.220; 94.590;257.080
2025-03-13 03:35:00;214.057;170.107; 86.642; 96.715;258.910
2025-03-13 03:40:00;215.700;171.256; 87.678; 96.189;257.566
2025-03-13 03:45:00;216.753;168.952; 87.056; 95.249;257.088
2025-03-13 03:50:00;215.667;170.031; 86.310; 94.079;259.928
2025-03-13 03:55:00;215.076;170.345; 85.946; 95.737;256.736
2025-03-13 04:00:00;214.613;168.557; 87.948; 95.001;258.484
2025-03-13 04:05:00;215.537;169.831; 87.008; 94.942;259.762
2025-03-13 04:10:00;214.683;168.611; 86.888; 96.119;255.600
2025-03-13 04:15:00;216.053;169.517; 86.148; 94.612;258.282
2025-03-13 04:20:00;214.587;170.992; 85.480; 95.186;257.226
2025-03-13 04:25:00;215.267;169.985; 86.100; 96.601;259.610
2025-03-13 04:30:00;215.227;168.677; 86.202; 94.556;257.648
2025-03-13 04:35:00;217.450;170.000; 86.970; 96.151;259.374
2025-03-13 04:40:00;215.947;168.805; 87.846; 95.006;257.496
2025-03-13 04:45:00;215.760;172.272; 86.582; 96.381;258.580
2025-03-13 04:50:00;215.077;170.879; 87.302; 95.757;258.766
2025-03-13 04:55:00;215.063;169.987; 85.754; 95.133;258.258
2025-03-13 05:00:00;213.693;168.203; 85.328; 94.628;255.100
2025-03-13 05:05:00;215.713;168.444; 85.738; 96.782;257.590
2025-03-13 05:10:00;216.520;168.395; 84.584; 95.145;254.382
2025-03-13 05:15:00;213.860;169.512; 85.986; 93.900;256.918
2025-03-13 05:20:00;213.887;171.720; 87.510; 95.168;256.122
2025-03-13 05:25:00;216.500;170.879; 86.384; 93.393;256.290
2025-03-13 05:30:00;214.000;168.129; 87.972; 96.271;255.998
2025-03-13 05:35:00;213.900;171.485; 86.776; 95.889;256.480
2025-03-13 05:40:00;214.600;169.636; 87.318; 96.026;256.980
2025-03-13 05:45:00;215.970;171.293; 85.388; 94.892;257.704
2025-03-13 05:50:00;213.147;172.099; 85.960; 95.201;257.860
2025-03-13 05:55:00;216.977;171.076; 87.762; 95.750;257.604
2025-03-13 06:00:00;214.557;170.114; 85.646; 97.571;256.774
2025-03-13 06:05:00;216.263;171.262; 85.602; 94.599;256.092
2025-03-13 06:10:00;211.563;170.885; 86.446; 95.333;257.606
2025-03-13 06:15:00;212.237;171.883; 86.494; 95.574;256.530
2025-03-13 06:20:00;214.317;170.440; 86.890; 95.135;256.906
2025-03-13 06:25:00;216.273;169.853; 86.482; 96.456;255.372
2025-03-13 06:30:00;216.327;172.811; 86.194; 95.144;258.382
2025-03-13 06:35:00;217.127;171.610; 86.450; 95.096;257.586
2025-03-13 06:40:00;215.767;170.625; 87.682; 95.917;259.920
2025-03-13 06:45:00;213.857;172.507; 85.276; 97.494;259.962
2025-03-13 06:50:00;214.967;171.265; 85.736; 96.004;258.568
2025-03-13 06:55:00;214.477;169.549; 86.524; 97.184;258.988
2025-03-13 07:00:00;213.777;169.818; 86.646; 95.164;257.654
2025-03-13 07:05:00;216.800;170.868; 86.768; 96.574;260.060
2025-03-13 07:10:00;214.077;172.232; 85.952; 95.739;257.942
2025-03-13 07:15:00;215.527;170.513; 85.254; 96.632;257.326
2025-03-13 07:20:00;212.667;171.400; 86.094; 95.080;257.010
2025-03-13 07:25:00;216.673;170.879; 86.390; 95.985;258.236
2025-03-13 07:30:00;215.373;170.841; 87.678; 96.659;256.612
2025-03-13 07:35:00;215.360;170.233; 86.350; 94.805;258.804
2025-03-13 07:40:00;215.037;169.007; 86.992; 96.893;258.636
2025-03-13 07:45:00;214.613;171.771; 86.214; 95.194;258.120
2025-03-13 07:50:00;215.377;171.276; 86.264; 97.148;259.648
2025-03-13 07:55:00;213.870;171.215; 86.860; 97.078;257.834
2025-03-13 08:00:00;214.070;170.552; 87.244; 94.442;258.870
2025-03-13 08:05:00;215.130;170.990; 86.208; 95.582;260.448
2025-03-13 08:10:00;212.733;172.366; 85.700; 96.192;261.346
2025-03-13 08:15:00;217.030;170.892; 87.892; 94.793;260.552
2025-03-13 08:20:00;215.880;171.888; 86.494; 96.279;257.508
2025-03-13 08:25:00;213.223;172.612; 87.582; 96.517;256.794
2025-03-13 08:30:00;216.173;171.290; 85.552; 94.352;258.592
2025-03-13 08:35:00;216.143;170.912; 86.636; 97.190;257.902
2025-03-13 08:40:00;214.663;170.833; 84.934; 96.776;258.686
2025-03-13 08:45:00;217.003;172.109; 85.544; 95.899;258.182
2025-03-13 08:50:00;216.490;172.776; 86.372; 95.968;256.644
2025-03-13 08:55:00;214.767;171.712; 86.508; 96.599;256.520
2025-03-13 09:00:00;215.387;172.071; 86.806; 95.871;258.432
2025-03-13 09:05:00;216.470;170.333; 85.278; 96.397;256.842
2025-03-13 09:10:00;217.367;172.297; 86.222; 96.128;258.492
2025-03-13 09:15:00;216.007;171.128; 86.852; 95.851;258.944
2025-03-13 09:20:00;216.420;171.912; 87.090; 96.987;258.908
2025-03-13 09:25:00;212.837;171.327; 85.522; 97.205;259.726
2025-03-13 09:30:00;214.863;173.825; 85.312; 95.821;256.158
2025-03-13 09:35:00;214.303;174.594; 87.182; 96.496;257.946
2025-03-13 09:40:00;214.290;173.206; 88.050; 96.089;257.650
2025-03-13 09:45:00;215.047;171.825; 86.384; 97.955;258.238
2025-03-13 09:50:00;216.963;174.445; 87.812; 94.686;256.458
2025-03-13 09:55:00;213.983;172.531; 86.520; 96.495;256.208
2025-03-13 10:00:00;217.607;172.551; 88.364; 97.488;256.650
2025-03-13 10:05:00;213.263;169.525; 87.390; 97.147;257.872
2025-03-13 10:10:00;217.623;171.708; 87.444; 95.563;257.066
2025-03-13 10:15:00;215.007;172.541; 87.018; 96.668;257.408
2025-03-13 10:20:00;216.060;174.333; 86.170; 96.759;256.966
2025-03-13 10:25:00;213.960;168.780; 87.066; 95.656;258.006
2025-03-13 10:30:00;216.356;172.378; 86.734; 98.409;258.714
2025-03-13 10:35:00;216.003;172.274; 87.568; 95.429;260.814
2025-03-13 10:40:00;216.550;172.656; 86.180; 96.324;259.786
2025-03-13 10:45:00;217.297;173.447; 86.380; 96.841;257.690
2025-03-13 10:50:00;214.667;172.850; 86.826; 96.217;258.750
2025-03-13 10:55:00;214.067;170.971; 86.968; 96.983;259.004
2025-03-13 11:00:00;217.496;170.207; 87.730; 96.199;259.100
2025-03-13 11:05:00;214.810;172.056; 87.336; 96.444;257.712
2025-03-13 11:10:00;218.273;172.123; 88.552; 97.442;259.624
2025-03-13 11:15:00;217.193;173.405; 86.400; 96.692;257.688
2025-03-13 11:20:00;216.390;171.399; 87.758; 96.516;257.524
2025-03-13 11:25:00;215.073;173.571; 87.406; 95.351;259.874
2025-03-13 11:30:00;214.530;174.061; 87.260; 96.666;258.664
2025-03-13 11:35:00;216.227;172.089; 86.284; 95.158;260.950
2025-03-13 11:40:00;218.350;172.875; 88.250; 97.225;256.580
2025-03-13 11:45:00;213.120;171.149; 86.628; 97.046;257.858
2025-03-13 11:50:00;217.013;173.382; 86.378; 94.809;258.330
2025-03-13 11:55:00;215.103;174.807; 87.924; 98.802;257.658
2025-03-13 12:00:00;216.627;172.695; 87.198; 96.061;258.568
2025-03-13 12:05:00;215.117;172.945; 86.994; 95.766;257.708
2025-03-13 12:10:00;217.960;172.792; 87.068; 96.878;259.980
2025-03-13 12:15:00;216.963;172.989; 86.678; 98.396;259.248
2025-03-13 12:20:00;217.467;172.553; 85.746; 96.020;236.070
2025-03-13 12:25:00;215.347;172.470; 86.634; 96.948;   NaN
2025-03-13 12:30:00;216.093;174.808; 86.554; 95.691;   NaN
2025-03-13 12:35:00;218.943;172.355; 86.556; 96.881;215.755
2025-03-13 12:40:00;215.790;174.885; 86.372; 95.727;   NaN
2025-03-13 12:45:00;215.703;172.908; 86.864; 97.038;   NaN
2025-03-13 12:50:00;213.370;171.702; 87.740; 96.771;   NaN
2025-03-13 12:55:00;217.563;176.038; 86.084; 97.875;242.530
2025-03-13 13:00:00;213.313;172.537; 87.636; 96.663;259.352
2025-03-13 13:05:00;215.327;173.591; 86.346; 97.947;257.350
2025-03-13 13:10:00;215.820;172.463; 86.972; 95.782;254.332
2025-03-13 13:15:00;213.997;172.819; 87.108; 95.117;256.452
2025-03-13 13:20:00;215.337;172.687; 87.452; 96.582;256.094
2025-03-13 13:25:00;217.017;171.891; 87.762; 96.596;257.388
2025-03-13 13:30:00;216.950;172.036; 87.630; 96.644;255.182
2025-03-13 13:35:00;214.787;171.848; 87.800; 98.055;258.776
2025-03-13 13:40:00;216.400;174.049; 87.144; 96.159;256.354
2025-03-13 13:45:00;215.760;174.061; 88.468; 95.822;259.082
2025-03-13 13:50:00;215.620;171.942; 86.318; 97.425;258.140
2025-03-13 13:55:00;219.267;173.157; 86.996; 95.890;256.568
2025-03-13 14:00:00;215.497;173.188; 88.130; 96.287;258.354
2025-03-13 14:05:00;215.370;174.270; 86.162; 96.268;258.484
2025-03-13 14:10:00;215.177;173.103; 86.630; 96.440;261.012
2025-03-13 14:15:00;217.150;172.588; 88.110; 95.708;259.604
2025-03-13 14:20:00;215.850;173.162; 86.986; 96.720;260.862
2025-03-13 14:25:00;214.843;174.806; 86.618; 96.172; 94.105
2025-03-13 14:30:00;215.220;173.006; 87.770; 96.192;150.650
2025-03-13 14:35:00;216.167;171.337; 87.118; 97.507;226.866
2025-03-13 14:40:00;216.427;171.264; 86.656; 96.437;   NaN
2025-03-13 14:45:00;214.463;172.067; 87.814; 96.402;235.670
2025-03-13 14:50:00;215.807;173.037; 87.908; 96.099;257.694
2025-03-13 14:55:00;215.287;171.481; 86.408; 96.426;260.140
2025-03-13 15:00:00;213.913;173.012; 87.376; 95.686;257.298
2025-03-13 15:05:00;217.557;172.957; 87.948; 96.352;256.610
2025-03-13 15:10:00;217.020;172.540; 87.418; 96.329;174.410
2025-03-13 15:15:00;217.170;173.665; 87.910; 96.386;258.702
2025-03-13 15:20:00;217.087;174.660; 87.346; 96.410;257.572
2025-03-13 15:25:00;217.877;173.520; 87.046; 97.209;259.556
2025-03-13 15:30:00;213.687;171.738; 88.454; 96.207;261.200
2025-03-13 15:35:00;215.460;172.794; 89.214; 97.629;258.536
2025-03-13 15:40:00;218.483;171.732; 87.122; 98.378;257.006
2025-03-13 15:45:00;217.993;174.191; 87.534; 97.639;258.894
2025-03-13 15:50:00;216.483;173.517; 86.174; 96.482;254.892
2025-03-13 15:55:00;216.130;171.204; 87.858; 96.388;258.220
2025-03-13 16:00:00;214.983;171.018; 87.042; 96.702;257.258
2025-03-13 16:05:00;217.107;171.617; 87.552; 96.284;256.586
2025-03-13 16:10:00;217.383;171.559; 86.906; 97.474;257.736
2025-03-13 16:15:00;217.097;171.671; 88.236; 98.164;240.600
2025-03-13 16:20:00;216.280;173.205; 87.502; 96.204;257.082
2025-03-13 16:25:00;215.283;172.049; 87.610; 97.215;258.996
2025-03-13 16:30:00;214.007;170.713; 86.612; 97.381;255.228
2025-03-13 16:35:00;217.233;170.553; 87.168; 97.966;256.890
2025-03-13 16:40:00;216.120;171.960; 85.282; 96.870;258.156
2025-03-13 16:45:00;217.490;169.158; 87.730; 96.374;257.656
2025-03-13 16:50:00;217.433;172.635; 87.872; 96.735;258.392
2025-03-13 16:55:00;216.363;170.989; 86.694; 98.332;254.876
2025-03-13 17:00:00;217.067;173.302; 86.798; 98.181;255.124
2025-03-13 17:05:00;216.497;171.166; 88.650; 96.538;258.050
2025-03-13 17:10:00;215.193;173.786; 87.282; 97.138;258.892
2025-03-13 17:15:00;216.773;173.215; 87.974; 95.461;255.534
2025-03-13 17:20:00;214.987;173.887; 87.842; 96.451;256.184
2025-03-13 17:25:00;215.240;171.335; 87.182; 96.810;256.048
2025-03-13 17:30:00;216.663;172.987; 87.006; 95.480;259.030
2025-03-13 17:35:00;214.043;172.167; 87.282; 96.930;256.698
2025-03-13 17:40:00;216.790;172.258; 87.158; 97.064;257.884
2025-03-13 17:45:00;216.357;172.444; 87.402; 96.822;258.198
2025-03-13 17:50:00;217.827;174.099; 86.354; 95.766;254.890
2025-03-13 17:55:00;216.610;169.920; 86.852; 95.601;257.912
2025-03-13 18:00:00;213.897;171.434; 86.656; 97.026;256.840
2025-03-13 18:05:00;215.397;172.463; 86.930; 97.158;260.300
2025-03-13 18:10:00;213.397;171.843; 86.898; 97.086;255.878
2025-03-13 18:15:00;219.740;172.632; 86.854; 96.732;255.542
2025-03-13 18:20:00;215.997;171.242; 88.458; 97.799;257.448
2025-03-13 18:25:00;214.237;171.161; 87.682; 96.275;257.632
2025-03-13 18:30:00;216.997;170.356; 87.662; 96.219;256.614
2025-03-13 18:35:00;214.990;171.925; 85.116; 97.197;257.514
2025-03-13 18:40:00;214.930;173.654; 87.358; 95.462;256.022
2025-03-13 18:45:00;217.120;172.710; 87.010; 95.864;257.218
2025-03-13 18:50:00;218.420;171.332; 85.594; 96.238;255.394
2025-03-13 18:55:00;218.597;172.345; 86.152; 95.353;257.508
2025-03-13 19:00:00;217.843;171.771; 87.442; 95.813;254.460
2025-03-13 19:05:00;218.600;172.245; 85.518; 95.745;253.816
2025-03-13 19:10:00;217.003;172.109; 87.462; 96.534;256.738
2025-03-13 19:15:00;215.423;174.680; 87.786; 96.411;257.486
2025-03-13 19:20:00;213.423;171.606; 87.298; 96.927;256.134
2025-03-13 19:25:00;216.717;173.621; 87.736; 98.087;256.964
2025-03-13 19:30:00;217.927;171.827; 86.742; 95.977;258.098
2025-03-13 19:35:00;215.947;173.130; 87.762; 97.948;258.238
2025-03-13 19:40:00;215.607;171.381; 86.820; 96.878;256.528
2025-03-13 19:45:00;215.080;172.051; 86.972; 95.601;256.780
2025-03-13 19:50:00;219.980;173.514; 86.624; 96.807;259.310
2025-03-13 19:55:00;216.990;173.207; 88.044; 94.882;255.612
2025-03-13 20:00:00;215.687;173.127; 88.388; 96.143;258.690
2025-03-13 20:05:00;217.640;171.708; 87.004; 96.485;261.028
2025-03-13 20:10:00;217.243;172.639; 87.724; 95.791;260.258
2025-03-13 20:15:00;218.130;173.336; 86.722; 95.382;254.944
2025-03-13 20:20:00;219.190;175.353; 86.844; 95.699;258.066
2025-03-13 20:25:00;217.117;173.455; 88.274; 96.338;256.706
2025-03-13 20:30:00;220.100;171.899; 86.780; 96.648;258.576
2025-03-13 20:35:00;220.043;171.987; 86.604; 97.745;255.416
2025-03-13 20:40:00;216.853;173.395; 87.014; 97.658;257.188
2025-03-13 20:45:00;215.960;173.584; 86.288; 97.910;257.660
2025-03-13 20:50:00;218.290;170.746; 87.426; 95.159;257.614
2025-03-13 20:55:00;215.866;173.016; 87.528; 97.261;255.438
2025-03-13 21:00:00;215.950;171.294; 88.416; 96.410;258.496
2025-03-13 21:05:00;213.267;171.189; 87.022; 96.442;256.686
2025-03-13 21:10:00;217.960;172.814; 87.842; 95.643;256.200
2025-03-13 21:15:00;214.610;170.243; 87.586; 97.204;258.154
2025-03-13 21:20:00;214.350;172.550; 86.636; 95.659;257.964
2025-03-13 21:25:00;215.327;171.235; 87.034; 96.586;261.122
2025-03-13 21:30:00;215.260;172.399; 86.702; 96.234;257.210
2025-03-13 21:35:00;216.930;171.651; 87.322; 95.454;257.138
2025-03-13 21:40:00;216.517;169.297; 87.918; 96.693;254.088
2025-03-13 21:45:00;213.933;170.877; 87.412; 96.694;257.988
2025-03-13 21:50:00;213.753;171.115; 87.164; 96.150;257.278
2025-03-13 21:55:00;214.003;174.125; 87.456; 96.112;255.714
2025-03-13 22:00:00;213.660;170.741; 86.922; 95.880;257.498
2025-03-13 22:05:00;212.537;172.819; 86.678; 94.744;255.022
2025-03-13 22:10:00;216.197;170.623; 86.870; 94.915;253.820
2025-03-13 22:15:00;214.303;171.058; 86.964; 97.353;254.748
2025-03-13 22:20:00;215.367;170.330; 86.338; 97.114;256.898
2025-03-13 22:25:00;216.650;169.200; 87.340; 98.467;257.962
2025-03-13 22:30:00;215.630;168.766; 86.644; 96.342;257.118
2025-03-13 22:35:00;216.813;170.201; 86.852; 96.046;257.306
2025-03-13 22:40:00;214.223;170.338; 86.984; 96.020;256.724
2025-03-13 22:45:00;215.850;169.309; 87.804; 96.236;255.494
2025-03-13 22:50:00;214.673;170.957; 85.762; 96.933;257.998
2025-03-13 22:55:00;218.837;170.826; 86.828; 96.268;254.936
2025-03-13 23:00:00;215.820;172.245; 86.840; 97.394;254.432
2025-03-13 23:05:00;216.973;169.910; 87.106; 96.872;256.046
2025-03-13 23:10:00;217.860;171.575; 86.742; 94.388;255.268
2025-03-13 23:15:00;216.417;171.622; 86.982; 95.954;259.444
2025-03-13 23:20:00;218.397;171.177; 86.446; 94.884;257.232
2025-03-13 23:25:00;214.880;171.689; 86.926; 95.616;255.806
2025-03-13 23:30:00;212.320;171.572; 87.384; 94.355;256.306
2025-03-13 23:35:00;216.804;172.467; 86.928; 96.620;257.348
2025-03-13 23:40:00;215.680;173.289; 87.504; 95.882;254.726
2025-03-13 23:45:00;216.660;169.969; 87.380; 96.306;256.158
2025-03-13 23:50:00;215.427;171.132; 87.960; 97.408;254.398
2025-03-13 23:55:00;214.287;168.975; 87.036; 96.696;255.468
2025-03-14 00:00:00;215.483;172.163; 86.586; 95.905;254.800
2025-03-14 00:05:00;214.250;170.432; 86.462; 97.592;258.678
2025-03-14 00:10:00;214.607;172.867; 87.120; 95.986;258.372
2025-03-14 00:15:00;215.617;170.571; 87.804; 95.749;255.776
2025-03-14 00:20:00;215.047;170.513; 86.806; 95.614;254.914
2025-03-14 00:25:00;216.367;170.398; 87.058; 97.473;255.084
2025-03-14 00:30:00;215.260;170.149; 85.610; 97.665;253.744
2025-03-14 00:35:00;217.900;171.454; 86.932; 96.235;255.834
2025-03-14 00:40:00;214.463;173.444; 86.810; 96.463;257.098
2025-03-14 00:45:00;215.987;170.169; 86.418; 95.990;257.738
2025-03-14 00:50:00;216.147;170.943; 87.858; 96.661;257.858
2025-03-14 00:55:00;215.963;171.608; 84.592; 96.571;256.268
2025-03-14 01:00:00;213.967;171.402; 86.410; 97.637;257.308
2025-03-14 01:05:00;217.040;172.453; 86.678; 96.602;254.910
2025-03-14 01:10:00;215.693;170.726; 86.756; 96.732;255.850
2025-03-14 01:15:00;212.207;171.023; 84.680; 95.817;256.510
2025-03-14 01:20:00;214.613;170.529; 86.336; 96.222;256.952
2025-03-14 01:25:00;215.317;169.964; 87.048; 96.273;256.508
2025-03-14 01:30:00;218.553;170.929; 87.620; 97.846;255.350
2025-03-14 01:35:00;217.950;172.679; 86.120; 96.482;256.312
2025-03-14 01:40:00;216.960;170.774; 86.954; 97.072;255.302
2025-03-14 01:45:00;213.663;172.268; 88.026; 96.141;255.668
2025-03-14 01:50:00;216.727;170.731; 87.376; 96.780;258.126
2025-03-14 01:55:00;215.267;169.680; 86.950; 96.973;258.526
2025-03-14 02:00:00;216.680;169.757; 87.686; 96.002;256.650
2025-03-14 02:05:00;215.640;170.036; 86.872; 97.107;257.030
2025-03-14 02:10:00;217.230;171.394; 87.216; 94.741;253.876
2025-03-14 02:15:00;213.827;171.019; 87.408; 96.671;254.928
2025-03-14 02:20:00;216.260;169.289; 87.158; 95.580;256.276
2025-03-14 02:25:00;216.427;170.572; 86.366; 96.289;258.310
2025-03-14 02:30:00;216.907;171.260; 87.190; 95.347;256.166
2025-03-14 02:35:00;213.597;171.166; 88.270; 95.629;257.378
2025-03-14 02:40:00;217.687;172.332; 86.788; 96.514;258.840
2025-03-14 02:45:00;214.743;171.689; 86.254; 96.096;256.104
2025-03-14 02:50:00;214.470;170.703; 87.568; 95.745;257.974
2025-03-14 02:55:00;218.027;170.522; 86.584; 95.590;255.860
2025-03-14 03:00:00;214.647;171.672; 85.728; 94.933;257.710
2025-03-14 03:05:00;215.377;168.732; 86.434; 96.095;254.386
2025-03-14 03:10:00;218.540;170.706; 86.870; 96.276;257.466
2025-03-14 03:15:00;217.404;170.551; 86.826; 94.521;257.506
2025-03-14 03:20:00;214.667;171.255; 87.812; 97.470;256.740
2025-03-14 03:25:00;216.437;172.675; 86.866; 95.362;255.630
2025-03-14 03:30:00;213.413;170.933; 86.840; 95.234;256.890
2025-03-14 03:35:00;215.507;169.948; 86.108; 95.985;256.204
2025-03-14 03:40:00;215.117;171.050; 87.106; 96.119;255.760
2025-03-14 03:45:00;216.337;170.810; 87.452; 95.286;257.120
2025-03-14 03:50:00;214.123;168.597; 87.120; 95.612;257.136
2025-03-14 03:55:00;216.003;169.864; 85.482; 97.387;257.354
2025-03-14 04:00:00;213.447;169.543; 85.348; 96.225;254.914
2025-03-14 04:05:00;214.490;170.785; 86.598; 96.223;255.416
2025-03-14 04:10:00;217.690;171.823; 87.728; 96.609;254.196
2025-03-14 04:15:00;215.727;169.409; 87.416; 96.986;257.794
2025-03-14 04:20:00;216.644;168.520; 86.278; 95.740;255.688
2025-03-14 04:25:00;214.150;169.073; 86.234; 95.873;257.870
2025-03-14 04:30:00;215.690;171.242; 87.072; 96.149;257.388
2025-03-14 04:35:00;216.540;170.616; 85.994; 97.370;257.716
2025-03-14 04:40:00;215.383;169.814; 86.350; 95.244;255.052
2025-03-14 04:45:00;214.603;170.523; 87.876; 96.064;258.934
2025-03-14 04:50:00;216.190;170.396; 87.126; 96.929;256.740
2025-03-14 04:55:00;213.257;171.431; 85.992; 94.244;255.094
2025-03-14 05:00:00;215.777;169.549; 86.180; 95.209;258.046
2025-03-14 05:05:00;213.587;172.423; 87.228; 94.826;258.214
2025-03-14 05:10:00;216.243;170.821; 86.184; 97.449;256.806
2025-03-14 05:15:00;216.290;169.341; 87.038; 96.629;256.168
2025-03-14 05:20:00;218.347;171.210; 86.608; 95.514;254.258
2025-03-14 05:25:00;216.167;170.851; 85.836; 95.298;255.438
2025-03-14 05:30:00;216.210;170.491; 86.652; 96.222;257.852
2025-03-14 05:35:00;217.390;169.140; 86.842; 96.359;254.466
2025-03-14 05:40:00;216.707;169.275; 86.598; 96.874;253.942
2025-03-14 05:45:00;215.150;170.659; 87.842; 94.886;254.594
2025-03-14 05:50:00;214.223;171.834; 87.056; 96.086;255.884
2025-03-14 05:55:00;214.353;171.504; 87.404; 95.978;255.492
2025-03-14 06:00:00;212.657;167.993; 85.796; 95.738;257.952
2025-03-14 06:05:00;216.877;169.714; 88.050; 96.395;256.652
2025-03-14 06:10:00;215.490;170.867; 87.140; 94.589;255.634
2025-03-14 06:15:00;214.033;170.569; 86.586; 95.444;256.468
2025-03-14 06:20:00;213.030;168.922; 86.180; 96.273;255.008
2025-03-14 06:25:00;212.477;169.690; 85.972; 97.832;254.848
2025-03-14 06:30:00;217.160;169.176; 86.346; 97.362;256.232
2025-03-14 06:35:00;215.930;169.040; 86.558; 96.942;254.612
2025-03-14 06:40:00;215.353;169.321; 85.792; 96.101;253.526
2025-03-14 06:45:00;216.270;169.895; 86.492; 95.406;255.322
2025-03-14 06:50:00;214.223;169.803; 86.150; 97.047;255.904
2025-03-14 06:55:00;215.313;169.689; 87.778; 95.945;252.340
2025-03-14 07:00:00;215.367;170.231; 86.926; 96.136;256.566
2025-03-14 07:05:00;214.173;   NaN; 86.238; 95.651;253.270
2025-03-14 07:10:00;216.177;168.990; 87.962; 94.736;255.670
2025-03-14 07:15:00;215.630;168.686; 87.060; 94.578;255.382
2025-03-14 07:20:00;214.543;168.557; 85.508; 93.941;254.812
2025-03-14 07:25:00;215.037;169.886; 86.994; 96.296;252.564
2025-03-14 07:30:00;214.686;169.880; 85.430; 97.787;254.832
2025-03-14 07:35:00;214.677;168.228; 85.922; 96.230;252.726
2025-03-14 07:40:00;215.347;169.762; 87.386; 95.177;255.838
2025-03-14 07:45:00;217.250;170.366; 86.868; 96.345;256.088
2025-03-14 07:50:00;213.163;171.760; 86.506; 95.033;257.916
2025-03-14 07:55:00;215.377;169.207; 87.444; 94.646;252.404
2025-03-14 08:00:00;217.387;168.561; 85.848; 94.618;258.458
2025-03-14 08:05:00;214.290;168.424; 86.112; 96.149;255.112
2025-03-14 08:10:00;211.870;168.008; 86.974; 95.736;254.166
2025-03-14 08:15:00;213.090;168.296; 85.532; 97.286;257.716
2025-03-14 08:20:00;215.473;170.824; 86.204; 95.956;255.428
2025-03-14 08:25:00;214.320;167.657; 86.294; 94.867;256.804
2025-03-14 08:30:00;213.720;170.312; 86.854; 94.659;254.344
2025-03-14 08:35:00;213.700;170.741; 87.134; 93.979;254.358
2025-03-14 08:40:00;212.560;169.296; 84.652; 95.302;253.140
2025-03-14 08:45:00;212.883;169.325; 85.982; 96.182;253.528
2025-03-14 08:50:00;216.213;168.814; 86.614; 95.225;254.492
2025-03-14 08:55:00;214.830;170.325; 84.980; 95.880;255.652
2025-03-14 09:00:00;214.243;168.413; 86.444; 96.261;255.282
2025-03-14 09:05:00;213.157;168.971; 85.208; 94.627;256.640
2025-03-14 09:10:00;212.143;169.698; 84.556; 97.214;257.700
2025-03-14 09:15:00;216.037;168.262; 87.162; 96.038;256.406
2025-03-14 09:20:00;214.393;169.220; 87.584; 95.438;255.434
2025-03-14 09:25:00;214.587;167.645; 85.520; 95.018;255.886
2025-03-14 09:30:00;214.110;170.970; 86.426; 95.908;253.230
2025-03-14 09:35:00;213.977;167.851; 87.240; 95.962;252.090
2025-03-14 09:40:00;214.306;169.512; 85.880; 95.289;255.984
2025-03-14 09:45:00;214.757;167.813; 85.698; 95.121;253.092
2025-03-14 09:50:00;213.757;168.741; 86.612; 95.578;251.470
2025-03-14 09:55:00;213.737;167.045; 85.820; 94.933;253.410
2025-03-14 10:00:00;215.457;169.186; 83.906; 95.674;256.238
2025-03-14 10:05:00;214.957;169.489; 84.938; 94.290;255.776
2025-03-14 10:10:00;214.590;168.547; 86.460; 95.480;254.084
2025-03-14 10:15:00;211.660;168.497; 86.610; 95.843;253.302
2025-03-14 10:20:00;213.073;169.609; 87.060; 95.222;255.374
2025-03-14 10:25:00;210.877;168.659; 85.086; 95.458;253.486
2025-03-14 10:30:00;211.357;170.055; 85.904; 95.885;255.766
2025-03-14 10:35:00;214.800;170.174; 85.984; 96.172;253.508
2025-03-14 10:40:00;213.370;168.212; 87.664; 96.558;256.014
2025-03-14 10:45:00;212.600;169.276; 86.148; 95.767;254.688
2025-03-14 10:50:00;215.010;167.972; 86.896; 96.363;254.712
2025-03-14 10:55:00;217.277;170.631; 87.262; 96.375;254.826
2025-03-14 11:00:00;213.430;170.716; 85.978; 95.059;253.698
2025-03-14 11:05:00;214.697;168.326; 87.380; 94.701;255.692
2025-03-14 11:10:00;211.887;167.841; 86.768; 94.914;253.164
2025-03-14 11:15:00;213.397;169.318; 86.710; 95.276;251.552
2025-03-14 11:20:00;211.100;168.811; 86.508; 96.063;255.572
2025-03-14 11:25:00;214.330;169.311; 85.248; 94.899;256.368
2025-03-14 11:30:00;213.000;168.035; 86.220; 96.528;253.324
2025-03-14 11:35:00;213.840;168.261; 85.806; 95.641;253.560
2025-03-14 11:40:00;213.113;167.200; 87.558; 95.565;255.456
2025-03-14 11:45:00;215.240;169.084; 86.010; 95.262;253.700
2025-03-14 11:50:00;213.310;168.886; 87.018; 95.288;254.312
2025-03-14 11:55:00;215.077;168.600; 85.498; 94.289;252.866
2025-03-14 12:00:00;213.067;168.386; 85.730; 95.233;251.376
2025-03-14 12:05:00;214.230;168.453; 86.320; 93.683;253.120
2025-03-14 12:10:00;215.110;169.344; 86.556; 95.145;254.360
2025-03-14 12:15:00;214.590;169.191; 86.328; 93.837;254.602
2025-03-14 12:20:00;212.613;168.575; 85.116; 95.528;255.000
2025-03-14 12:25:00;212.130;168.031; 86.886; 95.239;253.878
2025-03-14 12:30:00;211.893;168.851; 87.212; 96.258;254.334
2025-03-14 12:35:00;212.070;169.274; 86.642; 96.834;253.904
2025-03-14 12:40:00;214.243;168.389; 86.506; 97.708;251.600
2025-03-14 12:45:00;214.107;167.608; 85.910; 95.749;254.518
2025-03-14 12:50:00;212.430;169.617; 86.054; 94.980;254.880
2025-03-14 12:55:00;212.753;168.749; 86.704; 96.765;252.414
2025-03-14 13:00:00;214.430;169.593; 85.796; 95.062;254.590
2025-03-14 13:05:00;214.623;167.759; 86.598; 95.827;252.666
2025-03-14 13:10:00;214.100;169.352; 86.332; 96.060;252.555
2025-03-14 13:15:00;213.030;166.432; 86.732; 95.474;255.444
2025-03-14 13:20:00;212.920;168.096; 87.488; 94.957;254.384
2025-03-14 13:25:00;212.107;169.329; 85.022; 96.560;253.800
2025-03-14 13:30:00;212.390;168.482; 86.936; 93.993;254.622
2025-03-14 13:35:00;212.617;169.385; 86.588; 95.714;254.352
2025-03-14 13:40:00;212.060;169.013; 86.250; 94.210;255.852
2025-03-14 13:45:00;216.570;168.391; 86.736; 95.937;253.540
2025-03-14 13:50:00;213.970;169.213; 86.224; 94.150;253.254
2025-03-14 13:55:00;214.807;169.796; 86.232; 96.246;251.388
2025-03-14 14:00:00;212.020;171.337; 85.958; 94.633;254.176
2025-03-14 14:05:00;214.357;168.776; 86.810; 96.553;253.832
2025-03-14 14:10:00;210.600;169.561; 86.814; 94.891;252.648
2025-03-14 14:15:00;214.417;168.725; 86.734; 95.271;251.900
2025-03-14 14:20:00;213.817;167.277; 86.686; 95.199;252.236
2025-03-14 14:25:00;212.406;169.410; 86.640; 96.193;253.608
2025-03-14 14:30:00;213.247;169.850; 87.354; 95.965;255.302
2025-03-14 14:35:00;211.463;167.790; 86.950; 93.892;252.068
2025-03-14 14:40:00;213.670;167.916; 86.466; 96.602;254.740
2025-03-14 14:45:00;214.290;168.642; 86.362; 95.306;255.120
2025-03-14 14:50:00;214.267;169.177; 85.838; 95.969;254.738
2025-03-14 14:55:00;213.327;169.471; 84.182; 96.807;254.202
2025-03-14 15:00:00;214.620;166.380; 86.608; 94.686;252.904
2025-03-14 15:05:00;215.203;168.173; 86.142; 95.496;253.054
2025-03-14 15:10:00;212.757;170.033; 86.740; 95.724;252.076
2025-03-14 15:15:00;214.430;170.838; 84.360; 95.859;251.740
2025-03-14 15:20:00;212.250;169.083; 85.350; 96.493;252.700
2025-03-14 15:25:00;214.180;168.042; 86.442; 95.635;254.062
2025-03-14 15:30:00;214.180;169.751; 86.108; 96.673;254.446
2025-03-14 15:35:00;212.676;167.515; 85.838; 94.464;257.074
2025-03-14 15:40:00;212.627;169.286; 85.062; 95.337;254.460
2025-03-14 15:45:00;216.160;169.144; 85.518; 95.024;254.508
2025-03-14 15:50:00;211.760;168.403; 86.032; 96.193;257.334
2025-03-14 15:55:00;214.483;167.028; 85.772; 94.366;251.712
2025-03-14 16:00:00;214.307;170.976; 84.750; 96.894;254.022
2025-03-14 16:05:00;216.650;169.558; 86.362; 94.884;252.340
2025-03-14 16:10:00;214.240;167.781; 85.646; 95.344;252.950
2025-03-14 16:15:00;214.013;168.534; 85.434; 95.865;251.850
2025-03-14 16:20:00;210.647;169.418; 84.362; 94.783;255.300
2025-03-14 16:25:00;214.193;169.286; 85.448; 95.610;256.064
2025-03-14 16:30:00;211.837;170.387; 86.392; 96.169;254.556
2025-03-14 16:35:00;212.623;169.516; 85.892; 94.675;253.200
2025-03-14 16:40:00;214.437;166.742; 86.088; 93.761;253.708
2025-03-14 16:45:00;211.600;167.984; 85.192; 96.975;254.668
2025-03-14 16:50:00;211.643;169.822; 84.262; 96.242;254.996
2025-03-14 16:55:00;211.517;167.911; 86.694; 94.815;252.952
2025-03-14 17:00:00;210.213;169.403; 86.136; 95.310;254.288
2025-03-14 17:05:00;211.940;170.267; 85.304; 96.432;254.004
2025-03-14 17:10:00;212.310;168.232; 85.116; 95.657;252.850
2025-03-14 17:15:00;214.614;169.662; 86.918; 95.499;253.324
2025-03-14 17:20:00;213.810;167.505; 85.908; 94.902;252.938
2025-03-14 17:25:00;211.017;168.360; 85.256; 94.858;253.250
2025-03-14 17:30:00;211.397;169.058; 85.752; 95.142;252.550
2025-03-14 17:35:00;213.937;167.112; 87.120; 94.987;255.128
2025-03-14 17:40:00;212.227;168.442; 85.752; 95.372;253.222
2025-03-14 17:45:00;213.473;168.894; 84.254; 94.736;253.188
2025-03-14 17:50:00;213.317;167.170; 85.380; 94.245;253.968
2025-03-14 17:55:00;214.863;168.312; 85.796; 96.092;251.684
2025-03-14 18:00:00;214.593;167.750; 86.216; 95.740;254.456
2025-03-14 18:05:00;212.810;167.828; 85.362; 95.841;254.338
2025-03-14 18:10:00;212.904;168.712; 85.364; 95.987;256.650
2025-03-14 18:15:00;212.643;170.599; 86.716; 96.439;254.326
2025-03-14 18:20:00;212.724;168.023; 85.888; 95.410;252.904
2025-03-14 18:25:00;212.983;168.865; 84.846; 94.166;256.116
2025-03-14 18:30:00;212.706;169.087; 84.702; 95.623;255.008
2025-03-14 18:35:00;212.680;167.853; 84.580; 95.224;254.396
2025-03-14 18:40:00;211.093;167.873; 85.998; 95.804;254.778
2025-03-14 18:45:00;214.750;169.925; 85.052; 95.810;256.532
2025-03-14 18:50:00;213.157;170.663; 85.724; 95.716;251.824
2025-03-14 18:55:00;212.637;169.859; 85.930; 96.686;252.546
2025-03-14 19:00:00;212.997;167.858; 85.908; 95.483;253.338
2025-03-14 19:05:00;212.150;168.363; 86.076; 96.040;253.400
2025-03-14 19:10:00;213.753;168.246; 85.378; 96.866;252.992
2025-03-14 19:15:00;213.710;169.527; 86.438; 95.695;252.838
2025-03-14 19:20:00;214.197;168.350; 85.746; 95.574;253.974
2025-03-14 19:25:00;212.643;169.510; 85.748; 96.086;253.800
2025-03-14 19:30:00;213.523;167.356; 85.912; 95.218;252.124
2025-03-14 19:35:00;215.223;170.719; 85.904; 96.144;254.138
2025-03-14 19:40:00;213.293;169.082; 85.562; 96.698;253.806
2025-03-14 19:45:00;213.367;168.917; 86.736; 95.336;253.518
2025-03-14 19:50:00;214.240;168.074; 86.164; 95.307;256.322
2025-03-14 19:55:00;211.240;168.696; 86.442; 96.167;254.916
2025-03-14 20:00:00;212.577;170.070; 86.608; 94.891;253.204
2025-03-14 20:05:00;214.140;169.345; 85.912; 95.354;253.702
2025-03-14 20:10:00;213.933;167.052; 86.228; 95.389;251.500
2025-03-14 20:15:00;214.823;168.377; 87.540; 96.069;253.994
2025-03-14 20:20:00;214.097;167.294; 85.884; 94.541;252.402
2025-03-14 20:25:00;213.360;168.786; 85.074; 93.594;253.346
2025-03-14 20:30:00;213.037;168.943; 85.112; 95.422;251.636
2025-03-14 20:35:00;214.227;168.280; 85.680; 95.679;253.612
2025-03-14 20:40:00;212.890;170.699; 84.448; 95.072;253.630
2025-03-14 20:45:00;215.870;168.616; 86.744; 94.438;254.014
2025-03-14 20:50:00;214.400;168.132; 86.594; 94.678;253.594
2025-03-14 20:55:00;214.283;168.165; 84.752; 94.259;255.568
2025-03-14 21:00:00;213.736;167.836; 86.264; 95.149;256.718
2025-03-14 21:05:00;213.433;169.832; 86.884; 94.323;254.462
2025-03-14 21:10:00;216.060;168.194; 86.438; 94.425;255.606
2025-03-14 21:15:00;214.597;170.011; 86.826; 94.439;254.474
2025-03-14 21:20:00;215.247;168.602; 85.678; 94.789;256.614
2025-03-14 21:25:00;215.053;168.752; 85.842; 94.480;255.782
2025-03-14 21:30:00;215.227;167.558; 86.832; 95.407;254.618
2025-03-14 21:35:00;213.980;169.448; 84.952; 95.850;252.496
2025-03-14 21:40:00;212.443;168.349; 87.178; 94.951;253.156
2025-03-14 21:45:00;213.260;167.801; 87.342; 95.934;254.322
2025-03-14 21:50:00;214.263;168.512; 86.554; 96.444;252.986
2025-03-14 21:55:00;212.903;168.272; 86.686; 96.638;253.504
2025-03-14 22:00:00;215.910;169.248; 87.156; 95.585;255.340
2025-03-14 22:05:00;213.530;169.325; 85.546; 94.554;253.194
2025-03-14 22:10:00;213.783;167.304; 85.714; 94.961;253.268
2025-03-14 22:15:00;212.840;167.579; 84.930; 95.206;255.114
2025-03-14 22:20:00;213.890;171.050; 85.386; 96.360;254.620
2025-03-14 22:25:00;215.227;168.470; 85.970; 95.745;255.698
2025-03-14 22:30:00;211.770;167.816; 87.100; 94.520;252.066
2025-03-14 22:35:00;212.943;169.494; 84.768; 96.094;254.726
2025-03-14 22:40:00;213.467;168.032; 87.074; 94.467;254.044
2025-03-14 22:45:00;213.937;167.830; 85.490; 94.567;254.746
2025-03-14 22:50:00;215.647;166.645; 87.014; 95.228;254.150
2025-03-14 22:55:00;214.840;168.435; 85.334; 93.522;253.550
2025-03-14 23:00:00;211.513;167.791; 84.888; 95.749;253.070
2025-03-14 23:05:00;214.970;169.242; 85.484; 94.800;252.210
2025-03-14 23:10:00;214.933;168.464; 86.640; 95.248;254.530
2025-03-14 23:15:00;214.077;170.252; 86.200; 95.869;254.044
2025-03-14 23:20:00;214.690;168.192; 86.340; 95.315;252.932
2025-03-14 23:25:00;214.537;169.692; 85.504; 94.201;256.946
2025-03-14 23:30:00;211.873;167.982; 85.634; 94.166;253.424
2025-03-14 23:35:00;214.990;169.484; 86.336; 94.611;254.622
2025-03-14 23:40:00;214.727;169.208; 85.232; 95.431;254.236
2025-03-14 23:45:00;216.073;169.056; 85.940; 94.080;253.522
2025-03-14 23:50:00;212.077;168.512; 87.022; 95.008;252.892
2025-03-14 23:55:00;213.937;167.670; 86.146; 93.335;254.264
2025-03-15 00:00:00;216.187;165.641; 85.422; 95.594;255.052
2025-03-15 00:05:00;215.240;167.360; 85.752; 93.747;252.532
2025-03-15 00:10:00;214.373;168.461; 85.938; 95.107;253.206
2025-03-15 00:15:00;212.610;167.207; 85.194; 95.203;254.402
2025-03-15 00:20:00;213.357;167.680; 86.198; 95.976;253.768
2025-03-15 00:25:00;213.850;167.256; 86.076; 94.424;257.372
2025-03-15 00:30:00;213.284;167.313; 85.286; 95.320;255.740
2025-03-15 00:35:00;212.497;171.529; 85.116; 95.691;255.398
2025-03-15 00:40:00;214.187;168.854; 85.918; 92.803;255.630
2025-03-15 00:45:00;213.520;168.620; 84.778; 95.106;256.006
2025-03-15 00:50:00;212.843;168.064; 85.368; 94.824;254.132
2025-03-15 00:55:00;211.190;166.830; 84.912; 95.255;255.180
2025-03-15 01:00:00;211.400;168.164; 85.238; 94.355;254.304
2025-03-15 01:05:00;214.534;169.970; 85.288; 94.337;254.188
2025-03-15 01:10:00;214.340;168.134; 85.448; 95.348;253.934
2025-03-15 01:15:00;213.230;168.197; 86.000; 95.013;253.492
2025-03-15 01:20:00;213.337;169.753; 85.842; 94.765;254.612
2025-03-15 01:25:00;212.067;167.874; 85.594; 93.284;255.482
2025-03-15 01:30:00;213.153;168.308; 85.628; 94.065;254.352
2025-03-15 01:35:00;212.837;168.973; 86.592; 95.303;253.556
2025-03-15 01:40:00;216.483;168.091; 86.262; 96.303;256.820
2025-03-15 01:45:00;214.567;166.667; 86.446; 94.239;255.684
2025-03-15 01:50:00;212.280;168.645; 85.316; 93.818;254.910
2025-03-15 01:55:00;215.647;168.403; 85.704; 94.159;253.162
2025-03-15 02:00:00;212.800;169.389; 86.410; 96.197;253.852
2025-03-15 02:05:00;212.020;166.663; 86.258; 95.285;257.684
2025-03-15 02:10:00;212.923;168.492; 85.776; 94.712;254.746
2025-03-15 02:15:00;214.343;168.058; 85.318; 96.071;252.918
2025-03-15 02:20:00;214.323;168.037; 85.234; 93.309;252.236
2025-03-15 02:25:00;213.830;167.403; 84.948; 95.100;255.994
2025-03-15 02:30:00;213.150;166.749; 86.616; 94.378;255.604
2025-03-15 02:35:00;212.850;169.534; 85.058; 93.747;256.630
2025-03-15 02:40:00;214.860;168.290; 84.846; 93.268;255.930
2025-03-15 02:45:00;215.390;167.656; 85.794; 94.913;253.568
2025-03-15 02:50:00;210.597;167.854; 85.566; 94.431;253.552
2025-03-15 02:55:00;212.373;169.938; 84.410; 94.378;254.890
2025-03-15 03:00:00;214.003;167.963; 87.304; 95.695;255.372
2025-03-15 03:05:00;211.227;167.900; 84.760; 93.977;256.604
2025-03-15 03:10:00;213.773;167.821; 85.430; 94.701;253.238
2025-03-15 03:15:00;213.470;169.167; 86.112; 93.851;254.228
2025-03-15 03:20:00;212.197;168.077; 84.610; 95.687;253.720
2025-03-15 03:25:00;213.500;168.219; 83.416; 94.855;253.048
2025-03-15 03:30:00;212.937;168.051; 85.302; 94.582;253.238
2025-03-15 03:35:00;212.197;168.554; 86.390; 94.849;255.810
2025-03-15 03:40:00;212.680;168.069; 84.798; 93.416;251.534
2025-03-15 03:45:00;214.667;168.740; 86.802; 95.067;251.736
2025-03-15 03:50:00;213.307;168.344; 86.082; 95.383;251.146
2025-03-15 03:55:00;213.670;167.822; 85.430; 94.922;254.502
2025-03-15 04:00:00;213.987;168.042; 86.096; 96.544;255.644
2025-03-15 04:05:00;212.653;167.342; 85.828; 94.041;255.522
2025-03-15 04:10:00;214.003;168.909; 86.276; 93.566;251.896
2025-03-15 04:15:00;211.283;167.528; 85.562; 95.889;254.334
2025-03-15 04:20:00;214.607;169.312; 86.978; 93.998;256.944
2025-03-15 04:25:00;213.020;168.017; 86.108; 92.535;254.944
2025-03-15 04:30:00;212.170;167.800; 85.026; 94.313;253.712
2025-03-15 04:35:00;213.623;168.597; 86.928; 93.411;255.414
2025-03-15 04:40:00;214.823;169.292; 86.120; 96.045;255.112
2025-03-15 04:45:00;212.447;167.787; 84.862; 94.217;256.200
2025-03-15 04:50:00;215.357;167.681; 85.846; 95.391;253.424
2025-03-15 04:55:00;212.470;169.011; 84.896; 94.813;255.208
2025-03-15 05:00:00;214.230;167.132; 85.504; 94.704;254.624
2025-03-15 05:05:00;214.170;168.423; 87.126; 94.259;253.014
2025-03-15 05:10:00;215.673;168.220; 85.654; 94.286;254.124
2025-03-15 05:15:00;214.900;169.321; 86.100; 95.793;255.064
2025-03-15 05:20:00;212.337;164.873; 84.520; 93.850;253.088
2025-03-15 05:25:00;213.973;168.140; 85.986; 94.076;255.240
2025-03-15 05:30:00;213.700;167.785; 86.476; 94.796;255.860
2025-03-15 05:35:00;215.447;167.217; 85.694; 94.472;256.972
2025-03-15 05:40:00;215.420;168.068; 86.698; 95.332;255.446
2025-03-15 05:45:00;214.170;167.066; 85.380; 94.256;252.828
2025-03-15 05:50:00;213.216;168.138; 86.260; 94.864;254.790
2025-03-15 05:55:00;212.020;167.013; 86.832; 95.362;255.362
2025-03-15 06:00:00;214.830;168.098; 84.916; 93.528;256.182
2025-03-15 06:05:00;212.157;167.361; 85.392; 94.322;255.080
2025-03-15 06:10:00;214.453;169.220; 85.764; 94.382;255.224
2025-03-15 06:15:00;215.003;167.104; 87.932; 94.547;254.480
2025-03-15 06:20:00;211.337;169.363; 86.314; 94.169;253.082
2025-03-15 06:25:00;213.310;167.414; 84.850; 94.561;253.070
2025-03-15 06:30:00;212.913;168.845; 85.916; 93.245;255.052
2025-03-15 06:35:00;212.867;168.172; 85.562; 95.914;254.558
2025-03-15 06:40:00;213.917;168.337; 85.520; 94.054;255.064
2025-03-15 06:45:00;212.120;168.923; 85.454; 94.765;254.506
2025-03-15 06:50:00;212.757;168.920; 84.388; 94.806;255.674
2025-03-15 06:55:00;212.067;170.258; 85.536; 93.450;254.570
2025-03-15 07:00:00;213.367;169.098; 85.584; 95.237;256.056
2025-03-15 07:05:00;215.480;167.964; 85.356; 93.814;255.990
2025-03-15 07:10:00;211.583;168.960; 86.222; 95.548;256.244
2025-03-15 07:15:00;213.766;167.487; 86.942; 93.724;253.654
2025-03-15 07:20:00;214.977;166.046; 84.922; 92.760;254.312
2025-03-15 07:25:00;211.017;168.809; 86.452; 94.733;253.502
2025-03-15 07:30:00;213.250;167.902; 85.246; 94.245;253.770
2025-03-15 07:35:00;212.667;169.160; 85.282; 94.383;254.714
2025-03-15 07:40:00;213.353;168.489; 85.334; 95.959;255.200
2025-03-15 07:45:00;212.587;167.535; 84.726; 94.460;253.088
2025-03-15 07:50:00;215.013;168.307; 84.754; 93.469;254.166
2025-03-15 07:55:00;212.157;167.632; 85.688; 94.040;255.902
2025-03-15 08:00:00;212.660;170.809; 86.252; 95.713;255.896
2025-03-15 08:05:00;212.383;169.377; 86.374; 94.918;255.104
2025-03-15 08:10:00;213.543;168.676; 86.626; 94.270;254.022
2025-03-15 08:15:00;213.153;166.503; 86.838; 93.543;252.236
2025-03-15 08:20:00;215.317;167.571; 84.634; 94.989;256.304
2025-03-15 08:25:00;213.560;167.864; 86.504; 94.545;254.348
2025-03-15 08:30:00;210.853;167.654; 85.914; 93.702;253.948
2025-03-15 08:35:00;213.837;169.567; 86.382; 93.473;253.116
2025-03-15 08:40:00;211.800;168.172; 86.086; 96.388;255.476
2025-03-15 08:45:00;213.200;167.529; 85.894; 93.800;253.922
2025-03-15 08:50:00;210.663;167.789; 85.484; 93.827;254.556
2025-03-15 08:55:00;212.610;167.845; 85.744; 95.176;254.778
2025-03-15 09:00:00;213.787;168.891; 86.006; 94.358;255.608
2025-03-15 09:05:00;212.837;166.878; 85.814; 94.157;256.212
2025-03-15 09:10:00;214.553;166.780; 84.716; 93.556;255.092
2025-03-15 09:15:00;213.697;168.207; 85.580; 94.518;254.884
2025-03-15 09:20:00;213.280;169.529; 85.030; 95.541;253.400
2025-03-15 09:25:00;211.430;167.729; 85.612; 95.260;256.372
2025-03-15 09:30:00;211.990;167.952; 85.386; 93.648;257.586
2025-03-15 09:35:00;215.980;168.662; 84.946; 93.018;254.456
2025-03-15 09:40:00;213.410;167.925; 85.696; 94.933;253.242
2025-03-15 09:45:00;212.697;167.226; 84.580; 94.989;255.726
2025-03-15 09:50:00;212.670;168.970; 85.748; 94.468;251.714
2025-03-15 09:55:00;213.940;168.681; 84.802; 95.148;257.048
2025-03-15 10:00:00;214.470;169.108; 87.080; 93.933;255.756
2025-03-15 10:05:00;213.973;166.951; 85.678; 93.544;254.998
2025-03-15 10:10:00;214.280;167.593; 85.264; 94.061;255.154
2025-03-15 10:15:00;216.700;167.855; 84.272; 93.773;255.968
2025-03-15 10:20:00;212.810;167.469; 84.450; 93.685;256.574
2025-03-15 10:25:00;212.224;167.256; 85.166; 94.092;254.470
2025-03-15 10:30:00;213.413;170.783; 85.986; 94.611;254.732
2025-03-15 10:35:00;213.890;168.956; 86.800; 95.330;256.462
2025-03-15 10:40:00;213.040;167.388; 84.406; 94.628;254.758
2025-03-15 10:45:00;213.863;168.637; 85.460; 94.477;254.674
2025-03-15 10:50:00;216.750;168.900; 84.642; 93.530;257.540
2025-03-15 10:55:00;214.523;168.143; 87.864; 95.028;255.936
2025-03-15 11:00:00;215.087;169.376; 85.982; 93.965;255.408
2025-03-15 11:05:00;213.583;170.902; 85.782; 94.345;254.850
2025-03-15 11:10:00;212.763;166.711; 86.076; 93.413;257.710
2025-03-15 11:15:00;212.410;168.638; 85.760; 94.377;256.306
2025-03-15 11:20:00;213.283;168.175; 85.014; 94.328;254.036
2025-03-15 11:25:00;209.770;169.802; 84.786; 96.316;253.496
2025-03-15 11:30:00;212.300;170.301; 84.734; 96.000;254.864
2025-03-15 11:35:00;211.293;170.527; 87.068; 94.932;256.948
2025-03-15 11:40:00;215.444;169.143; 84.574; 94.006;256.626
2025-03-15 11:45:00;214.537;170.151; 86.740; 93.542;255.646
2025-03-15 11:50:00;213.553;166.925; 86.762; 93.744;257.808
2025-03-15 11:55:00;212.604;169.721; 86.094; 92.706;255.564
2025-03-15 12:00:00;213.177;167.518; 87.046; 94.261;256.704
2025-03-15 12:05:00;210.673;170.832; 86.022; 94.288;257.508
2025-03-15 12:10:00;213.817;168.194; 85.042; 94.465;255.820
2025-03-15 12:15:00;213.737;168.468; 87.638; 94.409;258.588
2025-03-15 12:20:00;212.460;171.226; 86.100; 95.313;258.572
2025-03-15 12:25:00;213.327;168.504; 85.600; 94.329;255.338
2025-03-15 12:30:00;215.320;169.946; 85.718; 94.475;258.722
2025-03-15 12:35:00;213.733;170.597; 85.646; 94.206;257.116
2025-03-15 12:40:00;213.540;169.996; 86.958; 94.053;258.458
2025-03-15 12:45:00;212.137;169.232; 86.522; 95.527;254.458
2025-03-15 12:50:00;215.533;167.373; 86.178; 94.239;257.782
2025-03-15 12:55:00;212.393;168.336; 85.744; 94.833;254.906
2025-03-15 13:00:00;216.767;169.566; 85.736; 93.836;255.666
2025-03-15 13:05:00;213.673;168.263; 85.038; 93.924;256.600
2025-03-15 13:10:00;212.603;169.550; 85.366; 94.051;257.020
2025-03-15 13:15:00;213.050;169.912; 85.004; 95.486;258.336
2025-03-15 13:20:00;214.883;171.198; 85.812; 94.778;256.362
2025-03-15 13:25:00;215.237;169.978; 86.204; 92.887;256.004
2025-03-15 13:30:00;213.740;168.860; 85.278; 93.947;258.050
2025-03-15 13:35:00;213.567;169.454; 85.602; 94.001;255.412
2025-03-15 13:40:00;213.737;169.679; 87.062; 93.115;257.934
2025-03-15 13:45:00;212.337;170.871; 86.022; 95.747;257.054
2025-03-15 13:50:00;213.860;168.927; 85.830; 94.471;254.012
2025-03-15 13:55:00;214.510;171.006; 86.012; 94.909;256.144
2025-03-15 14:00:00;214.230;169.904; 85.360; 94.060;255.178
2025-03-15 14:05:00;213.363;170.261; 84.236; 94.623;253.882
2025-03-15 14:10:00;215.047;167.721; 86.022; 94.925;257.606
2025-03-15 14:15:00;214.506;170.250; 86.860; 94.349;255.560
2025-03-15 14:20:00;213.643;171.899; 84.652; 95.138;255.920
2025-03-15 14:25:00;212.310;169.129; 85.840; 95.016;256.196
2025-03-15 14:30:00;214.380;168.988; 85.174; 94.790;254.576
2025-03-15 14:35:00;214.120;170.236; 85.008; 94.546;254.100
2025-03-15 14:40:00;214.213;169.679; 86.864; 93.114;257.096
2025-03-15 14:45:00;213.410;169.151; 85.946; 94.653;256.066
2025-03-15 14:50:00;215.307;171.385; 85.128; 96.130;254.972
2025-03-15 14:55:00;216.180;169.598; 84.522; 94.561;256.938
2025-03-15 15:00:00;213.427;170.310; 84.502; 95.485;254.220
2025-03-15 15:05:00;214.083;170.111; 85.766; 94.875;253.836
2025-03-15 15:10:00;215.413;170.176; 86.014; 95.348;256.572
2025-03-15 15:15:00;211.980;171.867; 86.208; 94.299;256.018
2025-03-15 15:20:00;215.193;169.889; 85.982; 94.717;255.196
2025-03-15 15:25:00;215.613;170.100; 86.898; 95.367;256.558
2025-03-15 15:30:00;213.080;169.361; 86.378; 93.790;256.208
2025-03-15 15:35:00;212.750;169.150; 86.836; 96.164;255.772
2025-03-15 15:40:00;214.287;170.176; 85.374; 93.015;256.868
2025-03-15 15:45:00;218.460;170.634; 85.962; 94.105;255.720
2025-03-15 15:50:00;213.187;170.110; 85.872; 94.325;255.040
2025-03-15 15:55:00;216.273;171.288; 86.198; 94.935;256.162
2025-03-15 16:00:00;214.253;171.666; 87.606; 95.605;255.234
2025-03-15 16:05:00;214.200;168.948; 85.516; 95.098;256.050
2025-03-15 16:10:00;216.283;170.009; 83.626; 96.358;257.970
2025-03-15 16:15:00;215.033;168.781; 85.354; 96.019;257.928
2025-03-15 16:20:00;211.857;171.385; 84.786; 95.072;255.670
2025-03-15 16:25:00;217.170;170.406; 84.984; 94.821;254.878
2025-03-15 16:30:00;213.373;169.545; 86.254; 95.624;256.142
2025-03-15 16:35:00;212.216;169.648; 85.724; 94.824;255.998
2025-03-15 16:40:00;213.060;170.143; 84.494; 95.484;257.114
2025-03-15 16:45:00;214.410;169.729; 85.466; 94.902;258.540
2025-03-15 16:50:00;215.090;169.041; 85.642; 94.122;258.938
2025-03-15 16:55:00;212.120;170.492; 86.400; 95.316;258.016
2025-03-15 17:00:00;214.593;168.331; 84.806; 95.467;256.824
2025-03-15 17:05:00;213.274;172.750; 86.646; 95.478;256.938
2025-03-15 17:10:00;215.683;169.253; 85.526; 95.076;256.010
2025-03-15 17:15:00;214.640;168.040; 86.156; 94.661;257.634
2025-03-15 17:20:00;212.737;169.405; 86.080; 94.640;258.436
2025-03-15 17:25:00;213.917;170.180; 85.402; 95.385;256.948
2025-03-15 17:30:00;213.533;170.194; 84.802; 93.424;257.310
2025-03-15 17:35:00;211.253;170.168; 87.268; 93.871;255.566
2025-03-15 17:40:00;216.090;168.839; 84.924; 95.280;255.418
2025-03-15 17:45:00;213.423;169.335; 86.372; 95.669;255.870
2025-03-15 17:50:00;213.793;169.295; 84.708; 93.674;257.230
2025-03-15 17:55:00;211.827;169.888; 86.080; 94.807;260.296
2025-03-15 18:00:00;212.140;169.700; 85.980; 93.226;255.652
2025-03-15 18:05:00;213.047;169.855; 86.074; 94.658;258.228
2025-03-15 18:10:00;212.930;171.201; 85.470; 95.094;256.626
2025-03-15 18:15:00;214.860;171.476; 86.562; 94.909;257.366
2025-03-15 18:20:00;215.950;169.001; 86.542; 95.021;259.892
2025-03-15 18:25:00;217.280;169.580; 87.180; 94.275;257.546
2025-03-15 18:30:00;213.230;168.636; 85.536; 94.802;255.956
2025-03-15 18:35:00;213.620;169.785; 85.284; 96.217;259.506
2025-03-15 18:40:00;215.967;170.603; 85.732; 96.332;255.406
2025-03-15 18:45:00;216.653;168.366; 86.376; 95.043;254.548
2025-03-15 18:50:00;215.210;168.873; 86.710; 95.121;257.546
2025-03-15 18:55:00;213.573;169.754; 86.208; 96.041;259.032
2025-03-15 19:00:00;215.027;169.400; 85.900; 94.458;256.660
2025-03-15 19:05:00;213.837;168.271; 85.192; 95.295;257.550
2025-03-15 19:10:00;214.300;167.199; 85.878; 96.641;256.270
2025-03-15 19:15:00;212.847;170.787; 85.930; 95.568;256.694
2025-03-15 19:20:00;215.233;168.386; 84.986; 93.046;257.198
2025-03-15 19:25:00;216.410;169.451; 86.516; 97.116;257.680
2025-03-15 19:30:00;214.513;169.556; 85.966; 95.808;254.748
2025-03-15 19:35:00;213.413;169.157; 85.096; 96.139;257.730
2025-03-15 19:40:00;213.260;168.534; 87.024; 94.688;255.820
2025-03-15 19:45:00;214.970;169.664; 86.818; 94.071;255.786
2025-03-15 19:50:00;215.647;170.314; 86.122; 94.058;259.242
2025-03-15 19:55:00;216.087;169.773; 86.736; 95.175;255.448
2025-03-15 20:00:00;214.683;171.974; 85.908; 95.196;257.160
2025-03-15 20:05:00;212.646;167.936; 85.024; 94.848;256.448
2025-03-15 20:10:00;217.613;169.069; 85.142; 94.677;259.300
2025-03-15 20:15:00;216.773;168.450; 86.272; 94.509;256.496
2025-03-15 20:20:00;213.390;168.808; 85.256; 94.828;256.826
2025-03-15 20:25:00;214.403;169.157; 85.236; 94.758;257.234
2025-03-15 20:30:00;213.773;167.707; 85.252; 94.035;256.390
2025-03-15 20:35:00;213.443;168.549; 85.858; 95.197;257.978
2025-03-15 20:40:00;214.890;168.160; 86.216; 95.060;255.466
2025-03-15 20:45:00;216.097;169.614; 85.910; 96.039;255.836
2025-03-15 20:50:00;214.610;169.280; 86.972; 95.214;255.832
2025-03-15 20:55:00;214.013;168.665; 85.412; 93.404;257.062
2025-03-15 21:00:00;215.200;169.833; 85.284; 94.985;255.000
2025-03-15 21:05:00;215.133;170.498; 86.600; 94.832;256.116
2025-03-15 21:10:00;213.436;168.252; 85.402; 94.704;257.768
2025-03-15 21:15:00;213.807;167.975; 86.406; 95.261;257.332
2025-03-15 21:20:00;214.726;169.435; 86.598; 96.089;255.650
2025-03-15 21:25:00;215.063;170.336; 85.804; 94.896;259.082
2025-03-15 21:30:00;215.220;169.857; 85.854; 95.372;256.228
2025-03-15 21:35:00;214.070;167.754; 85.484; 96.646;256.538
2025-03-15 21:40:00;215.893;169.712; 86.102; 95.446;258.482
2025-03-15 21:45:00;215.893;167.643; 87.074; 96.518;256.116
2025-03-15 21:50:00;215.760;166.150; 86.436; 95.230;256.200
2025-03-15 21:55:00;213.114;169.813; 86.708; 95.578;256.630
2025-03-15 22:00:00;214.433;167.228; 86.478; 94.910;259.444
2025-03-15 22:05:00;214.280;168.070; 86.044; 96.466;257.854
2025-03-15 22:10:00;215.207;169.890; 85.016; 95.952;257.560
2025-03-15 22:15:00;216.857;169.818; 85.966; 94.482;258.318
2025-03-15 22:20:00;215.797;171.602; 87.074; 96.594;259.664
2025-03-15 22:25:00;216.740;168.779; 86.162; 95.164;256.296
2025-03-15 22:30:00;217.293;167.955; 86.092; 94.562;256.248
2025-03-15 22:35:00;216.073;168.738; 86.158; 95.800;257.458
2025-03-15 22:40:00;216.223;170.792; 85.254; 95.640;256.628
2025-03-15 22:45:00;213.927;167.814; 85.872; 95.113;261.210
2025-03-15 22:50:00;213.967;169.786; 86.152; 95.539;256.544
2025-03-15 22:55:00;215.833;170.228; 85.302; 94.637;257.230
2025-03-15 23:00:00;217.073;166.843; 86.322; 95.103;257.410
2025-03-15 23:05:00;215.630;168.206; 86.870; 94.804;256.300
2025-03-15 23:10:00;214.117;167.591; 85.682; 95.696;256.858
2025-03-15 23:15:00;215.843;169.480; 85.566; 96.807;257.406
2025-03-15 23:20:00;215.983;169.532; 86.766; 95.345;256.122
2025-03-15 23:25:00;213.930;169.255; 85.914; 94.746;255.508
2025-03-15 23:30:00;217.387;169.076; 85.478; 95.407;257.102
2025-03-15 23:35:00;215.860;167.872; 86.796; 93.828;258.020
2025-03-15 23:40:00;215.463;167.818; 86.186; 95.381;257.064
2025-03-15 23:45:00;215.673;169.502; 86.778; 96.715;257.520
2025-03-15 23:50:00;213.763;169.035; 84.482; 94.360;257.352
2025-03-15 23:55:00;217.383;169.083; 85.990; 95.990;256.460
2025-03-16 00:00:00;211.217;168.943; 87.426; 95.248;257.622
2025-03-16 00:05:00;215.113;168.791; 85.912; 94.650;258.854
2025-03-16 00:10:00;216.867;168.751; 85.452; 94.832;258.248
2025-03-16 00:15:00;214.593;170.162; 85.866; 95.712;256.910
2025-03-16 00:20:00;215.250;170.719; 85.970; 95.949;258.298
2025-03-16 00:25:00;215.710;168.045; 86.194; 95.558;254.982
2025-03-16 00:30:00;216.777;168.085; 86.500; 95.580;255.916
2025-03-16 00:35:00;216.813;168.626; 85.574; 96.429;257.430
2025-03-16 00:40:00;214.677;168.157; 85.200; 94.832;256.566
2025-03-16 00:45:00;214.287;169.892; 86.086; 96.044;258.124
2025-03-16 00:50:00;214.237;169.171; 84.866; 94.470;258.518
2025-03-16 00:55:00;214.307;168.276; 84.500; 94.480;257.730
2025-03-16 01:00:00;214.530;170.688; 86.028; 94.530;257.360
2025-03-16 01:05:00;211.090;169.492; 85.548; 95.558;257.796
2025-03-16 01:10:00;212.640;168.765; 85.704; 95.731;258.702
2025-03-16 01:15:00;212.853;171.104; 86.394; 95.373;256.618
2025-03-16 01:20:00;214.630;167.415; 85.760; 95.244;258.748
2025-03-16 01:25:00;214.797;169.674; 85.886; 96.573;257.436
2025-03-16 01:30:00;216.193;166.892; 85.728; 95.337;256.816
2025-03-16 01:35:00;214.473;169.669; 84.996; 96.353;255.628
2025-03-16 01:40:00;213.360;169.597; 85.288; 97.243;257.674
2025-03-16 01:45:00;213.283;168.489; 85.480; 95.144;258.062
2025-03-16 01:50:00;216.987;168.523; 84.700; 95.972;258.640
2025-03-16 01:55:00;217.184;170.363; 87.026; 93.985;256.570
2025-03-16 02:00:00;213.497;168.289; 86.518; 95.805;256.898
2025-03-16 02:05:00;212.410;169.163; 84.638; 95.362;258.172
2025-03-16 02:10:00;213.630;169.014; 85.834; 94.711;255.932
2025-03-16 02:15:00;215.070;168.023; 85.924; 96.063;254.776
2025-03-16 02:20:00;213.370;167.787; 85.858; 94.524;256.686
2025-03-16 02:25:00;212.973;167.683; 86.394; 95.290;257.290
2025-03-16 02:30:00;213.004;168.711; 86.062; 95.697;258.450
2025-03-16 02:35:00;215.330;167.568; 86.508; 95.129;257.628
2025-03-16 02:40:00;215.870;168.981; 85.582; 95.874;259.192
2025-03-16 02:45:00;212.633;168.246; 86.886; 94.515;257.398
2025-03-16 02:50:00;215.277;167.329; 86.274; 95.673;255.808
2025-03-16 02:55:00;214.960;167.087; 86.618; 94.435;257.956
2025-03-16 03:00:00;215.933;167.085; 86.464; 94.643;258.018
2025-03-16 03:05:00;214.927;170.084; 86.146; 95.394;256.482
2025-03-16 03:10:00;215.660;169.814; 87.588; 94.655;255.872
2025-03-16 03:15:00;215.723;166.477; 85.294; 96.341;258.680
2025-03-16 03:20:00;216.710;169.190; 86.026; 94.980;257.568
2025-03-16 03:25:00;214.410;167.763; 85.754; 95.069;259.342
2025-03-16 03:30:00;214.830;167.604; 85.116; 96.375;254.832
2025-03-16 03:35:00;216.813;167.490; 85.224; 94.533;257.988
2025-03-16 03:40:00;216.030;168.562; 85.346; 96.518;255.970
2025-03-16 03:45:00;216.190;167.652; 86.580; 94.129;257.368
2025-03-16 03:50:00;215.313;168.073; 87.448; 95.632;256.278
2025-03-16 03:55:00;214.883;167.837; 87.130; 94.651;255.848
2025-03-16 04:00:00;215.443;167.515; 87.308; 96.321;257.402
2025-03-16 04:05:00;214.400;166.279; 87.446; 95.210;255.800
2025-03-16 04:10:00;216.633;168.464; 87.194; 95.972;255.680
2025-03-16 04:15:00;216.647;168.727; 86.648; 95.478;256.382
2025-03-16 04:20:00;212.916;168.228; 86.414; 95.304;257.426
2025-03-16 04:25:00;216.287;168.603; 85.488; 95.715;256.328
2025-03-16 04:30:00;215.426;168.228; 85.578; 95.506;254.328
2025-03-16 04:35:00;213.280;167.348; 84.864; 94.950;259.410
2025-03-16 04:40:00;215.290;168.817; 86.882; 92.801;257.260
2025-03-16 04:45:00;214.777;169.701; 87.802; 94.259;256.744
2025-03-16 04:50:00;215.247;169.219; 85.764; 95.450;254.504
2025-03-16 04:55:00;215.583;166.391; 86.208; 95.491;256.584
2025-03-16 05:00:00;216.710;167.323; 86.196; 94.763;254.766
2025-03-16 05:05:00;216.663;168.752; 85.724; 93.654;256.766
2025-03-16 05:10:00;216.103;168.285; 85.692; 95.601;254.948
2025-03-16 05:15:00;217.517;168.279; 85.964; 95.254;256.130
2025-03-16 05:20:00;217.066;168.239; 86.962; 95.908;255.170
2025-03-16 05:25:00;211.340;169.324; 85.294; 95.376;255.396
2025-03-16 05:30:00;213.303;167.933; 85.084; 94.574;254.936
2025-03-16 05:35:00;213.007;168.994; 85.102; 94.023;256.650
2025-03-16 05:40:00;214.953;168.632; 85.732; 95.375;257.782
2025-03-16 05:45:00;215.257;169.493; 85.854; 96.602;255.538
2025-03-16 05:50:00;214.870;168.109; 86.572; 95.681;255.492
2025-03-16 05:55:00;216.397;166.851; 85.862; 95.182;255.426
2025-03-16 06:00:00;214.977;170.038; 86.244; 95.012;257.114
2025-03-16 06:05:00;214.567;167.922; 86.344; 95.978;257.498
2025-03-16 06:10:00;213.013;168.737; 85.880; 94.661;257.346
2025-03-16 06:15:00;217.433;170.291; 85.842; 94.089;256.274
2025-03-16 06:20:00;212.363;168.358; 86.852; 95.355;254.810
2025-03-16 06:25:00;214.003;170.531; 87.382; 94.735;256.118
2025-03-16 06:30:00;212.083;168.152; 86.038; 95.341;255.986
2025-03-16 06:35:00;213.757;168.814; 86.330; 95.428;255.534
2025-03-16 06:40:00;215.890;169.729; 86.008; 95.120;256.184
2025-03-16 06:45:00;216.920;168.703; 86.656; 95.637;257.100
2025-03-16 06:50:00;215.553;170.963; 86.632; 94.429;257.586
2025-03-16 06:55:00;215.070;167.727; 86.766; 95.717;255.278
2025-03-16 07:00:00;214.607;170.350; 85.394; 94.970;256.002
2025-03-16 07:05:00;215.490;169.807; 86.276; 95.440;256.800
2025-03-16 07:10:00;213.120;167.980; 85.582; 93.786;256.216
2025-03-16 07:15:00;214.170;169.812; 86.080; 94.964;254.662
2025-03-16 07:20:00;212.757;168.396; 85.820; 95.958;256.302
2025-03-16 07:25:00;214.870;168.190; 84.314; 96.151;254.268
2025-03-16 07:30:00;214.317;169.722; 85.712; 94.623;255.954
2025-03-16 07:35:00;212.510;167.388; 85.962; 94.746;256.426
2025-03-16 07:40:00;213.780;169.771; 87.334; 94.500;259.050
2025-03-16 07:45:00;215.100;166.838; 85.156; 95.387;257.152
2025-03-16 07:50:00;212.873;168.431; 84.806; 96.065;256.192
2025-03-16 07:55:00;215.327;169.140; 85.402; 93.522;255.056
2025-03-16 08:00:00;214.230;169.956; 85.234; 95.145;257.742
2025-03-16 08:05:00;213.203;169.060; 85.290; 94.337;256.294
2025-03-16 08:10:00;212.333;169.312; 84.990; 93.447;255.912
2025-03-16 08:15:00;215.453;168.044; 86.082; 95.544;256.938
2025-03-16 08:20:00;214.257;166.947; 85.238; 95.473;259.590
2025-03-16 08:25:00;213.453;169.210; 86.534; 96.340;253.522
2025-03-16 08:30:00;215.056;169.895; 86.102; 95.284;256.676
2025-03-16 08:35:00;214.413;169.840; 84.740; 95.726;255.622
2025-03-16 08:40:00;215.377;170.856; 84.862; 95.115;257.864
2025-03-16 08:45:00;215.170;170.220; 84.762; 93.986;256.516
2025-03-16 08:50:00;212.377;169.328; 85.164; 94.235;256.462
2025-03-16 08:55:00;213.990;168.556; 86.994; 96.292;257.080
2025-03-16 09:00:00;215.453;167.541; 86.338; 95.233;257.066
2025-03-16 09:05:00;216.503;169.684; 87.118; 95.824;257.418
2025-03-16 09:10:00;216.047;169.821; 85.572; 96.413;256.970
2025-03-16 09:15:00;214.160;169.505; 87.296; 95.630;255.308
2025-03-16 09:20:00;213.693;170.542; 86.830; 95.410;256.744
2025-03-16 09:25:00;216.693;168.883; 85.896; 94.846;257.670
2025-03-16 09:30:00;214.277;169.452; 85.224; 95.827;258.016
2025-03-16 09:35:00;214.920;168.451; 86.248; 95.905;256.098
2025-03-16 09:40:00;214.923;170.341; 85.868; 96.136;254.790
2025-03-16 09:45:00;214.633;170.780; 84.962; 97.110;254.548
2025-03-16 09:50:00;215.676;170.748; 85.656; 96.030;257.534
2025-03-16 09:55:00;215.027;170.925; 86.212; 96.963;257.272
2025-03-16 10:00:00;215.360;171.068; 85.472; 96.088;257.070
2025-03-16 10:05:00;215.690;171.100; 85.788; 96.032;256.964
2025-03-16 10:10:00;213.620;169.585; 85.908; 96.673;258.086
2025-03-16 10:15:00;214.727;169.907; 85.976; 96.168;257.328
2025-03-16 10:20:00;213.163;169.324; 87.912; 96.114;258.686
2025-03-16 10:25:00;216.883;169.149; 86.650; 96.376;257.620
2025-03-16 10:30:00;214.890;169.749; 85.296; 96.408;258.554
2025-03-16 10:35:00;213.490;169.135; 85.010; 94.978;254.474
2025-03-16 10:40:00;214.100;171.127; 84.882; 97.769;255.224
2025-03-16 10:45:00;216.557;170.364; 86.890; 95.594;256.042
2025-03-16 10:50:00;214.804;171.149; 86.386; 97.503;256.348
2025-03-16 10:55:00;212.630;169.870; 86.056; 96.764;255.454
2025-03-16 11:00:00;216.743;170.517; 86.538; 97.073;258.090
2025-03-16 11:05:00;214.207;171.695; 85.740; 96.371;256.642
2025-03-16 11:10:00;212.743;172.145; 85.512; 97.212;257.746
2025-03-16 11:15:00;214.613;170.661; 86.614; 95.260;256.816
2025-03-16 11:20:00;215.930;171.326; 84.792; 96.059;254.822
2025-03-16 11:25:00;215.790;168.573; 85.756; 97.370;255.370
2025-03-16 11:30:00;214.283;170.829; 85.500; 98.044;257.848
2025-03-16 11:35:00;214.950;167.473; 85.316; 98.271;255.802
2025-03-16 11:40:00;214.510;172.636; 85.446; 96.907;255.378
2025-03-16 11:45:00;216.593;169.918; 87.024; 97.906;257.452
2025-03-16 11:50:00;214.027;170.986; 85.896; 96.731;257.938
2025-03-16 11:55:00;214.403;170.132; 85.700; 95.908;258.498
2025-03-16 12:00:00;215.883;172.881; 85.054; 97.229;256.710
2025-03-16 12:05:00;214.263;169.831; 85.656; 97.019;259.230
2025-03-16 12:10:00;214.367;170.686; 86.794; 95.742;258.330
2025-03-16 12:15:00;213.990;169.888; 85.620; 96.551;257.798
2025-03-16 12:20:00;218.807;172.728; 85.934; 97.553;258.398
2025-03-16 12:25:00;215.733;169.769; 84.386; 96.712;256.046
2025-03-16 12:30:00;214.393;170.982; 85.608; 95.848;256.636
2025-03-16 12:35:00;214.173;170.810; 86.144; 95.779;258.216
2025-03-16 12:40:00;214.953;170.796; 86.254; 95.690;256.794
2025-03-16 12:45:00;213.350;169.433; 86.634; 96.230;257.872
2025-03-16 12:50:00;212.327;171.896; 85.410; 97.265;254.360
2025-03-16 12:55:00;217.703;169.378; 86.154; 96.552;257.842
2025-03-16 13:00:00;214.987;169.324; 86.940; 96.062;256.456
2025-03-16 13:05:00;216.687;171.762; 85.544; 96.403;256.574
2025-03-16 13:10:00;213.447;170.583; 85.460; 96.513;257.880
2025-03-16 13:15:00;215.403;168.589; 85.600; 96.989;258.468
2025-03-16 13:20:00;215.003;170.393; 86.800; 95.958;259.136
2025-03-16 13:25:00;213.763;170.401; 87.118; 97.042;257.278
2025-03-16 13:30:00;216.983;170.539; 85.706; 95.480;257.164
2025-03-16 13:35:00;214.557;171.490; 88.010; 97.073;257.250
2025-03-16 13:40:00;215.767;171.634; 84.866; 95.492;258.596
2025-03-16 13:45:00;215.937;167.946; 86.596; 97.239;258.946
2025-03-16 13:50:00;215.110;170.183; 86.784; 95.947;260.004
2025-03-16 13:55:00;212.687;169.202; 86.378; 95.984;257.214
2025-03-16 14:00:00;212.877;170.910; 85.928; 96.119;258.768
2025-03-16 14:05:00;216.107;172.289; 86.756; 96.798;258.786
2025-03-16 14:10:00;213.007;169.671; 86.206; 97.844;256.536
2025-03-16 14:15:00;215.343;170.563; 86.136; 96.936;254.562
2025-03-16 14:20:00;218.433;171.620; 86.564; 96.222;258.360
2025-03-16 14:25:00;216.530;171.173; 87.774; 95.831;259.034
2025-03-16 14:30:00;211.553;171.140; 86.052; 95.276;256.382
2025-03-16 14:35:00;214.547;171.013; 87.092; 94.840;256.382
2025-03-16 14:40:00;213.997;170.102; 85.624; 97.237;258.870
2025-03-16 14:45:00;215.993;170.078; 87.110; 95.745;259.390
2025-03-16 14:50:00;214.167;172.254; 85.534; 96.499;256.534
2025-03-16 14:55:00;214.943;169.200; 86.730; 95.832;258.560
2025-03-16 15:00:00;215.767;170.085; 87.398; 96.696;258.614
2025-03-16 15:05:00;215.543;171.119; 85.426; 95.511;257.510
2025-03-16 15:10:00;215.397;170.045; 86.580; 95.796;256.334
2025-03-16 15:15:00;214.507;172.258; 87.202; 95.749;259.770
2025-03-16 15:20:00;215.000;171.534; 85.984; 97.035;257.802
2025-03-16 15:25:00;213.350;171.057; 87.228; 98.452;257.722
2025-03-16 15:30:00;215.123;171.897; 86.394; 96.849;259.952
2025-03-16 15:35:00;215.303;169.431; 85.686; 96.540;259.326
2025-03-16 15:40:00;216.777;170.273; 86.490; 93.777;257.062
2025-03-16 15:45:00;212.270;170.463; 85.174; 97.258;255.360
2025-03-16 15:50:00;215.873;171.281; 86.652; 97.623;254.712
2025-03-16 15:55:00;213.200;170.180; 86.350; 96.737;257.612
2025-03-16 16:00:00;217.233;170.908; 87.252; 94.266;257.468
2025-03-16 16:05:00;214.160;169.949; 85.614; 95.600;259.554
2025-03-16 16:10:00;215.313;171.239; 87.386; 96.938;259.376
2025-03-16 16:15:00;214.690;170.410; 86.202; 96.806;258.012
2025-03-16 16:20:00;215.457;169.881; 86.758; 96.599;257.522
2025-03-16 16:25:00;213.803;170.196; 86.814; 94.905;257.774
2025-03-16 16:30:00;214.357;170.103; 85.298; 94.790;258.450
2025-03-16 16:35:00;215.363;171.455; 87.932; 97.285;257.622
2025-03-16 16:40:00;214.357;169.917; 85.804; 95.091;258.438
2025-03-16 16:45:00;213.917;170.819; 86.426; 96.988;257.110
2025-03-16 16:50:00;215.290;170.709; 85.718; 97.786;256.708
2025-03-16 16:55:00;214.607;169.912; 86.724; 96.393;257.892
2025-03-16 17:00:00;214.857;171.803; 85.270; 95.024;258.404
2025-03-16 17:05:00;215.197;170.016; 85.748; 95.344;259.146
2025-03-16 17:10:00;214.233;173.259; 87.170; 96.297;257.748
2025-03-16 17:15:00;213.577;168.937; 85.616; 97.458;258.772
2025-03-16 17:20:00;214.267;171.538; 86.668; 94.947;257.296
2025-03-16 17:25:00;215.367;170.756; 86.830; 96.239;257.686
2025-03-16 17:30:00;214.757;169.915; 86.344; 96.251;257.468
2025-03-16 17:35:00;216.267;170.546; 87.050; 95.547;258.910
2025-03-16 17:40:00;217.327;170.794; 86.922; 96.329;257.410
2025-03-16 17:45:00;218.287;170.072; 86.146; 97.153;255.476
2025-03-16 17:50:00;215.813;169.910; 85.996; 93.962;258.546
2025-03-16 17:55:00;214.933;170.197; 86.272; 95.128;256.606
2025-03-16 18:00:00;215.350;169.133; 86.254; 96.740;258.930
2025-03-16 18:05:00;213.730;168.289; 86.516; 96.476;256.694
2025-03-16 18:10:00;212.197;170.457; 85.976; 94.867;261.644
2025-03-16 18:15:00;213.283;171.309; 86.664; 95.872;255.738
2025-03-16 18:20:00;216.124;170.820; 87.918; 95.564;258.800
2025-03-16 18:25:00;215.250;171.652; 85.744; 97.314;258.842
2025-03-16 18:30:00;213.880;172.611; 85.600; 94.992;258.908
2025-03-16 18:35:00;214.260;169.541; 86.404; 96.888;260.042
2025-03-16 18:40:00;216.360;169.409; 85.212; 96.009;258.530
2025-03-16 18:45:00;217.090;169.667; 86.640; 95.911;258.878
2025-03-16 18:50:00;214.167;170.067; 85.880; 97.897;260.480
2025-03-16 18:55:00;217.187;173.487; 86.306; 95.611;258.490
2025-03-16 19:00:00;215.120;170.199; 86.962; 96.133;258.118
2025-03-16 19:05:00;212.960;171.322; 86.492; 97.341;258.314
2025-03-16 19:10:00;218.233;171.225; 86.092; 96.050;256.506
2025-03-16 19:15:00;214.927;170.224; 86.374; 96.347;254.938
2025-03-16 19:20:00;211.777;170.974; 85.814; 95.804;257.362
2025-03-16 19:25:00;216.197;169.869; 85.420; 95.661;258.812
2025-03-16 19:30:00;215.097;172.452; 87.406; 96.687;257.700
2025-03-16 19:35:00;215.113;171.905; 85.128; 95.458;257.448
2025-03-16 19:40:00;214.023;171.382; 86.412; 97.192;257.368
2025-03-16 19:45:00;212.370;169.259; 85.812; 97.147;258.058
2025-03-16 19:50:00;214.647;172.007; 85.858; 96.718;257.806
2025-03-16 19:55:00;217.360;171.125; 86.196; 94.419;259.298
2025-03-16 20:00:00;215.930;171.344; 85.458; 96.937;256.802
2025-03-16 20:05:00;213.957;169.636; 86.628; 94.893;254.400
2025-03-16 20:10:00;214.930;171.729; 85.946; 96.219;257.116
2025-03-16 20:15:00;215.590;170.871; 85.376; 95.746;256.764
2025-03-16 20:20:00;215.057;171.282; 87.864; 95.648;258.864
2025-03-16 20:25:00;215.373;171.723; 85.710; 96.951;260.116
2025-03-16 20:30:00;217.010;171.105; 85.740; 96.208;259.954
2025-03-16 20:35:00;218.103;171.269; 86.148; 96.142;257.992
2025-03-16 20:40:00;215.140;170.840; 85.892; 95.750;257.958
2025-03-16 20:45:00;216.590;170.464; 86.656; 95.814;259.868
2025-03-16 20:50:00;212.880;171.142; 86.500; 95.791;256.726
2025-03-16 20:55:00;216.433;170.481; 86.200; 96.101;258.430
2025-03-16 21:00:00;214.953;167.724; 85.908; 95.939;257.500
2025-03-16 21:05:00;216.663;173.039; 86.434; 95.038;258.164
2025-03-16 21:10:00;216.883;171.708; 86.704; 96.304;258.492
2025-03-16 21:15:00;214.987;171.387; 86.556; 95.716;256.550
2025-03-16 21:20:00;217.110;171.297; 86.434; 96.289;257.104
2025-03-16 21:25:00;218.257;169.537; 85.324; 98.105;258.002
2025-03-16 21:30:00;216.523;169.523; 84.976; 96.414;256.686
2025-03-16 21:35:00;215.490;170.573; 86.466; 96.277;257.176
2025-03-16 21:40:00;215.437;169.845; 87.074; 95.901;258.446
2025-03-16 21:45:00;215.703;169.457; 86.952; 95.239;259.270
2025-03-16 21:50:00;214.317;172.188; 86.288; 95.629;258.042
2025-03-16 21:55:00;215.933;171.153; 87.068; 96.963;258.602
2025-03-16 22:00:00;214.927;169.642; 85.820; 96.493;256.094
2025-03-16 22:05:00;215.337;171.031; 85.304; 96.847;258.628
2025-03-16 22:10:00;216.473;170.443; 86.902; 95.683;258.234
2025-03-16 22:15:00;214.980;170.279; 86.428; 97.101;257.410
2025-03-16 22:20:00;213.160;170.052; 85.682; 96.654;257.734
2025-03-16 22:25:00;215.507;170.650; 86.790; 95.955;258.200
2025-03-16 22:30:00;215.923;168.661; 85.948; 95.294;258.706
2025-03-16 22:35:00;214.677;170.139; 85.882; 97.287;257.304
2025-03-16 22:40:00;215.453;172.341; 86.022; 96.665;259.166
2025-03-16 22:45:00;215.637;171.323; 85.530; 96.132;254.896
2025-03-16 22:50:00;216.153;169.785; 85.722; 96.059;256.512
2025-03-16 22:55:00;215.060;167.986; 87.230; 96.457;259.162
2025-03-16 23:00:00;216.637;171.145; 86.296; 98.080;256.330
2025-03-16 23:05:00;215.844;170.226; 84.624; 96.145;257.868
2025-03-16 23:10:00;217.337;169.942; 87.294; 96.601;258.348
2025-03-16 23:15:00;215.323;171.239; 85.648; 95.898;257.296
2025-03-16 23:20:00;216.220;171.853; 85.614; 96.043;257.064
2025-03-16 23:25:00;213.860;167.478; 85.860; 96.175;256.208
2025-03-16 23:30:00;213.753;171.348; 87.058; 96.290;260.832
2025-03-16 23:35:00;215.823;169.455; 87.000; 97.878;259.140
2025-03-16 23:40:00;216.097;170.507; 86.304; 95.744;257.536
2025-03-16 23:45:00;216.370;169.427; 85.862; 95.768;256.724
2025-03-16 23:50:00;216.390;169.746; 87.288; 95.134;258.666
2025-03-16 23:55:00;213.973;170.282; 85.498; 94.940;258.950
2025-03-17 00:00:00;214.830;170.430; 85.142; 95.921;256.924
2025-03-17 00:05:00;214.500;171.096; 87.916; 94.944;258.470
2025-03-17 00:10:00;218.240;170.563; 86.750; 95.217;255.674
2025-03-17 00:15:00;214.880;170.798; 86.982; 95.907;258.736
2025-03-17 00:20:00;213.250;169.823; 86.920; 96.009;257.122
2025-03-17 00:25:00;217.537;170.416; 85.476; 95.665;258.302
2025-03-17 00:30:00;217.053;171.539; 85.766; 95.696;258.384
2025-03-17 00:35:00;215.300;170.900; 85.904; 95.815;257.638
2025-03-17 00:40:00;217.020;171.317; 86.992; 95.609;257.174
2025-03-17 00:45:00;214.213;170.051; 86.272; 95.500;258.012
2025-03-17 00:50:00;217.300;170.738; 86.814; 96.643;254.958
2025-03-17 00:55:00;213.867;169.191; 86.556; 98.111;258.196
2025-03-17 01:00:00;217.733;171.570; 85.226; 95.264;259.146
2025-03-17 01:05:00;217.097;170.247; 86.536; 95.114;259.836
2025-03-17 01:10:00;217.130;170.033; 85.586; 96.067;255.518
2025-03-17 01:15:00;215.466;169.991; 85.346; 95.251;256.906
2025-03-17 01:20:00;216.163;169.023; 86.070; 95.886;257.968
2025-03-17 01:25:00;215.080;170.395; 87.556; 95.962;256.856
2025-03-17 01:30:00;212.670;169.342; 85.974; 95.817;257.668
2025-03-17 01:35:00;215.860;169.844; 86.154; 97.277;260.470
2025-03-17 01:40:00;216.287;168.936; 86.932; 95.825;259.214
2025-03-17 01:45:00;214.967;170.254; 87.284; 96.239;257.756
2025-03-17 01:50:00;214.130;170.286; 86.068; 95.373;258.934
2025-03-17 01:55:00;217.523;170.805; 85.876; 96.281;260.444
2025-03-17 02:00:00;216.197;168.670; 87.468; 95.628;256.884
2025-03-17 02:05:00;216.550;169.368; 84.964; 98.495;258.992
2025-03-17 02:10:00;215.783;168.180; 86.332; 95.997;259.784
2025-03-17 02:15:00;216.257;169.024; 85.906; 95.595;257.584
2025-03-17 02:20:00;216.563;169.949; 86.080; 95.388;258.240
2025-03-17 02:25:00;215.360;168.901; 85.836; 96.127;258.904
2025-03-17 02:30:00;217.657;169.890; 85.336; 94.170;257.338
2025-03-17 02:35:00;215.267;168.428; 86.038; 94.963;259.178
2025-03-17 02:40:00;214.767;170.328; 87.288; 97.230;257.968
2025-03-17 02:45:00;215.203;172.010; 86.712; 96.764;257.170
2025-03-17 02:50:00;215.537;169.197; 86.326; 94.438;257.926
2025-03-17 02:55:00;214.590;169.824; 85.970; 96.435;259.224
2025-03-17 03:00:00;214.847;169.052; 87.152; 96.844;257.558
2025-03-17 03:05:00;215.250;169.073; 86.616; 95.910;257.310
2025-03-17 03:10:00;215.233;169.585; 86.348; 94.249;258.392
2025-03-17 03:15:00;214.743;169.476; 86.106; 97.426;258.276
2025-03-17 03:20:00;217.337;170.240; 87.818; 94.935;257.516
2025-03-17 03:25:00;213.393;170.111; 86.682; 96.765;257.876
2025-03-17 03:30:00;217.157;169.392; 86.532; 96.605;257.586
2025-03-17 03:35:00;216.653;170.058; 84.938; 96.663;258.984
2025-03-17 03:40:00;217.403;170.868; 85.610; 97.076;258.190
2025-03-17 03:45:00;217.817;170.219; 85.254; 94.847;257.882
2025-03-17 03:50:00;215.047;170.114; 86.736; 95.113;258.484
2025-03-17 03:55:00;214.107;170.391; 85.478; 95.673;256.532
2025-03-17 04:00:00;212.780;168.439; 86.388; 95.797;259.674
2025-03-17 04:05:00;213.873;170.844; 85.442; 95.775;258.872
2025-03-17 04:10:00;218.940;171.669; 86.064; 96.186;257.688
2025-03-17 04:15:00;217.933;168.513; 86.296; 96.339;259.002
2025-03-17 04:20:00;216.940;168.758; 86.982; 94.129;258.590
2025-03-17 04:25:00;215.784;171.296; 85.838; 96.144;258.354
2025-03-17 04:30:00;215.600;170.398; 87.088; 95.294;257.766
2025-03-17 04:35:00;213.913;167.945; 87.312; 96.948;254.746
2025-03-17 04:40:00;215.436;170.805; 86.758; 97.082;257.386
2025-03-17 04:45:00;215.890;169.373; 86.082; 97.170;258.594
2025-03-17 04:50:00;217.340;170.384; 85.200; 95.506;259.476
2025-03-17 04:55:00;215.943;171.264; 87.710; 95.859;258.842
2025-03-17 05:00:00;214.430;169.210; 87.358; 94.926;258.212
2025-03-17 05:05:00;217.283;169.814; 87.672; 95.888;256.932
2025-03-17 05:10:00;215.047;170.288; 86.566; 95.900;257.424
2025-03-17 05:15:00;214.560;171.185; 85.700; 96.246;257.038
2025-03-17 05:20:00;216.580;169.818; 86.284; 97.079;257.736
2025-03-17 05:25:00;214.803;170.175; 85.486; 94.764;257.120
2025-03-17 05:30:00;214.980;168.881; 86.302; 96.876;258.476
2025-03-17 05:35:00;217.780;173.743; 86.140; 95.198;256.950
2025-03-17 05:40:00;216.610;170.130; 85.684; 95.391;257.180
2025-03-17 05:45:00;213.937;168.150; 86.214; 94.938;259.184
2025-03-17 05:50:00;215.217;171.439; 86.422; 95.945;257.350
2025-03-17 05:55:00;214.497;169.923; 86.634; 96.039;258.142
2025-03-17 06:00:00;215.013;170.552; 86.784; 95.409;257.116
2025-03-17 06:05:00;215.343;172.813; 85.338; 97.198;258.468
2025-03-17 06:10:00;214.633;170.868; 86.584; 95.373;258.240
2025-03-17 06:15:00;217.377;169.446; 87.018; 96.708;257.764
2025-03-17 06:20:00;215.653;171.294; 85.876; 96.692;257.502
2025-03-17 06:25:00;217.523;168.675; 85.124; 95.160;257.470
2025-03-17 06:30:00;215.107;168.868; 86.040; 95.122;257.970
2025-03-17 06:35:00;214.600;170.021; 85.188; 95.687;257.538
2025-03-17 06:40:00;217.417;169.378; 85.748; 96.669;257.236
2025-03-17 06:45:00;216.210;170.182; 85.296; 97.066;257.472
2025-03-17 06:50:00;215.663;168.488; 85.952; 96.527;258.614
2025-03-17 06:55:00;214.930;170.364; 86.246; 97.016;256.232
2025-03-17 07:00:00;214.217;171.576; 87.156; 94.904;257.316
2025-03-17 07:05:00;214.810;169.977; 85.788; 95.819;259.466
2025-03-17 07:10:00;214.633;169.075; 86.732; 97.252;256.228
2025-03-17 07:15:00;216.907;171.280; 85.952; 95.389;257.804
2025-03-17 07:20:00;215.367;170.382; 86.396; 95.924;256.160
2025-03-17 07:25:00;213.627;170.374; 86.252; 96.497;260.004
2025-03-17 07:30:00;218.027;170.794; 86.758; 97.243;257.860
2025-03-17 07:35:00;215.077;169.923; 87.364; 96.124;257.292
2025-03-17 07:40:00;211.980;171.957; 86.850; 95.778;257.032
2025-03-17 07:45:00;214.807;173.219; 85.934; 95.678;259.574
2025-03-17 07:50:00;215.613;170.339; 85.056; 97.927;257.824
2025-03-17 07:55:00;214.897;170.709; 85.994; 95.961;257.772
2025-03-17 08:00:00;214.410;169.754; 86.924; 97.219;258.256
2025-03-17 08:05:00;215.653;170.395; 84.860; 95.059;257.864
2025-03-17 08:10:00;213.840;170.825; 85.704; 95.928;255.136
2025-03-17 08:15:00;217.183;170.684; 85.444; 97.660;256.182
2025-03-17 08:20:00;216.420;171.210; 87.196; 96.380;258.786
2025-03-17 08:25:00;215.687;169.942; 86.298; 95.728;257.598
2025-03-17 08:30:00;215.554;171.947; 84.964; 96.202;256.978
2025-03-17 08:35:00;216.690;169.227; 86.316; 97.192;257.346
2025-03-17 08:40:00;215.273;171.180; 86.218; 95.942;258.346
2025-03-17 08:45:00;215.663;169.776; 85.912; 95.977;261.336
2025-03-17 08:50:00;213.940;173.380; 87.854; 96.721;258.990
2025-03-17 08:55:00;214.653;169.928; 86.722; 96.878;257.592
2025-03-17 09:00:00;213.310;171.045; 84.712; 97.278;255.996
2025-03-17 09:05:00;213.310;170.249; 86.004; 97.405;257.032
2025-03-17 09:10:00;218.070;169.987; 86.338; 97.002;257.530
2025-03-17 09:15:00;213.477;169.268; 85.872; 95.911;257.490
2025-03-17 09:20:00;215.533;170.071; 86.584; 97.878;257.588
2025-03-17 09:25:00;216.553;171.026; 86.766; 94.653;257.112
2025-03-17 09:30:00;214.843;171.398; 87.374; 95.124;256.660
2025-03-17 09:35:00;216.303;167.720; 86.410; 97.151;258.062
2025-03-17 09:40:00;217.943;171.072; 85.846; 97.374;257.166
2025-03-17 09:45:00;214.573;170.009; 87.182; 95.520;256.912
2025-03-17 09:50:00;217.547;170.434; 85.482; 95.502;259.068
2025-03-17 09:55:00;216.963;171.263; 85.198; 96.446;258.434
2025-03-17 10:00:00;215.767;170.540; 86.394; 97.106;255.780
2025-03-17 10:05:00;216.247;169.965; 86.948; 96.677;257.284
2025-03-17 10:10:00;215.087;171.163; 84.804; 96.201;258.880
2025-03-17 10:15:00;215.530;171.585; 86.156; 95.007;257.568
2025-03-17 10:20:00;213.170;171.986; 85.972; 95.754;258.142
2025-03-17 10:25:00;217.970;172.192; 85.836; 98.041;256.374
2025-03-17 10:30:00;215.780;171.240; 86.068; 97.362;258.628
2025-03-17 10:35:00;217.360;172.703; 87.572; 94.581;257.468
2025-03-17 10:40:00;214.777;171.489; 84.966; 96.215;258.710
2025-03-17 10:45:00;215.097;170.938; 85.848; 96.528;259.330
2025-03-17 10:50:00;215.724;169.035; 88.172; 96.057;257.428
2025-03-17 10:55:00;215.490;171.619; 86.344; 94.350;258.170
2025-03-17 11:00:00;217.107;170.652; 86.286; 97.185;259.880
2025-03-17 11:05:00;214.623;170.481; 87.046; 96.261;260.124
2025-03-17 11:10:00;217.383;169.182; 85.140; 95.914;259.196
2025-03-17 11:15:00;218.727;167.569; 85.154; 96.550;255.602
2025-03-17 11:20:00;213.827;170.770; 86.598; 97.318;257.652
2025-03-17 11:25:00;215.970;171.182; 86.550; 96.122;260.088
2025-03-17 11:30:00;214.743;168.900; 84.840; 96.769;258.654
2025-03-17 11:35:00;213.887;171.495; 85.378; 97.314;259.018
2025-03-17 11:40:00;214.873;171.495; 85.954; 94.532;256.634
2025-03-17 11:45:00;215.807;171.670; 87.094; 96.836;258.192
2025-03-17 11:50:00;216.510;171.087; 85.990; 94.670;258.570
2025-03-17 11:55:00;213.190;170.078; 85.944; 93.908;256.082
2025-03-17 12:00:00;214.500;170.870; 86.728; 97.223;257.824
2025-03-17 12:05:00;214.970;171.517; 85.118; 96.192;257.328
2025-03-17 12:10:00;215.177;171.702; 86.850; 95.984;256.186
2025-03-17 12:15:00;214.350;169.579; 86.438; 96.790;258.590
2025-03-17 12:20:00;214.423;169.228; 87.026; 93.721;257.048
2025-03-17 12:25:00;215.507;169.426; 86.256; 95.458;257.656
2025-03-17 12:30:00;214.190;758.494; 85.702; 94.640;259.590
2025-03-17 12:35:00;215.190;15778.804; 86.288; 96.422;258.004
2025-03-17 12:40:00;212.893;173.019; 86.870; 94.337;256.964
2025-03-17 12:45:00;215.693;1512.496; 86.740; 95.485;257.654
2025-03-17 12:50:00;214.947;17666.626; 87.052; 95.440;257.098
2025-03-17 12:55:00;217.863;10238.513; 86.330; 94.788;258.626
2025-03-17 13:00:00;212.903;181.439; 86.612; 98.224;256.996
2025-03-17 13:05:00;217.230;44842.148; 86.114; 97.320;256.924
2025-03-17 13:10:00;216.000;12296.353; 86.206; 93.806;259.818
2025-03-17 13:15:00;214.040;68397.617; 87.876; 95.409;256.852
2025-03-17 13:20:00;216.900;4185.439; 86.424; 94.273;256.086
2025-03-17 13:25:00;216.663;170.026; 86.476; 98.115;260.330
2025-03-17 13:30:00;213.630;172.026; 87.324; 95.779;256.538
2025-03-17 13:35:00;216.237;170.954; 85.702; 95.413;258.864
2025-03-17 13:40:00;215.127;172.464; 86.702; 94.092;260.436
2025-03-17 13:45:00;213.280;169.928; 87.312; 96.933;257.506
2025-03-17 13:50:00;218.383;170.512; 87.536; 96.052;259.972
2025-03-17 13:55:00;214.960;172.214; 85.004; 94.286;258.554
2025-03-17 14:00:00;217.633;170.277; 87.212; 95.418;257.240
2025-03-17 14:05:00;214.160;170.512; 85.832; 95.552;258.778
2025-03-17 14:10:00;214.760;171.285; 87.212; 96.784;261.506
2025-03-17 14:15:00;215.990;172.732; 86.440; 95.191;257.808
2025-03-17 14:20:00;215.773;169.820; 87.378; 95.922;258.794
2025-03-17 14:25:00;217.510;171.306; 86.354; 96.123;259.918
2025-03-17 14:30:00;215.817;172.040; 86.202; 97.032;260.692
2025-03-17 14:35:00;216.163;170.541; 87.002; 95.226;256.886
2025-03-17 14:40:00;214.934;172.830; 87.010; 97.208;260.004
2025-03-17 14:45:00;217.807;171.281; 86.772; 95.652;256.876
2025-03-17 14:50:00;217.733;170.597; 87.518; 94.942;259.228
2025-03-17 14:55:00;214.440;171.600; 86.928; 96.005;260.274
2025-03-17 15:00:00;214.344;171.155; 87.112; 97.030;256.434
2025-03-17 15:05:00;216.073;172.998; 87.636; 95.044;256.822
2025-03-17 15:10:00;216.900;171.532; 86.118; 96.273;255.256
2025-03-17 15:15:00;217.210;171.686; 87.152; 95.832;257.544
2025-03-17 15:20:00;217.100;170.777; 87.346; 94.654;257.826
2025-03-17 15:25:00;215.090;172.615; 85.264; 96.208;258.752
2025-03-17 15:30:00;214.930;174.249; 86.072; 96.745;258.000
2025-03-17 15:35:00;215.170;172.070; 85.924; 95.010;260.598
2025-03-17 15:40:00;215.797;172.041; 86.484; 95.163;259.494
2025-03-17 15:45:00;214.937;173.286; 87.520; 95.767;258.794
2025-03-17 15:50:00;213.620;173.718; 86.104; 94.833;257.360
2025-03-17 15:55:00;215.977;171.175; 87.200; 96.507;257.752
2025-03-17 16:00:00;216.990;170.297; 86.350; 95.317;259.518
2025-03-17 16:05:00;214.727;171.420; 85.986; 95.011;258.784
2025-03-17 16:10:00;215.817;172.705; 86.516; 95.649;258.722
2025-03-17 16:15:00;214.983;169.253; 88.118; 94.788;258.276
2025-03-17 16:20:00;217.013;171.648; 86.714; 94.273;260.094
2025-03-17 16:25:00;215.287;171.780; 85.730; 94.204;258.958
2025-03-17 16:30:00;215.413;169.422; 86.406; 94.173;257.712
2025-03-17 16:35:00;215.953;173.011; 86.848; 96.735;258.710
2025-03-17 16:40:00;215.593;171.526; 87.134; 95.262;258.418
2025-03-17 16:45:00;215.807;172.811; 86.904; 96.776;257.500
2025-03-17 16:50:00;216.453;171.781; 87.144; 95.942;257.030
2025-03-17 16:55:00;217.264;171.013; 87.084; 95.519;259.342
2025-03-17 17:00:00;215.863;171.431; 85.600; 95.209;257.222
2025-03-17 17:05:00;212.520;172.431; 87.240; 93.001;259.410
2025-03-17 17:10:00;213.197;171.552; 86.594; 97.064;256.990
2025-03-17 17:15:00;217.077;172.417; 85.748; 96.363;257.940
2025-03-17 17:20:00;213.260;171.434; 85.694; 95.754;258.224
2025-03-17 17:25:00;216.343;169.048; 87.240; 95.996;260.384
2025-03-17 17:30:00;215.043;172.070; 85.386; 96.253;258.708
2025-03-17 17:35:00;215.190;170.157; 88.114; 94.682;257.848
2025-03-17 17:40:00;215.493;171.646; 86.168; 96.101;261.668
2025-03-17 17:45:00;214.613;171.472; 85.510; 95.833;257.296
2025-03-17 17:50:00;217.387;170.529; 86.096; 96.111;258.020
2025-03-17 17:55:00;214.807;170.176; 86.832; 95.238;258.928
2025-03-17 18:00:00;217.213;170.025; 86.918; 96.192;260.562
2025-03-17 18:05:00;214.697;170.799; 86.418; 96.594;256.328
2025-03-17 18:10:00;213.867;171.753; 86.960; 96.509;258.684
2025-03-17 18:15:00;215.323;170.011; 85.050; 95.458;259.076
2025-03-17 18:20:00;213.637;169.743; 87.022; 96.499;257.012
2025-03-17 18:25:00;216.674;172.185; 86.636; 96.674;260.488
2025-03-17 18:30:00;215.320;170.502; 85.954; 97.194;260.298
2025-03-17 18:35:00;216.087;172.238; 87.090; 95.874;260.964
2025-03-17 18:40:00;213.600;169.838; 85.982; 95.399;258.038
2025-03-17 18:45:00;216.817;171.953; 87.154; 95.303;260.452
2025-03-17 18:50:00;218.054;171.536; 87.642; 96.240;259.400
2025-03-17 18:55:00;215.273;172.832; 87.162; 95.512;258.490
2025-03-17 19:00:00;217.393;169.754; 87.954; 95.614;259.718
2025-03-17 19:05:00;216.513;169.955; 86.140; 94.709;259.314
2025-03-17 19:10:00;216.833;170.693; 85.390; 93.159;258.812
2025-03-17 19:15:00;214.473;170.880; 88.744; 96.455;259.408
2025-03-17 19:20:00;214.807;168.784; 86.736; 96.600;256.016
2025-03-17 19:25:00;214.450;173.025; 86.520; 96.539;258.076
2025-03-17 19:30:00;216.887;172.533; 85.250; 95.978;259.250
2025-03-17 19:35:00;215.500;171.517; 86.624; 96.367;257.028
2025-03-17 19:40:00;214.423;170.943; 87.376; 95.582;257.816
2025-03-17 19:45:00;215.407;169.619; 85.502; 95.079;258.804
2025-03-17 19:50:00;216.113;170.711; 88.194; 95.762;259.772
2025-03-17 19:55:00;214.740;170.956; 85.690; 95.655;259.540
2025-03-17 20:00:00;219.863;171.288; 87.118; 95.560;257.246
2025-03-17 20:05:00;215.383;170.576; 86.704; 94.567;258.718
2025-03-17 20:10:00;214.693;172.738; 87.580; 96.275;257.284
2025-03-17 20:15:00;217.120;170.700; 86.506; 94.680;260.752
2025-03-17 20:20:00;216.457;172.321; 87.870; 95.616;258.170
2025-03-17 20:25:00;216.057;171.029; 85.816; 95.140;259.500
2025-03-17 20:30:00;217.557;171.270; 85.842; 97.287;259.644
2025-03-17 20:35:00;217.520;169.991; 87.424; 96.332;258.764
2025-03-17 20:40:00;217.430;170.786; 87.408; 96.754;258.300
2025-03-17 20:45:00;214.543;173.791; 85.978; 96.780;256.982
2025-03-17 20:50:00;215.860;170.788; 86.512; 95.965;259.886
2025-03-17 20:55:00;216.567;173.574; 86.050; 95.269;254.870
2025-03-17 21:00:00;215.243;170.593; 86.696; 94.450;259.620
2025-03-17 21:05:00;212.770;171.917; 86.774; 96.588;257.994
2025-03-17 21:10:00;216.393;172.432; 87.722; 97.834;258.404
2025-03-17 21:15:00;216.167;170.943; 85.444; 96.038;257.236
2025-03-17 21:20:00;216.213;170.978; 86.720; 97.448;256.464
2025-03-17 21:25:00;215.690;171.389; 85.730; 94.898;258.030
2025-03-17 21:30:00;216.993;171.046; 86.670; 95.240;259.222
2025-03-17 21:35:00;217.837;169.599; 86.794; 95.876;259.274
2025-03-17 21:40:00;215.527;170.046; 87.100; 95.381;259.038
2025-03-17 21:45:00;215.783;169.672; 87.092; 96.755;257.894
2025-03-17 21:50:00;213.847;170.996; 87.328; 96.529;258.236
2025-03-17 21:55:00;215.020;170.380; 86.092; 97.425;257.160
2025-03-17 22:00:00;216.010;170.048; 87.164; 97.216;256.910
2025-03-17 22:05:00;214.603;169.722; 85.566; 96.162;257.100
2025-03-17 22:10:00;214.603;172.654; 85.718; 95.950;259.086
2025-03-17 22:15:00;217.493;171.098; 86.850; 95.657;257.278
2025-03-17 22:20:00;214.890;169.966; 87.598; 96.597;258.338
2025-03-17 22:25:00;215.993;170.714; 86.328; 95.005;256.568
2025-03-17 22:30:00;213.826;170.348; 87.964; 96.264;258.592
2025-03-17 22:35:00;217.443;167.153; 87.676; 95.436;258.254
2025-03-17 22:40:00;216.253;171.305; 86.090; 96.890;257.612
2025-03-17 22:45:00;215.687;171.387; 86.286; 97.079;259.140
2025-03-17 22:50:00;213.170;173.007; 87.504; 98.011;255.840
2025-03-17 22:55:00;216.210;170.937; 86.716; 95.661;257.860
2025-03-17 23:00:00;217.503;170.744; 88.010; 95.211;258.310
2025-03-17 23:05:00;215.560;170.747; 85.680; 95.482;258.854
2025-03-17 23:10:00;215.857;169.512; 87.532; 97.165;257.990
2025-03-17 23:15:00;215.730;170.769; 87.620; 96.642;258.454
2025-03-17 23:20:00;217.744;170.442; 86.760; 96.791;255.486
2025-03-17 23:25:00;217.833;169.786; 86.916; 96.472;258.396
2025-03-17 23:30:00;215.397;171.984; 87.464; 95.802;259.624
2025-03-17 23:35:00;217.717;171.716; 87.940; 96.639;258.872
2025-03-17 23:40:00;216.750;169.631; 88.248; 95.674;258.378
2025-03-17 23:45:00;213.943;173.734; 87.752; 96.600;258.568
2025-03-17 23:50:00;215.524;170.813; 88.436; 97.111;256.102
2025-03-17 23:55:00;218.557;169.631; 86.352; 96.521;258.104
2025-03-18 00:00:00;215.283;171.034; 87.088; 96.104;255.826
2025-03-18 00:05:00;216.700;170.520; 88.946; 96.000;259.122
2025-03-18 00:10:00;214.130;170.624; 86.564; 96.553;257.862
2025-03-18 00:15:00;216.883;169.317; 88.190; 97.355;258.878
2025-03-18 00:20:00;215.850;169.431; 88.378; 97.307;258.884
2025-03-18 00:25:00;214.414;169.485; 87.304; 96.770;256.360
2025-03-18 00:30:00;218.173;168.202; 86.654; 95.746;258.152
2025-03-18 00:35:00;217.030;168.729; 87.166; 96.104;258.600
2025-03-18 00:40:00;214.773;170.228; 87.784; 97.341;257.654
2025-03-18 00:45:00;214.767;170.866; 87.262; 97.007;254.142
2025-03-18 00:50:00;216.000;172.749; 87.422; 97.235;258.294
2025-03-18 00:55:00;214.777;169.529; 86.530; 96.120;260.116
2025-03-18 01:00:00;213.237;169.253; 86.568; 97.055;255.944
2025-03-18 01:05:00;216.570;170.558; 85.956; 95.759;258.198
2025-03-18 01:10:00;215.337;169.801; 85.642; 96.255;258.648
2025-03-18 01:15:00;215.660;170.303; 86.642; 96.018;260.850
2025-03-18 01:20:00;215.033;171.006; 86.540; 97.401;257.350
2025-03-18 01:25:00;214.227;171.579; 85.580; 95.609;258.240
2025-03-18 01:30:00;214.563;170.929; 87.224; 96.870;257.496
2025-03-18 01:35:00;216.673;169.692; 86.800; 97.613;258.874
2025-03-18 01:40:00;215.180;169.673; 86.582; 95.177;257.488
2025-03-18 01:45:00;217.233;170.636; 86.540; 96.385;257.178
2025-03-18 01:50:00;215.063;172.207; 86.450; 96.125;258.856
2025-03-18 01:55:00;214.587;171.077; 86.340; 97.500;258.042
2025-03-18 02:00:00;213.673;170.908; 87.050; 94.488;257.538
2025-03-18 02:05:00;214.633;170.087; 87.450; 95.291;258.280
2025-03-18 02:10:00;215.284;170.570; 85.594; 96.792;257.786
2025-03-18 02:15:00;216.460;171.615; 86.554; 95.698;257.746
2025-03-18 02:20:00;215.613;171.702; 87.880; 98.038;258.084
2025-03-18 02:25:00;212.970;171.666; 88.094; 97.068;256.974
2025-03-18 02:30:00;217.293;170.973; 88.262; 95.672;257.944
2025-03-18 02:35:00;213.620;171.323; 86.902; 95.885;256.912
2025-03-18 02:40:00;217.157;169.276; 87.696; 96.542;257.972
2025-03-18 02:45:00;215.927;168.905; 86.150; 95.736;257.210
2025-03-18 02:50:00;214.347;171.790; 85.438; 96.042;256.972
2025-03-18 02:55:00;214.140;169.561; 86.606; 96.063;256.360
2025-03-18 03:00:00;215.320;169.767; 87.092; 97.082;258.334
2025-03-18 03:05:00;217.990;172.085; 87.160; 96.803;256.656
2025-03-18 03:10:00;210.563;171.345; 87.446; 95.581;259.016
2025-03-18 03:15:00;216.717;170.814; 87.972; 96.853;258.972
2025-03-18 03:20:00;214.747;169.821; 86.238; 96.069;256.430
2025-03-18 03:25:00;217.260;171.410; 87.192; 95.900;256.586
2025-03-18 03:30:00;217.063;169.635; 86.306; 95.387;256.684
2025-03-18 03:35:00;218.643;171.347; 87.626; 97.637;257.758
2025-03-18 03:40:00;217.137;171.014; 86.496; 96.203;257.030
2025-03-18 03:45:00;216.073;171.267; 86.430; 96.904;256.858
2025-03-18 03:50:00;220.323;170.318; 87.400; 96.628;258.448
2025-03-18 03:55:00;217.700;168.920; 88.182; 95.611;256.616
2025-03-18 04:00:00;217.370;170.289; 87.620; 95.593;259.074
2025-03-18 04:05:00;214.520;168.821; 86.162; 96.763;255.288
2025-03-18 04:10:00;213.744;170.471; 86.356; 95.854;255.814
2025-03-18 04:15:00;214.167;170.124; 87.916; 95.433;257.394
2025-03-18 04:20:00;213.683;169.704; 87.914; 96.067;258.326
2025-03-18 04:25:00;216.933;170.959; 87.736; 98.071;257.668
2025-03-18 04:30:00;216.050;171.696; 86.440; 96.522;256.486
2025-03-18 04:35:00;217.164;172.239; 87.642; 97.173;256.856
2025-03-18 04:40:00;217.653;171.541; 87.382; 96.473;255.704
2025-03-18 04:45:00;216.463;170.579; 88.746; 96.802;257.474
2025-03-18 04:50:00;215.890;173.157; 87.164; 95.803;258.278
2025-03-18 04:55:00;215.680;170.948; 88.358; 95.844;257.644
2025-03-18 05:00:00;216.253;170.939; 86.848; 96.348;257.494
2025-03-18 05:05:00;215.773;172.280; 86.210; 94.789;256.240
2025-03-18 05:10:00;213.697;170.539; 87.706; 96.915;256.400
2025-03-18 05:15:00;215.233;169.024; 87.728; 96.916;256.920
2025-03-18 05:20:00;218.237;169.829; 86.644; 95.229;256.448
2025-03-18 05:25:00;218.567;172.219; 85.202; 97.212;255.692
2025-03-18 05:30:00;217.797;172.913; 87.094; 95.566;256.766
2025-03-18 05:35:00;215.393;171.836; 87.716; 97.767;257.524
2025-03-18 05:40:00;216.230;169.500; 86.932; 97.948;256.394
2025-03-18 05:45:00;218.003;172.601; 87.136; 96.254;257.716
2025-03-18 05:50:00;216.077;171.002; 86.416; 96.250;256.114
2025-03-18 05:55:00;215.017;171.238; 86.276; 95.020;256.598
2025-03-18 06:00:00;215.333;171.017; 87.106; 97.236;256.452
2025-03-18 06:05:00;216.610;171.605; 87.260; 96.148;255.596
2025-03-18 06:10:00;215.557;172.255; 87.364; 96.179;258.106
2025-03-18 06:15:00;218.663;170.714; 86.902; 96.553;258.642
2025-03-18 06:20:00;216.756;171.151; 88.190; 97.317;259.778
2025-03-18 06:25:00;214.527;172.887; 86.480; 94.726;257.094
2025-03-18 06:30:00;216.553;170.617; 87.190; 95.068;257.174
2025-03-18 06:35:00;215.040;171.159; 86.296; 96.149;257.150
2025-03-18 06:40:00;213.570;170.752; 87.836; 95.025;257.710
2025-03-18 06:45:00;217.697;171.590; 87.046; 96.610;256.222
2025-03-18 06:50:00;213.673;172.165; 86.196; 97.284;256.204
2025-03-18 06:55:00;213.323;169.977; 87.728; 96.314;257.400
2025-03-18 07:00:00;215.757;171.004; 87.764; 95.981;258.296
2025-03-18 07:05:00;216.553;170.043; 86.552; 96.473;254.790
2025-03-18 07:10:00;215.550;171.002; 88.364; 95.796;254.816
2025-03-18 07:15:00;214.437;169.820; 87.062; 95.826;256.834
2025-03-18 07:20:00;218.653;170.386; 87.526; 96.166;256.534
2025-03-18 07:25:00;214.917;169.485; 86.840; 97.448;254.890
2025-03-18 07:30:00;216.023;170.243; 86.758; 96.267;256.578
2025-03-18 07:35:00;216.880;169.432; 87.368; 96.533;257.088
2025-03-18 07:40:00;214.123;169.964; 87.212; 97.355;256.412
2025-03-18 07:45:00;213.197;169.704; 86.594; 95.985;256.396
2025-03-18 07:50:00;215.187;170.070; 88.016; 97.385;257.948
2025-03-18 07:55:00;214.497;171.810; 87.060; 95.078;254.318
2025-03-18 08:00:00;214.977;171.690; 86.170; 97.046;253.556
2025-03-18 08:05:00;216.493;168.659; 85.192; 96.964;257.358
2025-03-18 08:10:00;218.290;169.455; 87.250; 96.998;258.670
2025-03-18 08:15:00;213.963;170.357; 86.878; 96.376;257.386
2025-03-18 08:20:00;215.680;170.301; 88.500; 97.618;257.574
2025-03-18 08:25:00;218.070;171.105; 86.880; 96.125;258.466
2025-03-18 08:30:00;216.814;171.554; 88.384; 96.405;255.710
2025-03-18 08:35:00;214.287;171.497; 86.560; 95.661;257.634
2025-03-18 08:40:00;217.480;170.324; 86.142; 97.211;257.948
2025-03-18 08:45:00;215.107;171.121; 87.644; 95.967;256.780
2025-03-18 08:50:00;214.190;172.255; 88.554; 95.821;256.792
2025-03-18 08:55:00;215.630;172.230; 86.324; 95.822;256.774
2025-03-18 09:00:00;217.357;170.330; 86.156; 93.724;255.454
2025-03-18 09:05:00;216.640;170.131; 86.446; 95.892;255.786
2025-03-18 09:10:00;216.804;171.257; 87.408; 96.688;255.866
2025-03-18 09:15:00;215.423;171.460; 87.684; 94.472;258.088
2025-03-18 09:20:00;217.416;169.618; 87.736; 95.478;257.904
2025-03-18 09:25:00;216.913;172.585; 87.138; 95.745;254.650
2025-03-18 09:30:00;215.243;170.680; 86.950; 95.161;256.192
2025-03-18 09:35:00;215.304;171.229; 89.402; 97.150;258.308
2025-03-18 09:40:00;216.543;169.772; 88.634; 97.461;258.432
2025-03-18 09:45:00;213.357;170.372; 86.308; 98.090;259.416
2025-03-18 09:50:00;216.750;170.939; 86.138; 96.569;256.540
2025-03-18 09:55:00;216.833;169.929; 86.796; 95.183;257.616
2025-03-18 10:00:00;214.437;170.885; 87.116; 96.927;255.888
2025-03-18 10:05:00;216.267;169.623; 86.788; 95.617;256.112
2025-03-18 10:10:00;216.043;171.171; 86.670; 95.538;255.556
2025-03-18 10:15:00;218.493;171.764; 86.280; 96.584;257.644
2025-03-18 10:20:00;214.343;170.795; 86.290; 95.922;255.008
2025-03-18 10:25:00;215.447;169.686; 87.438; 95.852;256.852
2025-03-18 10:30:00;217.090;169.890; 87.746; 96.659;254.908
2025-03-18 10:35:00;217.577;170.940; 86.382; 96.030;256.912
2025-03-18 10:40:00;214.227;171.325; 85.998; 95.720;257.534
2025-03-18 10:45:00;215.300;170.266; 86.570; 95.875;256.536
2025-03-18 10:50:00;215.420;171.277; 86.718; 95.634;257.626
2025-03-18 10:55:00;214.563;171.152; 85.314; 95.935;256.434
2025-03-18 11:00:00;213.550;169.700; 86.308; 96.736;255.294
2025-03-18 11:05:00;215.003;169.784; 87.050; 95.646;259.046
2025-03-18 11:10:00;213.973;168.840; 86.942; 97.557;256.612
2025-03-18 11:15:00;216.577;170.576; 86.784; 96.325;254.908
2025-03-18 11:20:00;217.130;171.767; 87.044; 95.954;256.406
2025-03-18 11:25:00;216.063;170.546; 86.780; 95.481;258.888
2025-03-18 11:30:00;215.590;169.982; 86.822; 95.795;257.394
2025-03-18 11:35:00;216.230;169.773; 86.722; 95.119;255.082
2025-03-18 11:40:00;215.080;168.781; 86.984; 95.556;255.714
2025-03-18 11:45:00;214.973;172.723; 86.542; 96.306;256.030
2025-03-18 11:50:00;218.210;169.250; 86.818; 96.216;254.636
2025-03-18 11:55:00;217.767;170.898; 87.172; 96.137;256.414
2025-03-18 12:00:00;215.457;171.187; 87.170; 95.708;257.440
2025-03-18 12:05:00;215.860;168.417; 86.148; 97.160;257.248
2025-03-18 12:10:00;214.070;168.747; 85.830; 96.869;257.454
2025-03-18 12:15:00;213.790;170.675; 85.318; 95.774;258.054
2025-03-18 12:20:00;213.800;169.168; 86.422; 94.521;256.668
2025-03-18 12:25:00;216.017;168.641; 86.682; 97.187;255.716
2025-03-18 12:30:00;215.630;172.135; 88.328; 96.507;259.454
2025-03-18 12:35:00;215.540;171.543; 85.838; 96.697;256.862
2025-03-18 12:40:00;216.127;170.258; 86.682; 96.502;255.798
2025-03-18 12:45:00;216.630;172.137; 87.668; 96.587;257.590
2025-03-18 12:50:00;215.127;171.400; 87.260; 95.266;257.588
2025-03-18 12:55:00;215.290;170.330; 87.468; 96.986;254.226
2025-03-18 13:00:00;217.190;169.381; 86.276; 95.041;256.334
2025-03-18 13:05:00;217.696;171.433; 87.380; 97.030;256.990
2025-03-18 13:10:00;219.023;170.345; 87.032; 94.042;256.230
2025-03-18 13:15:00;216.460;172.606; 86.530; 97.288;257.270
2025-03-18 13:20:00;216.107;172.306; 87.504; 93.969;255.874
2025-03-18 13:25:00;214.690;171.854; 89.190; 96.370;257.094
2025-03-18 13:30:00;215.080;168.215; 87.180; 96.609;257.970
2025-03-18 13:35:00;218.730;170.104; 87.678; 95.620;257.534
2025-03-18 13:40:00;217.367;170.680; 87.690; 95.183;256.990
2025-03-18 13:45:00;215.217;170.416; 87.924; 95.186;256.930
2025-03-18 13:50:00;219.123;169.741; 86.620; 95.245;258.744
2025-03-18 13:55:00;216.250;172.089; 87.720; 95.039;260.044
2025-03-18 14:00:00;215.397;170.924; 87.446; 94.775;258.076
2025-03-18 14:05:00;219.277;169.057; 86.844; 95.597;255.910
2025-03-18 14:10:00;215.710;168.872; 88.162; 95.098;256.320
2025-03-18 14:15:00;216.370;169.981; 86.718; 94.563;257.436
2025-03-18 14:20:00;218.747;169.774; 87.932; 95.108;258.824
2025-03-18 14:25:00;218.433;169.982; 86.680; 95.384;257.760
2025-03-18 14:30:00;214.507;169.739; 87.572; 96.282;258.500
2025-03-18 14:35:00;215.113;169.298; 87.304; 95.918;255.618
2025-03-18 14:40:00;215.550;173.569; 87.908; 96.347;255.446
2025-03-18 14:45:00;217.347;169.146; 85.626; 95.665;256.706
2025-03-18 14:50:00;217.553;169.905; 88.184; 94.770;258.106
2025-03-18 14:55:00;216.637;170.041; 85.760; 96.755;256.078
2025-03-18 15:00:00;214.257;169.419; 87.034; 95.602;258.988
2025-03-18 15:05:00;217.753;170.152; 88.310; 96.525;259.008
2025-03-18 15:10:00;215.037;169.708; 87.180; 94.144;259.920
2025-03-18 15:15:00;217.860;169.536; 86.208; 95.881;257.894
2025-03-18 15:20:00;215.333;170.285; 87.908; 95.636;258.048
2025-03-18 15:25:00;213.817;168.529; 87.324; 95.931;257.172
2025-03-18 15:30:00;216.660;169.444; 86.630; 94.858;256.638
2025-03-18 15:35:00;215.630;171.856; 87.452; 94.775;258.602
2025-03-18 15:40:00;215.573;168.883; 87.208; 93.831;257.512
2025-03-18 15:45:00;215.630;168.542; 88.524; 96.675;254.952
2025-03-18 15:50:00;216.020;167.956; 86.588; 96.083;255.836
2025-03-18 15:55:00;215.660;169.038; 87.390; 95.501;256.502
2025-03-18 16:00:00;215.250;171.113; 86.738; 95.613;257.842
2025-03-18 16:05:00;216.227;170.013; 86.362; 96.012;258.268
2025-03-18 16:10:00;213.493;170.812; 85.414; 94.624;257.818
2025-03-18 16:15:00;215.760;169.074; 86.610; 95.921;254.592
2025-03-18 16:20:00;215.073;170.624; 86.362; 95.628;255.932
2025-03-18 16:25:00;215.657;170.688; 87.648; 96.083;257.980
2025-03-18 16:30:00;215.177;169.247; 87.402; 95.600;256.724
2025-03-18 16:35:00;215.793;171.316; 86.884; 94.412;259.022
2025-03-18 16:40:00;214.120;168.067; 86.530; 95.964;255.382
2025-03-18 16:45:00;211.433;170.616; 89.168; 94.898;259.202
2025-03-18 16:50:00;216.583;167.117; 87.056; 95.743;258.798
2025-03-18 16:55:00;217.860;168.443; 87.972; 96.356;260.094
2025-03-18 17:00:00;213.970;181.470; 87.182; 96.693;259.358
2025-03-18 17:05:00;214.557;60671.146; 89.142; 95.753;257.760
2025-03-18 17:10:00;214.783;4369.544; 87.662; 94.303;256.858
2025-03-18 17:15:00;213.660;171.102; 88.728; 95.176;256.828
2025-03-18 17:20:00;214.627;169.574; 86.998; 94.018;255.356
2025-03-18 17:25:00;215.143;169.593; 86.952; 93.952;257.316
2025-03-18 17:30:00;214.393;171.808; 86.102; 94.557;257.518
2025-03-18 17:35:00;213.030;2796.465; 86.920; 96.079;257.762
2025-03-18 17:40:00;215.677;16738.244; 84.816; 95.740;258.202
2025-03-18 17:45:00;214.340;168.751; 86.858; 94.770;252.858
2025-03-18 17:50:00;215.897;168.099; 86.008; 94.888;255.992
2025-03-18 17:55:00;214.690;170.459; 86.024; 95.848;256.992
2025-03-18 18:00:00;210.687;169.849; 87.618; 96.549;257.294
2025-03-18 18:05:00;214.767;167.486; 86.214; 94.061;256.328
2025-03-18 18:10:00;216.120;168.154; 87.088; 95.332;256.744
2025-03-18 18:15:00;214.407;168.144; 87.710; 94.980;256.898
2025-03-18 18:20:00;215.370;167.526; 86.370; 97.257;259.476
2025-03-18 18:25:00;216.947;169.078; 86.384; 95.509;255.846
2025-03-18 18:30:00;215.580;171.552; 86.442; 94.732;256.222
2025-03-18 18:35:00;217.853;170.645; 87.094; 95.987;257.726
2025-03-18 18:40:00;214.480;5728.821; 86.694; 95.715;256.118
2025-03-18 18:45:00;216.290;170.109; 87.888; 95.343;255.666
2025-03-18 18:50:00;214.227;694.585; 87.216; 94.810;256.112
2025-03-18 18:55:00;216.250;20276.621; 86.232; 95.540;257.274
2025-03-18 19:00:00;213.640;65011.890; 86.872; 95.459;255.162
2025-03-18 19:05:00;216.520;65029.819; 85.116; 93.818;256.612
2025-03-18 19:10:00;215.880;65332.956; 87.342; 94.199;256.788
2025-03-18 19:15:00;216.654;64635.166; 87.248; 94.461;256.844
2025-03-18 19:20:00;215.400;65381.095; 86.490; 95.280;257.446
2025-03-18 19:25:00;214.530;64616.992; 86.660; 94.499;256.358
2025-03-18 19:30:00;214.577;52778.639; 85.350; 95.733;256.766
2025-03-18 19:35:00;213.650;169.092; 87.664; 95.269;256.524
2025-03-18 19:40:00;215.143;169.545; 86.806; 95.517;257.240
2025-03-18 19:45:00;214.257;166.138; 85.864; 94.529;255.166
2025-03-18 19:50:00;214.480;170.904; 86.682; 95.270;255.104
2025-03-18 19:55:00;212.493;167.369; 87.146; 95.499;258.524
2025-03-18 20:00:00;216.640;169.441; 85.596; 96.411;256.628
2025-03-18 20:05:00;213.833;167.866; 87.120; 94.976;255.702
2025-03-18 20:10:00;212.743;168.691; 86.352; 94.023;255.918
2025-03-18 20:15:00;212.903;170.521; 85.248; 95.535;255.280
2025-03-18 20:20:00;214.973;169.897; 85.806; 94.374;253.532
2025-03-18 20:25:00;214.180;169.351; 86.136; 97.041;255.360
2025-03-18 20:30:00;212.293;168.771; 85.686; 95.431;259.220
2025-03-18 20:35:00;215.323;168.626; 84.532; 95.203;255.932
2025-03-18 20:40:00;212.950;168.790; 86.210; 94.151;257.482
2025-03-18 20:45:00;214.667;170.987; 86.180; 95.559;254.816
2025-03-18 20:50:00;214.293;168.125; 86.322; 95.599;257.206
2025-03-18 20:55:00;214.573;168.548; 87.704; 96.753;258.300
2025-03-18 21:00:00;216.177;168.782; 85.578; 93.816;255.726
2025-03-18 21:05:00;214.577;168.708; 87.180; 94.915;257.238
2025-03-18 21:10:00;213.050;10988.502; 87.906; 95.152;254.944
2025-03-18 21:15:00;214.467;35963.253; 85.686; 94.498;256.076
2025-03-18 21:20:00;213.430;49677.153; 86.074; 96.129;256.736
2025-03-18 21:25:00;213.493;191.539; 85.372; 94.415;257.540
2025-03-18 21:30:00;212.217;169.521; 85.970; 95.443;254.416
2025-03-18 21:35:00;215.217;170.302; 85.212; 95.702;257.214
2025-03-18 21:40:00;213.333;169.641; 86.158; 95.884;256.384
2025-03-18 21:45:00;213.110;170.840; 86.880; 95.192;257.672
2025-03-18 21:50:00;213.323;171.381; 85.634; 95.975;255.634
2025-03-18 21:55:00;213.007;170.988; 87.612; 95.541;254.082
2025-03-18 22:00:00;215.170;169.167; 86.470; 94.840;255.244
2025-03-18 22:05:00;214.447;169.483; 87.696; 95.170;255.684
2025-03-18 22:10:00;213.660;169.770; 87.612; 96.067;255.852
2025-03-18 22:15:00;213.593;169.555; 85.864; 95.461;255.500
2025-03-18 22:20:00;212.920;170.507; 85.524; 95.012;254.848
2025-03-18 22:25:00;212.770;168.981; 86.310; 95.017;254.806
2025-03-18 22:30:00;213.103;1223.989; 85.570; 95.323;256.390
2025-03-18 22:35:00;214.217;35418.138; 87.464; 94.388;254.136
2025-03-18 22:40:00;212.603;56704.520; 87.410; 94.219;256.842
2025-03-18 22:45:00;214.123;26282.273; 87.098; 95.112;255.696
2025-03-18 22:50:00;212.273;8605.496; 87.136; 95.822;254.538
2025-03-18 22:55:00;215.437;171.643; 85.268; 96.278;256.738
2025-03-18 23:00:00;213.547;167.239; 85.292; 93.748;253.838
2025-03-18 23:05:00;211.887;167.522; 86.200; 95.374;255.220
2025-03-18 23:10:00;214.180;2266.729; 85.932; 95.547;254.400
2025-03-18 23:15:00;214.133;15593.188; 84.068; 96.026;253.738
2025-03-18 23:20:00;213.323;168.445; 86.210; 95.432;254.328
2025-03-18 23:25:00;214.457;169.189; 86.020; 95.936;255.976
2025-03-18 23:30:00;214.340;168.706; 85.382; 95.803;255.128
2025-03-18 23:35:00;212.487;167.012; 85.980; 94.808;254.478
2025-03-18 23:40:00;212.103;26374.643; 85.836; 96.217;255.870
2025-03-18 23:45:00;211.467;66781.400; 87.802; 96.264;257.824
2025-03-18 23:50:00;213.103;66226.783; 86.648; 96.300;255.920
2025-03-18 23:55:00;211.960;66273.448; 85.988; 96.145;255.754
2025-03-19 00:00:00;214.483;67631.452; 86.486; 94.728;256.084
2025-03-19 00:05:00;215.333;66945.291; 86.984; 95.739;255.456
2025-03-19 00:10:00;214.690;67265.887; 84.356; 96.020;253.998
2025-03-19 00:15:00;212.206;69478.648; 86.432; 94.736;256.202
2025-03-19 00:20:00;215.843;68766.644; 86.614; 94.902;257.344
2025-03-19 00:25:00;212.667;68934.316; 86.482; 95.972;256.594
2025-03-19 00:30:00;213.193;68544.462; 85.700; 96.083;256.048
2025-03-19 00:35:00;213.810;68802.567; 86.042; 95.621;255.986
2025-03-19 00:40:00;216.730;70049.503; 85.792; 96.176;255.518
2025-03-19 00:45:00;213.310;68957.320; 87.136; 95.763;253.874
2025-03-19 00:50:00;213.530;68047.363; 87.418; 96.082;254.530
2025-03-19 00:55:00;214.487;69156.812; 86.548; 94.720;257.706
2025-03-19 01:00:00;214.957;68664.637; 87.632; 94.725;253.566
2025-03-19 01:05:00;212.483;68125.959; 85.648; 96.129;255.588
2025-03-19 01:10:00;216.007;67404.842; 86.616; 95.432;254.136
2025-03-19 01:15:00;215.250;66899.438; 86.056; 96.254;255.896
2025-03-19 01:20:00;212.297;68786.025; 86.292; 95.983;253.866
2025-03-19 01:25:00;212.480;68486.280; 85.862; 94.154;254.426
2025-03-19 01:30:00;211.583;68791.880; 85.408; 95.633;255.516
2025-03-19 01:35:00;213.843;1294.943; 87.244; 97.130;255.074
2025-03-19 01:40:00;214.967;169.359; 86.036; 96.000;253.992
2025-03-19 01:45:00;214.743;170.384; 85.518; 95.054;254.592
2025-03-19 01:50:00;212.467;168.424; 85.372; 93.715;252.908
2025-03-19 01:55:00;214.157;166.656; 86.450; 93.365;255.954
2025-03-19 02:00:00;217.273;167.840; 87.004; 94.308;256.822
2025-03-19 02:05:00;211.917;170.205; 86.182; 94.064;256.834
2025-03-19 02:10:00;212.723;170.179; 85.710; 94.055;254.456
2025-03-19 02:15:00;213.647;167.601; 86.030; 94.608;254.970
2025-03-19 02:20:00;214.007;167.474; 86.036; 95.798;253.848
2025-03-19 02:25:00;214.026;168.424; 86.112; 95.372;253.044
2025-03-19 02:30:00;212.763;169.026; 86.716; 94.672;254.092
2025-03-19 02:35:00;214.937;167.564; 87.800; 94.689;253.632
2025-03-19 02:40:00;214.393;168.927; 86.600; 94.909;254.514
2025-03-19 02:45:00;216.194;168.649; 88.122; 94.646;255.596
2025-03-19 02:50:00;215.807;168.846; 85.392; 95.657;257.148
2025-03-19 02:55:00;212.580;169.096; 86.132; 95.108;254.298
2025-03-19 03:00:00;213.323;169.510; 86.316; 96.228;254.268
2025-03-19 03:05:00;211.963;169.096; 87.264; 94.480;254.120
2025-03-19 03:10:00;213.697;169.246; 85.220; 94.783;254.130
2025-03-19 03:15:00;212.207;168.320; 85.922; 93.604;252.332
2025-03-19 03:20:00;217.137;169.823; 85.100; 94.928;254.438
2025-03-19 03:25:00;213.567;169.421; 85.946; 95.473;254.380
2025-03-19 03:30:00;212.650;171.228; 85.134; 95.415;254.386
2025-03-19 03:35:00;212.307;168.147; 85.374; 95.327;252.700
2025-03-19 03:40:00;213.103;166.976; 85.626; 96.973;256.430
2025-03-19 03:45:00;214.600;169.908; 85.236; 94.737;251.230
2025-03-19 03:50:00;215.187;167.733; 86.202; 95.996;255.540
2025-03-19 03:55:00;214.080;169.778; 85.726; 95.066;255.452
2025-03-19 04:00:00;213.627;168.019; 85.610; 95.443;253.606
2025-03-19 04:05:00;213.753;167.452; 86.116; 95.102;253.782
2025-03-19 04:10:00;210.983;168.759; 85.814; 95.037;254.204
2025-03-19 04:15:00;213.147;169.841; 85.230; 95.582;252.162
2025-03-19 04:20:00;215.087;169.635; 86.034; 96.954;254.570
2025-03-19 04:25:00;211.483;169.992; 87.302; 95.443;255.272
2025-03-19 04:30:00;212.533;169.512; 86.104; 94.800;253.708
2025-03-19 04:35:00;212.423;168.691; 84.610; 94.640;252.296
2025-03-19 04:40:00;212.170;170.771; 85.082; 95.320;255.854
2025-03-19 04:45:00;213.410;168.881; 85.718; 94.663;252.222
2025-03-19 04:50:00;214.503;168.080; 85.646; 94.568;252.474
2025-03-19 04:55:00;213.983;167.191; 85.134; 95.020;255.644
2025-03-19 05:00:00;214.510;171.283; 86.688; 95.329;251.348
2025-03-19 05:05:00;214.693;168.161; 85.560; 95.054;252.910
2025-03-19 05:10:00;213.053;168.414; 86.118; 94.343;252.166
2025-03-19 05:15:00;216.287;169.466; 86.072; 94.723;253.332
2025-03-19 05:20:00;213.377;168.613; 85.878; 96.367;255.186
2025-03-19 05:25:00;213.757;168.723; 84.938; 95.388;253.292
2025-03-19 05:30:00;215.690;169.976; 86.348; 94.866;255.210
2025-03-19 05:35:00;212.737;170.307; 87.276; 93.942;256.644
2025-03-19 05:40:00;214.257;170.255; 86.236; 94.436;255.240
2025-03-19 05:45:00;215.700;169.405; 85.124; 93.897;256.064
2025-03-19 05:50:00;213.440;170.019; 86.106; 95.539;254.876
2025-03-19 05:55:00;214.817;169.116; 86.292; 93.770;252.948
2025-03-19 06:00:00;212.700;167.652; 84.900; 94.820;252.730
2025-03-19 06:05:00;214.036;169.914; 86.868; 95.008;253.580
2025-03-19 06:10:00;214.367;169.885; 85.934; 96.086;255.542
2025-03-19 06:15:00;213.437;170.239; 85.026; 95.496;255.252
2025-03-19 06:20:00;212.657;169.091; 86.946; 95.006;254.558
2025-03-19 06:25:00;212.090;169.615; 86.416; 94.888;252.132
2025-03-19 06:30:00;212.523;168.520; 86.788; 95.069;254.426
2025-03-19 06:35:00;213.524;168.527; 86.938; 96.207;252.394
2025-03-19 06:40:00;214.400;169.506; 85.236; 96.250;251.092
2025-03-19 06:45:00;212.023;168.259; 86.660; 96.212;252.762
2025-03-19 06:50:00;215.907;169.308; 86.470; 95.658;253.360
2025-03-19 06:55:00;213.073;172.199; 87.162; 95.460;254.820
2025-03-19 07:00:00;215.586;171.030; 86.802; 94.624;252.992
2025-03-19 07:05:00;212.817;169.306; 86.660; 95.257;253.402
2025-03-19 07:10:00;216.003;167.182; 85.526; 94.925;255.428
2025-03-19 07:15:00;210.810;169.346; 85.496; 94.994;255.796
2025-03-19 07:20:00;212.930;171.746; 86.836; 94.951;252.912
2025-03-19 07:25:00;213.943;171.214; 85.714; 97.344;255.076
2025-03-19 07:30:00;212.850;168.672; 84.178; 97.440;253.636
2025-03-19 07:35:00;215.153;168.526; 86.098; 96.017;255.496
2025-03-19 07:40:00;214.693;172.377; 85.750; 95.393;256.300
2025-03-19 07:45:00;215.494;171.626; 85.856; 95.718;254.042
2025-03-19 07:50:00;213.840;169.611; 85.326; 95.280;254.920
2025-03-19 07:55:00;215.140;170.713; 87.500; 94.313;251.454
2025-03-19 08:00:00;215.110;168.869; 86.412; 94.751;254.834
2025-03-19 08:05:00;216.763;171.264; 85.692; 96.622;253.910
2025-03-19 08:10:00;212.480;170.259; 86.562; 96.593;255.594
2025-03-19 08:15:00;214.053;168.634; 85.882; 96.069;252.842
2025-03-19 08:20:00;213.240;171.124; 86.030; 95.265;254.346
2025-03-19 08:25:00;214.780;169.819; 85.050; 95.677;254.250
2025-03-19 08:30:00;219.026;169.488; 85.944; 95.352;253.988
2025-03-19 08:35:00;214.127;169.723; 85.780; 94.865;254.286
2025-03-19 08:40:00;212.730;168.338; 86.032; 95.694;252.788
2025-03-19 08:45:00;213.610;172.528; 86.032; 97.442;254.028
2025-03-19 08:50:00;214.627;169.382; 85.200; 96.633;252.398
2025-03-19 08:55:00;211.877;169.748; 86.516; 95.114;254.496
2025-03-19 09:00:00;215.283;171.514; 84.842; 94.886;253.090
2025-03-19 09:05:00;215.370;169.210; 87.268; 95.582;253.410
2025-03-19 09:10:00;213.453;169.267; 86.528; 95.469;252.782
2025-03-19 09:15:00;216.453;170.880; 84.152; 94.827;252.668
2025-03-19 09:20:00;211.877;171.476; 85.856; 95.414;252.880
2025-03-19 09:25:00;213.730;172.878; 86.518; 95.710;254.868
2025-03-19 09:30:00;213.216;169.316; 86.758; 94.670;255.302
2025-03-19 09:35:00;214.517;171.012; 86.446; 96.716;254.196
2025-03-19 09:40:00;212.553;170.409; 87.046; 96.364;253.554
2025-03-19 09:45:00;213.147;170.172; 85.622; 95.891;251.434
2025-03-19 09:50:00;213.437;169.221; 85.012; 96.234;254.366
2025-03-19 09:55:00;213.237;169.987; 86.306; 96.296;253.644
2025-03-19 10:00:00;212.784;171.830; 86.168; 95.225;254.794
2025-03-19 10:05:00;214.360;169.745; 84.988; 96.506;256.634
2025-03-19 10:10:00;212.660;168.777; 84.928; 96.608;254.894
2025-03-19 10:15:00;212.610;170.160; 86.220; 96.471;255.602
2025-03-19 10:20:00;213.603;170.368; 85.784; 95.732;252.880
2025-03-19 10:25:00;213.957;171.422; 85.694; 95.861;254.360
2025-03-19 10:30:00;214.577;172.210; 87.380; 96.231;251.936
2025-03-19 10:35:00;212.067;169.987; 86.098; 95.404;254.728
2025-03-19 10:40:00;215.250;168.991; 85.446; 96.636;252.678
2025-03-19 10:45:00;214.563;170.948; 85.214; 95.669;251.776
2025-03-19 10:50:00;214.790;169.975; 85.996; 94.647;254.184
2025-03-19 10:55:00;215.280;171.589; 86.858; 95.659;254.474
2025-03-19 11:00:00;214.497;169.432; 87.870; 95.515;254.260
2025-03-19 11:05:00;214.540;171.302; 86.470; 96.125;254.184
2025-03-19 11:10:00;214.507;170.857; 86.810; 95.855;256.374
2025-03-19 11:15:00;212.717;169.553; 86.548; 95.049;254.098
2025-03-19 11:20:00;216.100;172.772; 85.786; 96.401;255.320
2025-03-19 11:25:00;216.037;169.229; 84.586; 97.823;255.246
2025-03-19 11:30:00;216.707;170.220; 86.158; 96.933;251.466
2025-03-19 11:35:00;215.970;169.207; 86.762; 94.670;254.996
2025-03-19 11:40:00;213.580;170.388; 87.424; 97.180;255.416
2025-03-19 11:45:00;212.387;170.086; 85.060; 95.048;254.288
2025-03-19 11:50:00;211.600;168.803; 86.760; 96.181;254.086
2025-03-19 11:55:00;213.613;169.277; 84.950; 95.059;257.108
2025-03-19 12:00:00;213.400;168.846; 84.650; 95.742;254.942
2025-03-19 12:05:00;214.467;167.182; 86.304; 95.321;255.632
2025-03-19 12:10:00;212.443;169.218; 86.776; 95.283;256.080
2025-03-19 12:15:00;213.847;170.092; 86.906; 95.339;255.374
2025-03-19 12:20:00;213.424;170.839; 86.616; 96.245;254.558
2025-03-19 12:25:00;213.207;169.103; 86.894; 95.815;253.396
2025-03-19 12:30:00;214.127;169.736; 84.898; 97.181;254.276
2025-03-19 12:35:00;214.127;171.317; 87.982; 96.644;254.548
2025-03-19 12:40:00;212.983;172.267; 86.908; 95.318;254.654
2025-03-19 12:45:00;214.607;172.007; 86.348; 96.130;255.602
2025-03-19 12:50:00;212.270;171.253; 85.972; 96.490;254.048
2025-03-19 12:55:00;214.387;171.337; 85.958; 95.921;253.272
2025-03-19 13:00:00;214.497;169.935; 86.090; 95.934;255.302
2025-03-19 13:05:00;213.617;169.683; 86.722; 96.560;255.768
2025-03-19 13:10:00;213.370;171.522; 86.714; 95.152;253.820
2025-03-19 13:15:00;211.130;168.930; 87.942; 96.770;257.048
2025-03-19 13:20:00;213.587;167.958; 85.318; 96.273;254.300
2025-03-19 13:25:00;215.460;171.188; 86.074; 96.086;255.582
2025-03-19 13:30:00;217.460;169.657; 86.626; 97.229;254.342
2025-03-19 13:35:00;214.330;168.983; 86.442; 95.762;254.998
2025-03-19 13:40:00;213.323;170.783; 86.784; 96.053;252.864
2025-03-19 13:45:00;214.220;171.107; 87.456; 95.889;255.576
2025-03-19 13:50:00;213.933;168.665; 85.636; 93.885;254.016
2025-03-19 13:55:00;213.663;168.583; 86.124; 96.142;254.348
2025-03-19 14:00:00;214.280;169.304; 86.632; 93.854;255.086
2025-03-19 14:05:00;215.767;168.810; 86.232; 96.636;257.588
2025-03-19 14:10:00;213.723;170.882; 86.074; 95.444;256.102
2025-03-19 14:15:00;212.936;171.939; 86.824; 95.014;255.220
2025-03-19 14:20:00;213.893;168.415; 85.868; 95.223;257.826
2025-03-19 14:25:00;213.860;168.196; 87.164; 96.885;253.998
2025-03-19 14:30:00;214.683;170.767; 85.114; 96.163;254.774
2025-03-19 14:35:00;212.790;169.580; 85.368; 96.382;256.250
2025-03-19 14:40:00;212.250;169.786; 86.226; 97.663;255.492
2025-03-19 14:45:00;213.103;170.422; 86.286; 96.151;253.270
2025-03-19 14:50:00;212.907;172.609; 86.626; 94.802;255.298
2025-03-19 14:55:00;213.893;170.606; 87.184; 96.245;255.662
2025-03-19 15:00:00;212.287;170.787; 85.292; 95.620;257.690
2025-03-19 15:05:00;213.934;169.382; 86.838; 96.570;256.646
2025-03-19 15:10:00;215.013;170.927; 87.056; 95.711;256.126
2025-03-19 15:15:00;215.353;170.490; 87.656; 95.370;257.930
2025-03-19 15:20:00;213.913;169.326; 84.762; 96.177;257.586
2025-03-19 15:25:00;213.927;169.650; 86.208; 95.713;257.128
2025-03-19 15:30:00;213.417;168.252; 85.016; 97.653;257.024
2025-03-19 15:35:00;213.120;170.444; 87.546; 94.985;256.742
2025-03-19 15:40:00;214.370;167.649; 85.496; 96.688;252.682
2025-03-19 15:45:00;215.063;170.388; 85.620; 96.343;255.498
2025-03-19 15:50:00;215.113;169.326; 85.650; 94.898;256.980
2025-03-19 15:55:00;214.417;169.378; 86.022; 95.016;254.318
2025-03-19 16:00:00;212.220;170.508; 85.728; 95.732;256.162
2025-03-19 16:05:00;214.040;168.128; 86.548; 95.241;256.558
2025-03-19 16:10:00;215.180;169.765; 86.430; 94.231;255.458
2025-03-19 16:15:00;213.417;169.582; 87.170; 96.008;256.370
2025-03-19 16:20:00;214.003;169.280; 86.206; 94.012;254.904
2025-03-19 16:25:00;215.653;168.862; 86.810; 94.915;256.108
2025-03-19 16:30:00;213.250;170.218; 85.548; 96.444;256.308
2025-03-19 16:35:00;215.597;170.267; 86.896; 95.569;253.876
2025-03-19 16:40:00;213.737;169.597; 86.322; 96.224;256.092
2025-03-19 16:45:00;214.820;168.861; 85.566; 94.635;254.154
2025-03-19 16:50:00;215.043;170.514; 85.164; 95.085;257.310
2025-03-19 16:55:00;214.860;168.199; 87.786; 95.677;254.804
2025-03-19 17:00:00;216.163;169.702; 85.252; 95.047;256.728
2025-03-19 17:05:00;214.273;170.756; 85.620; 95.718;255.580
2025-03-19 17:10:00;214.696;171.208; 86.412; 95.060;254.166
2025-03-19 17:15:00;215.067;169.458; 86.168; 94.181;255.248
2025-03-19 17:20:00;214.293;171.721; 86.750; 95.249;255.372
2025-03-19 17:25:00;214.870;170.896; 85.558; 93.757;258.010
2025-03-19 17:30:00;214.150;170.258; 87.306; 95.504;255.258
2025-03-19 17:35:00;214.203;170.556; 85.812; 95.891;254.938
2025-03-19 17:40:00;215.133;170.333; 84.420; 94.649;255.346
2025-03-19 17:45:00;214.440;169.763; 86.264; 96.211;255.688
2025-03-19 17:50:00;214.423;170.275; 85.614; 96.309;256.722
2025-03-19 17:55:00;216.893;171.186; 85.540; 96.205;257.564
2025-03-19 18:00:00;215.797;170.483; 88.000; 95.302;254.852
2025-03-19 18:05:00;216.703;169.502; 86.828; 96.561;256.004
2025-03-19 18:10:00;216.313;170.883; 86.080; 95.610;256.324
2025-03-19 18:15:00;214.463;171.889; 85.058; 94.710;255.508
2025-03-19 18:20:00;215.020;169.565; 86.486; 95.336;254.234
2025-03-19 18:25:00;214.813;169.278; 86.808; 95.523;256.104
2025-03-19 18:30:00;216.427;169.070; 86.250; 95.825;254.042
2025-03-19 18:35:00;217.334;167.898; 86.704; 96.010;258.374
2025-03-19 18:40:00;215.270;169.853; 86.870; 94.831;256.522
2025-03-19 18:45:00;213.753;171.857; 86.222; 94.963;256.336
2025-03-19 18:50:00;215.350;169.328; 87.870; 95.907;256.624
2025-03-19 18:55:00;217.300;168.715; 85.662; 95.400;254.980
2025-03-19 19:00:00;214.776;169.052; 85.712; 93.380;258.590
2025-03-19 19:05:00;216.393;169.160; 85.880; 93.796;255.690
2025-03-19 19:10:00;215.037;171.612; 86.522; 95.513;255.936
2025-03-19 19:15:00;215.623;168.337; 86.660; 93.675;254.018
2025-03-19 19:20:00;217.683;170.832; 86.456; 95.953;255.134
2025-03-19 19:25:00;214.953;169.992; 87.366; 94.494;257.306
2025-03-19 19:30:00;214.787;169.098; 86.056; 95.430;256.486
2025-03-19 19:35:00;214.440;169.780; 85.976; 96.016;255.480
2025-03-19 19:40:00;215.230;168.803; 86.092; 96.622;256.302
2025-03-19 19:45:00;213.393;169.329; 86.172; 93.409;255.204
2025-03-19 19:50:00;215.997;169.394; 85.328; 94.378;256.510
2025-03-19 19:55:00;213.664;169.575; 85.682; 95.119;256.636
2025-03-19 20:00:00;216.640;169.265; 87.840; 94.536;255.106
2025-03-19 20:05:00;217.780;171.334; 86.148; 96.374;259.064
2025-03-19 20:10:00;213.297;169.628; 86.916; 96.351;255.688
2025-03-19 20:15:00;215.320;167.853; 85.880; 95.846;252.662
2025-03-19 20:20:00;217.193;169.295; 85.448; 96.461;255.886
2025-03-19 20:25:00;214.590;169.848; 85.990; 94.923;254.700
2025-03-19 20:30:00;215.810;168.393; 86.004; 95.343;256.102
2025-03-19 20:35:00;214.103;168.345; 85.958; 96.492;258.340
2025-03-19 20:40:00;213.643;171.190; 84.990; 94.178;256.792
2025-03-19 20:45:00;216.657;167.936; 86.936; 94.850;256.774
2025-03-19 20:50:00;216.063;168.103; 86.526; 94.266;255.040
2025-03-19 20:55:00;214.897;170.554; 84.990; 94.450;256.386
2025-03-19 21:00:00;216.163;167.868; 85.590; 94.881;255.386
2025-03-19 21:05:00;215.027;171.073; 85.674; 94.630;256.232
2025-03-19 21:10:00;214.363;170.358; 86.324; 96.461;257.314
2025-03-19 21:15:00;215.207;169.092; 88.158; 94.203;255.950
2025-03-19 21:20:00;218.120;169.361; 86.128; 95.387;254.922
2025-03-19 21:25:00;214.457;168.292; 85.346; 95.227;255.752
2025-03-19 21:30:00;213.153;168.140; 85.896; 95.160;256.098
2025-03-19 21:35:00;217.333;168.470; 86.586; 94.800;257.622
2025-03-19 21:40:00;213.830;167.144; 87.022; 96.989;257.670
2025-03-19 21:45:00;213.163;168.667; 86.600; 94.358;257.336
2025-03-19 21:50:00;214.787;169.084; 85.608; 95.590;256.346
2025-03-19 21:55:00;215.480;169.132; 86.898; 94.896;255.272
2025-03-19 22:00:00;216.300;169.532; 87.798; 94.720;256.058
2025-03-19 22:05:00;213.406;168.265; 84.942; 94.963;258.694
2025-03-19 22:10:00;214.536;167.958; 86.392; 95.500;257.294
2025-03-19 22:15:00;215.117;168.641; 86.352; 94.415;254.002
2025-03-19 22:20:00;213.050;170.004; 87.318; 96.743;256.656
2025-03-19 22:25:00;214.510;169.763; 86.582; 94.566;256.452
2025-03-19 22:30:00;213.290;166.950; 86.246; 93.709;253.232
2025-03-19 22:35:00;215.293;168.512; 87.138; 94.957;255.482
2025-03-19 22:40:00;213.857;170.722; 85.744; 95.148;256.454
2025-03-19 22:45:00;215.750;169.173; 85.320; 94.969;255.952
2025-03-19 22:50:00;214.553;168.097; 87.302; 95.999;256.212
2025-03-19 22:55:00;217.240;169.149; 86.090; 96.030;254.372
2025-03-19 23:00:00;216.323;170.032; 86.262; 95.043;256.614
2025-03-19 23:05:00;217.330;168.698; 85.398; 95.010;255.942
2025-03-19 23:10:00;217.677;169.702; 86.740; 95.453;255.772
2025-03-19 23:15:00;215.487;169.577; 87.442; 95.529;254.840
2025-03-19 23:20:00;215.977;167.192; 86.074; 94.232;256.312
2025-03-19 23:25:00;215.920;167.830; 84.852; 96.351;256.828
2025-03-19 23:30:00;214.623;169.436; 86.144; 94.742;256.114
2025-03-19 23:35:00;214.237;167.690; 86.752; 96.191;255.908
2025-03-19 23:40:00;214.137;168.447; 86.966; 94.437;254.116
2025-03-19 23:45:00;215.503;167.534; 85.578; 95.430;257.058
2025-03-19 23:50:00;213.193;170.311; 86.162; 95.990;253.124
2025-03-19 23:55:00;212.950;168.550; 85.624; 96.687;257.188
2025-03-20 00:00:00;216.703;169.929; 86.808; 94.397;259.448
2025-03-20 00:05:00;213.237;168.417; 86.144; 94.651;256.340
2025-03-20 00:10:00;213.737;168.095; 85.890; 95.337;257.218
2025-03-20 00:15:00;216.490;168.019; 86.852; 95.445;254.994
2025-03-20 00:20:00;215.793;168.091; 86.122; 96.559;256.114
2025-03-20 00:25:00;215.740;166.496; 86.138; 94.852;257.412
2025-03-20 00:30:00;213.703;169.853; 86.420; 95.774;257.186
2025-03-20 00:35:00;216.470;169.159; 85.642; 95.808;257.158
2025-03-20 00:40:00;215.510;168.406; 86.850; 95.271;257.770
2025-03-20 00:45:00;216.570;168.069; 85.756; 96.693;258.362
2025-03-20 00:50:00;213.613;168.985; 86.100; 95.332;256.008
2025-03-20 00:55:00;216.517;167.512; 86.356; 95.967;255.066
2025-03-20 01:00:00;213.533;168.512; 86.466; 94.896;252.866
2025-03-20 01:05:00;216.507;167.113; 84.418; 95.510;256.554
2025-03-20 01:10:00;212.930;168.456; 87.014; 95.115;255.838
2025-03-20 01:15:00;214.223;167.539; 84.188; 95.377;255.688
2025-03-20 01:20:00;218.530;169.026; 86.404; 95.113;255.418
2025-03-20 01:25:00;214.700;167.286; 85.426; 94.121;255.158
2025-03-20 01:30:00;216.153;166.869; 86.708; 95.739;254.278
2025-03-20 01:35:00;213.693;167.602; 85.624; 94.566;257.342
2025-03-20 01:40:00;212.740;167.607; 85.752; 94.405;254.674
2025-03-20 01:45:00;214.710;168.769; 85.762; 95.904;258.076
2025-03-20 01:50:00;214.747;170.630; 85.436; 95.166;255.238
2025-03-20 01:55:00;213.703;167.849; 86.532; 94.498;256.916
2025-03-20 02:00:00;212.597;168.277; 85.900; 95.264;255.168
2025-03-20 02:05:00;214.290;169.313; 86.000; 95.302;255.338
2025-03-20 02:10:00;215.037;169.056; 85.018; 95.404;256.952
2025-03-20 02:15:00;216.407;170.289; 86.042; 95.751;256.126
2025-03-20 02:20:00;213.640;168.602; 86.382; 94.742;255.356
2025-03-20 02:25:00;214.910;166.386; 84.000; 95.753;255.522
2025-03-20 02:30:00;214.453;167.739; 84.846; 95.668;253.522
2025-03-20 02:35:00;210.940;169.091; 85.598; 94.821;254.978
2025-03-20 02:40:00;212.557;166.999; 86.028; 95.057;256.242
2025-03-20 02:45:00;211.097;169.906; 85.934; 95.648;256.762
2025-03-20 02:50:00;212.293;168.212; 86.538; 95.064;255.556
2025-03-20 02:55:00;213.993;168.114; 85.174; 95.597;257.252
2025-03-20 03:00:00;214.947;168.692; 86.254; 94.649;257.536
2025-03-20 03:05:00;215.407;167.827; 85.358; 95.378;257.210
2025-03-20 03:10:00;215.246;170.120; 85.394; 95.734;255.870
2025-03-20 03:15:00;212.640;169.409; 85.708; 95.612;255.696
2025-03-20 03:20:00;212.620;166.876; 84.996; 93.732;254.740
2025-03-20 03:25:00;214.647;168.689; 86.358; 94.377;253.478
2025-03-20 03:30:00;212.297;168.568; 86.356; 97.068;255.464
2025-03-20 03:35:00;213.707;168.655; 86.356; 95.834;254.418
2025-03-20 03:40:00;214.783;166.611; 85.570; 95.079;253.692
2025-03-20 03:45:00;215.407;168.050; 85.592; 94.663;256.462
2025-03-20 03:50:00;213.403;167.306; 85.958; 95.972;256.584
2025-03-20 03:55:00;214.423;169.902; 87.190; 96.185;255.086
2025-03-20 04:00:00;214.597;170.072; 86.434; 93.977;256.548
2025-03-20 04:05:00;214.567;167.947; 85.962; 95.642;256.366
2025-03-20 04:10:00;211.863;167.944; 86.964; 95.941;257.590
2025-03-20 04:15:00;214.533;168.979; 86.278; 95.234;257.556
2025-03-20 04:20:00;212.247;169.308; 85.530; 94.611;253.768
2025-03-20 04:25:00;214.207;170.022; 86.182; 96.204;252.196
2025-03-20 04:30:00;215.390;169.440; 85.328; 94.754;255.316
2025-03-20 04:35:00;214.727;167.381; 85.888; 96.387;256.984
2025-03-20 04:40:00;214.193;170.318; 85.208; 95.532;254.412
2025-03-20 04:45:00;210.347;169.929; 85.628; 95.103;255.660
2025-03-20 04:50:00;214.117;168.927; 85.802; 94.779;255.210
2025-03-20 04:55:00;213.457;169.087; 84.728; 94.999;253.354
2025-03-20 05:00:00;213.473;166.870; 85.556; 96.087;254.850
2025-03-20 05:05:00;210.203;166.730; 85.062; 94.404;254.984
2025-03-20 05:10:00;212.893;168.832; 85.792; 94.728;257.712
2025-03-20 05:15:00;214.817;169.207; 84.778; 96.316;254.034
2025-03-20 05:20:00;212.550;170.386; 86.204; 95.553;253.632
2025-03-20 05:25:00;214.233;169.092; 84.812; 94.902;252.170
2025-03-20 05:30:00;213.103;169.968; 84.566; 95.622;254.246
2025-03-20 05:35:00;213.807;170.925; 85.348; 96.848;254.030
2025-03-20 05:40:00;213.680;167.717; 84.928; 96.166;256.466
2025-03-20 05:45:00;213.030;170.637; 85.386; 95.279;252.270
2025-03-20 05:50:00;213.337;168.177; 85.538; 96.224;253.408
2025-03-20 05:55:00;215.373;169.095; 85.640; 94.432;253.942
2025-03-20 06:00:00;213.567;167.241; 86.020; 95.183;255.784
2025-03-20 06:05:00;216.197;170.452; 84.828; 98.084;254.682
2025-03-20 06:10:00;213.503;170.001; 86.980; 96.131;253.888
2025-03-20 06:15:00;212.693;169.523; 86.402; 97.282;256.412
2025-03-20 06:20:00;214.974;169.470; 86.748; 94.992;256.972
2025-03-20 06:25:00;211.370;169.482; 86.266; 95.155;252.300
2025-03-20 06:30:00;214.363;167.940; 86.158; 95.647;255.062
2025-03-20 06:35:00;214.697;169.720; 85.482; 97.459;257.196
2025-03-20 06:40:00;213.960;169.974; 85.236; 95.718;256.360
2025-03-20 06:45:00;211.060;170.107; 86.034; 95.110;256.054
2025-03-20 06:50:00;212.830;168.762; 86.704; 94.384;256.362
2025-03-20 06:55:00;215.383;171.986; 86.450; 97.152;254.640
2025-03-20 07:00:00;214.333;168.659; 85.812; 95.711;254.518
2025-03-20 07:05:00;213.087;169.493; 85.752; 95.135;255.682
2025-03-20 07:10:00;210.923;169.861; 84.806; 94.999;254.880
2025-03-20 07:15:00;213.950;172.210; 85.394; 96.122;254.120
2025-03-20 07:20:00;213.433;171.187; 86.070; 95.136;255.068
2025-03-20 07:25:00;214.190;168.982; 84.800; 94.893;255.540
2025-03-20 07:30:00;213.893;168.728; 86.154; 95.805;252.170
2025-03-20 07:35:00;213.360;167.750; 86.568; 94.873;253.052
2025-03-20 07:40:00;214.774;167.978; 84.888; 96.147;256.496
2025-03-20 07:45:00;213.777;170.152; 85.868; 94.742;256.466
2025-03-20 07:50:00;215.527;169.479; 85.236; 96.060;256.070
2025-03-20 07:55:00;215.297;170.089; 84.468; 94.703;254.070
2025-03-20 08:00:00;213.983;169.392; 84.616; 96.331;255.286
2025-03-20 08:05:00;212.920;170.488; 85.956; 95.771;255.134
2025-03-20 08:10:00;212.337;168.399; 85.738; 95.079;254.816
2025-03-20 08:15:00;216.147;168.777; 84.934; 95.141;256.920
2025-03-20 08:20:00;213.217;171.314; 86.452; 94.641;255.834
2025-03-20 08:25:00;216.073;171.226; 84.120; 97.255;253.754
2025-03-20 08:30:00;212.597;170.616; 84.814; 97.029;255.232
2025-03-20 08:35:00;216.397;169.634; 85.406; 96.193;256.328
2025-03-20 08:40:00;210.997;171.208; 85.882; 96.262;255.226
2025-03-20 08:45:00;214.137;168.451; 86.528; 97.138;254.586
2025-03-20 08:50:00;214.970;171.269; 85.430; 96.300;255.194
2025-03-20 08:55:00;213.707;169.878; 84.982; 96.626;254.354
2025-03-20 09:00:00;213.910;169.324; 85.476; 96.575;251.756
2025-03-20 09:05:00;215.550;170.342; 84.188; 95.988;253.896
2025-03-20 09:10:00;213.840;168.983; 85.604; 97.633;252.386
2025-03-20 09:15:00;213.260;170.009; 85.676; 96.566;254.100
2025-03-20 09:20:00;212.970;169.199; 84.572; 98.378;253.230
2025-03-20 09:25:00;214.600;170.904; 85.776; 95.767;253.638
2025-03-20 09:30:00;215.430;171.410; 84.776; 94.441;254.344
2025-03-20 09:35:00;213.503;169.522; 85.756; 95.583;254.768
2025-03-20 09:40:00;215.523;168.946; 85.722; 95.817;252.594
2025-03-20 09:45:00;215.570;170.144; 87.170; 96.252;255.530
2025-03-20 09:50:00;212.627;170.451; 85.402; 95.243;255.200
2025-03-20 09:55:00;217.283;168.290; 85.580; 96.300;256.118
2025-03-20 10:00:00;216.313;170.196; 86.188; 96.055;253.730
2025-03-20 10:05:00;213.350;169.102; 85.598; 95.658;255.124
2025-03-20 10:10:00;214.533;170.883; 86.032; 95.437;255.430
2025-03-20 10:15:00;216.060;171.531; 85.064; 95.562;253.276
2025-03-20 10:20:00;214.307;169.087; 86.440; 94.136;256.042
2025-03-20 10:25:00;213.890;167.894; 85.316; 96.830;254.604
2025-03-20 10:30:00;212.133;171.325; 85.262; 95.472;253.814
2025-03-20 10:35:00;214.430;169.534; 86.668; 96.600;255.268
2025-03-20 10:40:00;211.903;168.563; 87.236; 97.723;256.116
2025-03-20 10:45:00;214.363;170.540; 86.382; 96.548;255.554
2025-03-20 10:50:00;215.163;171.602; 85.482; 95.520;255.134
2025-03-20 10:55:00;214.717;168.609; 85.698; 95.997;254.096
2025-03-20 11:00:00;213.400;170.234; 86.840; 97.278;255.498
2025-03-20 11:05:00;214.137;168.644; 85.958; 96.298;256.056
2025-03-20 11:10:00;210.607;170.931; 86.472; 96.152;254.676
2025-03-20 11:15:00;216.160;170.692; 86.170; 95.545;255.304
2025-03-20 11:20:00;215.177;171.276; 86.842; 95.925;254.632
2025-03-20 11:25:00;214.307;170.341; 86.212; 95.137;254.534
2025-03-20 11:30:00;214.040;172.826; 85.944; 95.433;254.778
2025-03-20 11:35:00;216.393;171.196; 85.600; 96.224;255.820
2025-03-20 11:40:00;213.863;169.371; 86.234; 96.243;256.362
2025-03-20 11:45:00;213.403;172.029; 85.272; 96.978;254.186
2025-03-20 11:50:00;211.860;169.552; 85.530; 95.754;254.484
2025-03-20 11:55:00;215.723;169.820; 85.994; 96.188;254.254
2025-03-20 12:00:00;217.020;170.190; 86.578; 94.617;252.902
2025-03-20 12:05:00;212.403;171.238; 85.316; 97.041;254.982
2025-03-20 12:10:00;214.543;171.722; 87.062; 94.672;251.876
2025-03-20 12:15:00;212.610;170.359; 86.076; 95.940;254.032
2025-03-20 12:20:00;215.050;169.954; 85.388; 96.089;255.054
2025-03-20 12:25:00;215.377;172.188; 87.358; 95.913;255.716
2025-03-20 12:30:00;216.253;170.291; 84.852; 96.554;256.604
2025-03-20 12:35:00;213.433;170.455; 86.386; 96.975;255.184
2025-03-20 12:40:00;214.427;170.312; 85.854; 95.720;254.334
2025-03-20 12:45:00;214.553;169.351; 85.310; 96.106;252.810
2025-03-20 12:50:00;215.033;171.235; 84.666; 96.281;257.518
2025-03-20 12:55:00;215.597;169.776; 85.466; 97.163;255.390
2025-03-20 13:00:00;216.070;170.732; 85.334; 98.625;255.162
2025-03-20 13:05:00;212.567;167.500; 86.814; 95.656;254.798
2025-03-20 13:10:00;214.590;171.353; 85.352; 94.937;256.642
2025-03-20 13:15:00;214.740;169.233; 86.596; 95.545;256.256
2025-03-20 13:20:00;215.097;169.485; 86.432; 94.930;256.026
2025-03-20 13:25:00;214.386;169.762; 86.392; 96.382;254.588
2025-03-20 13:30:00;214.214;169.449; 86.114; 95.524;257.314
2025-03-20 13:35:00;214.757;169.375; 85.668; 97.089;254.842
2025-03-20 13:40:00;213.640;170.350; 86.318; 96.801;256.420
2025-03-20 13:45:00;214.737;170.776; 87.102; 96.660;254.320
2025-03-20 13:50:00;215.813;169.356; 86.506; 95.193;255.272
2025-03-20 13:55:00;216.903;170.558; 86.986; 95.914;254.930
2025-03-20 14:00:00;216.220;168.578; 86.064; 95.984;255.334
2025-03-20 14:05:00;214.547;168.850; 87.218; 95.387;255.184
2025-03-20 14:10:00;215.380;169.312; 86.534; 95.236;257.468
2025-03-20 14:15:00;214.977;169.705; 86.680; 95.631;254.892
2025-03-20 14:20:00;216.460;172.788; 86.682; 96.047;255.160
2025-03-20 14:25:00;214.313;167.635; 86.418; 97.107;253.594
2025-03-20 14:30:00;214.547;169.480; 87.790; 96.755;254.748
2025-03-20 14:35:00;213.153;169.698; 84.840; 97.053;253.856
2025-03-20 14:40:00;214.717;170.047; 86.030; 96.619;257.568
2025-03-20 14:45:00;214.867;170.604; 86.836; 96.993;255.790
2025-03-20 14:50:00;212.743;170.883; 85.836; 95.274;255.628
2025-03-20 14:55:00;216.350;168.731; 85.958; 96.568;255.714
2025-03-20 15:00:00;216.113;169.537; 86.284; 96.695;256.344
2025-03-20 15:05:00;216.914;170.791; 86.366; 96.098;255.308
2025-03-20 15:10:00;215.057;170.416; 86.226; 95.557;255.438
2025-03-20 15:15:00;215.490;170.112; 86.582; 97.425;255.652
2025-03-20 15:20:00;215.563;169.486; 85.762; 96.155;257.790
2025-03-20 15:25:00;214.490;169.142; 85.776; 94.863;256.140
2025-03-20 15:30:00;215.347;170.019; 86.598; 95.173;256.888
2025-03-20 15:35:00;215.623;170.911; 86.294; 95.804;255.114
2025-03-20 15:40:00;215.790;170.186; 86.478; 95.315;257.756
2025-03-20 15:45:00;213.000;170.102; 87.182; 95.935;256.738
2025-03-20 15:50:00;216.796;169.308; 86.742; 96.005;258.974
2025-03-20 15:55:00;215.940;171.796; 86.658; 96.413;256.776
2025-03-20 16:00:00;217.500;170.128; 87.874; 95.733;258.714
2025-03-20 16:05:00;213.593;169.835; 87.386; 96.315;258.588
2025-03-20 16:10:00;212.747;168.169; 86.592; 96.027;257.330
2025-03-20 16:15:00;216.890;170.524; 86.006; 96.505;257.242
2025-03-20 16:20:00;215.557;171.787; 85.528; 95.293;255.360
2025-03-20 16:25:00;213.977;170.317; 87.020; 96.213;256.682
2025-03-20 16:30:00;216.070;169.826; 86.110; 96.019;259.946
2025-03-20 16:35:00;214.780;170.205; 86.146; 96.307;258.812
2025-03-20 16:40:00;219.433;169.949; 85.180; 97.516;255.602
2025-03-20 16:45:00;215.563;169.935; 86.892; 95.867;257.898
2025-03-20 16:50:00;216.307;170.983; 87.032; 96.656;255.472
2025-03-20 16:55:00;216.707;169.960; 86.712; 96.561;259.204
2025-03-20 17:00:00;212.073;171.704; 87.822; 96.783;257.676
2025-03-20 17:05:00;214.433;170.477; 85.720; 94.307;257.474
2025-03-20 17:10:00;214.380;171.208; 87.260; 96.257;257.192
2025-03-20 17:15:00;214.507;169.085; 87.400; 96.346;256.604
2025-03-20 17:20:00;212.933;171.060; 85.862; 96.975;258.448
2025-03-20 17:25:00;215.427;171.949; 87.024; 94.660;259.472
2025-03-20 17:30:00;216.683;168.617; 86.538; 97.339;256.928
2025-03-20 17:35:00;215.663;168.007; 85.852; 96.498;256.354
2025-03-20 17:40:00;217.983;169.364; 87.112; 95.118;258.750
2025-03-20 17:45:00;212.683;167.553; 86.222; 95.595;256.280
2025-03-20 17:50:00;216.563;170.037; 85.326; 95.879;258.102
2025-03-20 17:55:00;216.500;167.470; 87.316; 96.784;256.506
2025-03-20 18:00:00;214.623;169.107; 84.214; 94.891;260.142
2025-03-20 18:05:00;215.603;169.930; 87.100; 96.395;256.376
2025-03-20 18:10:00;216.063;168.966; 87.396; 96.256;256.452
2025-03-20 18:15:00;213.787;169.237; 87.014; 96.753;256.714
2025-03-20 18:20:00;214.800;168.614; 85.122; 96.115;258.098
2025-03-20 18:25:00;214.947;169.559; 86.502; 96.139;256.066
2025-03-20 18:30:00;214.857;168.388; 85.340; 96.448;258.116
2025-03-20 18:35:00;214.280;170.403; 86.734; 96.433;253.200
2025-03-20 18:40:00;214.077;169.026; 86.908; 96.234;257.162
2025-03-20 18:45:00;217.070;168.966; 86.744; 97.250;258.046
2025-03-20 18:50:00;214.923;167.627; 85.380; 95.581;257.162
2025-03-20 18:55:00;213.883;169.689; 87.220; 95.166;258.656
2025-03-20 19:00:00;217.167;167.817; 85.018; 94.985;257.152
2025-03-20 19:05:00;215.713;169.304; 87.060; 96.253;257.356
2025-03-20 19:10:00;214.493;168.764; 86.746; 95.605;258.452
2025-03-20 19:15:00;214.733;169.817; 87.654; 95.512;255.130
2025-03-20 19:20:00;215.127;169.154; 87.036; 95.834;257.610
2025-03-20 19:25:00;216.007;167.233; 86.462; 95.916;255.982
2025-03-20 19:30:00;216.263;169.385; 86.490; 96.122;254.888
2025-03-20 19:35:00;215.050;169.643; 85.590; 96.336;256.136
2025-03-20 19:40:00;215.840;170.738; 86.564; 96.603;257.256
2025-03-20 19:45:00;215.427;170.775; 86.046; 94.705;256.848
2025-03-20 19:50:00;215.323;168.338; 87.080; 93.879;256.900
2025-03-20 19:55:00;215.420;167.502; 88.080; 95.512;257.792
2025-03-20 20:00:00;216.767;170.375; 86.806; 94.621;255.956
2025-03-20 20:05:00;217.603;168.470; 87.464; 96.693;254.774
2025-03-20 20:10:00;217.803;168.518; 86.002; 96.750;255.570
2025-03-20 20:15:00;214.353;170.343; 87.982; 96.839;256.994
2025-03-20 20:20:00;217.247;168.434; 86.778; 96.946;256.992
2025-03-20 20:25:00;214.620;168.923; 87.762; 94.823;258.588
2025-03-20 20:30:00;217.487;169.120; 87.132; 95.699;255.878
2025-03-20 20:35:00;215.180;169.411; 86.496; 97.267;259.820
2025-03-20 20:40:00;215.113;169.340; 88.342; 94.731;256.564
2025-03-20 20:45:00;216.553;168.814; 87.096; 95.585;256.634
2025-03-20 20:50:00;217.247;169.382; 85.626; 95.600;254.610
2025-03-20 20:55:00;216.070;168.384; 86.782; 96.090;257.672
2025-03-20 21:00:00;214.563;169.967; 87.006; 96.209;258.016
2025-03-20 21:05:00;214.157;170.849; 86.810; 94.225;257.016
2025-03-20 21:10:00;214.380;169.059; 87.142; 95.569;258.130
2025-03-20 21:15:00;212.687;165.634; 87.612; 95.924;257.124
2025-03-20 21:20:00;216.563;169.152; 86.282; 95.303;256.554
2025-03-20 21:25:00;216.057;169.656; 87.018; 95.486;255.942
2025-03-20 21:30:00;217.957;169.020; 86.498; 94.928;255.850
2025-03-20 21:35:00;217.300;168.137; 86.480; 96.955;258.602
2025-03-20 21:40:00;214.914;167.154; 87.370; 96.383;255.374
2025-03-20 21:45:00;214.973;170.462; 87.252; 95.920;257.696
2025-03-20 21:50:00;215.520;169.714; 86.726; 95.495;256.850
2025-03-20 21:55:00;214.397;168.501; 87.360; 95.803;257.572
2025-03-20 22:00:00;215.953;169.450; 87.346; 96.991;257.066
2025-03-20 22:05:00;214.107;169.853; 86.490; 95.338;258.224
2025-03-20 22:10:00;215.587;170.074; 88.018; 96.206;258.060
2025-03-20 22:15:00;214.633;167.955; 85.482; 95.217;255.196
2025-03-20 22:20:00;216.507;168.416; 86.172; 96.505;256.502
2025-03-20 22:25:00;217.630;169.234; 87.056; 97.235;255.556
2025-03-20 22:30:00;216.837;170.399; 87.654; 95.338;256.890
2025-03-20 22:35:00;214.933;168.402; 86.238; 96.787;257.726
2025-03-20 22:40:00;215.013;169.248; 87.100; 97.090;258.522
2025-03-20 22:45:00;215.830;171.110; 86.640; 95.655;256.056
2025-03-20 22:50:00;216.397;169.436; 86.980; 95.885;257.114
2025-03-20 22:55:00;215.843;168.563; 87.066; 95.914;257.938
2025-03-20 23:00:00;215.400;168.618; 86.018; 96.180;256.368
2025-03-20 23:05:00;217.580;167.354; 87.014; 95.740;258.266
2025-03-20 23:10:00;215.493;168.385; 86.836; 94.741;255.306
2025-03-20 23:15:00;215.763;169.061; 86.198; 95.302;257.188
2025-03-20 23:20:00;217.743;168.977; 85.390; 96.680;257.806
2025-03-20 23:25:00;216.897;165.662; 85.788; 96.301;256.548
2025-03-20 23:30:00;213.870;169.925; 86.838; 96.211;258.064
2025-03-20 23:35:00;213.737;169.745; 84.662; 96.001;255.986
2025-03-20 23:40:00;211.647;169.089; 86.768; 97.029;255.046
2025-03-20 23:45:00;215.184;166.216; 86.206; 94.499;255.702
2025-03-20 23:50:00;214.250;167.421; 86.608; 94.863;257.044
2025-03-20 23:55:00;215.973;169.733; 85.556; 94.389;256.144
2025-03-21 00:00:00;215.853;170.090; 85.442; 95.861;256.304
2025-03-21 00:05:00;216.226;167.920; 86.248; 95.974;255.240
2025-03-21 00:10:00;216.833;169.962; 85.426; 95.636;255.352
2025-03-21 00:15:00;212.890;168.402; 86.434; 95.742;255.352
2025-03-21 00:20:00;214.633;169.055; 85.830; 97.713;254.492
2025-03-21 00:25:00;215.193;168.643; 86.462; 95.665;257.324
2025-03-21 00:30:00;217.167;169.904; 86.580; 95.770;257.414
2025-03-21 00:35:00;214.827;169.158; 86.688; 96.069;255.534
2025-03-21 00:40:00;217.617;169.280; 86.134; 96.525;258.580
2025-03-21 00:45:00;215.743;170.592; 85.860; 95.811;254.514
2025-03-21 00:50:00;215.783;169.512; 87.002; 95.351;256.494
2025-03-21 00:55:00;214.760;168.123; 85.986; 95.125;256.860
2025-03-21 01:00:00;215.660;169.853; 86.228; 95.290;256.430
2025-03-21 01:05:00;215.757;168.704; 84.188; 96.945;253.934
2025-03-21 01:10:00;214.120;168.620; 86.870; 98.649;254.310
2025-03-21 01:15:00;215.517;168.977; 86.068; 94.403;257.078
2025-03-21 01:20:00;214.983;167.486; 85.764; 93.374;255.150
2025-03-21 01:25:00;218.883;170.228; 87.380; 95.525;254.782
2025-03-21 01:30:00;213.160;167.968; 85.880; 96.621;255.152
2025-03-21 01:35:00;215.997;169.535; 86.058; 95.414;256.016
2025-03-21 01:40:00;215.097;168.771; 86.420; 94.848;253.114
2025-03-21 01:45:00;217.150;168.945; 87.040; 96.450;255.332
2025-03-21 01:50:00;214.650;169.189; 86.488; 95.284;256.578
2025-03-21 01:55:00;215.814;168.811; 85.858; 94.609;254.270
2025-03-21 02:00:00;215.610;168.646; 86.696; 97.422;253.724
2025-03-21 02:05:00;215.247;169.408; 86.896; 95.441;256.120
2025-03-21 02:10:00;216.447;168.330; 84.300; 95.407;255.570
2025-03-21 02:15:00;214.817;166.841; 85.614; 95.957;254.044
2025-03-21 02:20:00;212.710;169.127; 85.938; 94.550;256.016
2025-03-21 02:25:00;213.180;168.057; 86.038; 95.158;257.054
2025-03-21 02:30:00;214.573;170.408; 86.308; 95.040;253.660
2025-03-21 02:35:00;213.503;169.941; 86.384; 93.971;252.932
2025-03-21 02:40:00;211.040;168.013; 87.520; 94.124;256.834
2025-03-21 02:45:00;214.963;168.295; 86.584; 95.711;256.576
2025-03-21 02:50:00;214.357;167.634; 85.900; 95.154;255.922
2025-03-21 02:55:00;215.930;169.940; 86.546; 96.963;254.450
2025-03-21 03:00:00;214.433;168.902; 88.800; 96.448;255.688
2025-03-21 03:05:00;217.067;166.573; 87.132; 94.925;258.500
2025-03-21 03:10:00;217.040;167.594; 88.594; 95.773;256.906
2025-03-21 03:15:00;215.300;170.472; 85.754; 95.299;254.526
2025-03-21 03:20:00;214.553;168.826; 86.216; 96.809;256.632
2025-03-21 03:25:00;213.727;168.488; 87.390; 97.400;255.972
2025-03-21 03:30:00;215.860;169.947; 86.332; 95.791;256.480
2025-03-21 03:35:00;216.897;167.784; 84.796; 96.952;255.846
2025-03-21 03:40:00;213.643;168.570; 87.190; 96.767;256.640
2025-03-21 03:45:00;216.237;168.676; 85.754; 96.943;256.848
2025-03-21 03:50:00;215.903;168.774; 85.928; 95.883;257.514
2025-03-21 03:55:00;213.550;169.836; 86.336; 95.769;256.960
2025-03-21 04:00:00;215.230;168.703; 86.414; 95.957;255.972
2025-03-21 04:05:00;217.044;166.342; 85.916; 96.007;258.070
2025-03-21 04:10:00;216.073;167.347; 86.724; 95.240;258.362
2025-03-21 04:15:00;216.263;170.108; 86.160; 96.563;256.344
2025-03-21 04:20:00;213.593;168.893; 86.890; 96.552;259.196
2025-03-21 04:25:00;213.003;168.800; 87.358; 97.638;260.714
2025-03-21 04:30:00;216.970;169.370; 86.742; 97.052;256.562
2025-03-21 04:35:00;216.603;170.335; 85.850; 97.092;258.306
2025-03-21 04:40:00;215.483;169.149; 87.042; 96.114;259.454
2025-03-21 04:45:00;212.734;168.706; 86.858; 96.462;255.638
2025-03-21 04:50:00;212.197;171.396; 85.966; 95.675;258.586
2025-03-21 04:55:00;214.160;168.832; 86.314; 96.989;259.434
2025-03-21 05:00:00;214.700;170.235; 86.580; 96.938;257.500
2025-03-21 05:05:00;215.570;169.732; 86.646; 96.185;255.438
2025-03-21 05:10:00;213.403;168.986; 86.980; 94.809;258.580
2025-03-21 05:15:00;214.153;169.074; 86.012; 95.527;256.940
2025-03-21 05:20:00;213.137;170.213; 85.546; 96.956;257.914
2025-03-21 05:25:00;214.823;168.081; 87.414; 97.032;258.702
2025-03-21 05:30:00;213.520;170.267; 87.336; 95.931;258.316
2025-03-21 05:35:00;214.670;171.147; 85.828; 97.020;257.906
2025-03-21 05:40:00;215.987;169.544; 85.282; 97.352;258.336
2025-03-21 05:45:00;215.933;171.338; 85.904; 96.936;258.076
2025-03-21 05:50:00;215.813;170.829; 85.944; 96.441;257.178
2025-03-21 05:55:00;213.213;169.246; 87.372; 97.179;257.122
2025-03-21 06:00:00;217.907;170.845; 85.412; 96.420;257.886
2025-03-21 06:05:00;216.700;170.867; 86.974; 95.863;258.868
2025-03-21 06:10:00;216.973;170.295; 85.730; 94.668;256.100
2025-03-21 06:15:00;214.627;169.725; 85.180; 95.141;255.558
2025-03-21 06:20:00;214.480;170.107; 85.328; 96.475;256.330
2025-03-21 06:25:00;214.457;168.587; 86.446; 95.590;259.904
2025-03-21 06:30:00;215.573;170.062; 87.370; 95.127;259.444
2025-03-21 06:35:00;215.460;170.066; 87.400; 96.542;255.424
2025-03-21 06:40:00;213.683;172.961; 85.926; 96.291;257.432
2025-03-21 06:45:00;213.587;170.757; 87.652; 97.827;257.830
2025-03-21 06:50:00;213.590;172.063; 86.580; 97.493;256.268
2025-03-21 06:55:00;214.990;169.543; 85.628; 96.303;259.292
2025-03-21 07:00:00;214.657;170.508; 85.488; 96.130;255.662
2025-03-21 07:05:00;216.680;170.184; 86.658; 97.418;257.038
2025-03-21 07:10:00;214.813;169.671; 86.390; 95.235;258.990
2025-03-21 07:15:00;216.003;172.402; 86.682; 96.359;259.828
2025-03-21 07:20:00;213.610;169.089; 86.784; 96.049;258.608
2025-03-21 07:25:00;214.587;171.357; 87.262; 97.786;257.294
2025-03-21 07:30:00;215.683;169.161; 85.748; 96.886;259.008
2025-03-21 07:35:00;214.863;169.658; 85.300; 95.028;258.034
2025-03-21 07:40:00;216.057;169.501; 86.470; 96.410;259.256
2025-03-21 07:45:00;217.097;168.661; 86.548; 95.831;257.330
2025-03-21 07:50:00;215.987;169.654; 86.350; 97.267;256.502
2025-03-21 07:55:00;211.843;172.418; 85.786; 98.619;257.442
2025-03-21 08:00:00;213.407;170.442; 85.672; 96.820;259.776
2025-03-21 08:05:00;213.177;171.766; 86.696; 95.911;257.300
2025-03-21 08:10:00;215.173;168.722; 86.858; 96.744;257.938
2025-03-21 08:15:00;216.933;170.133; 85.550; 96.069;257.252
2025-03-21 08:20:00;217.683;171.469; 87.064; 96.042;256.890
2025-03-21 08:25:00;213.720;169.629; 85.774; 97.431;257.794
2025-03-21 08:30:00;213.757;168.358; 85.546; 95.069;257.836
2025-03-21 08:35:00;216.200;169.538; 86.384; 95.995;256.534
2025-03-21 08:40:00;213.977;170.593; 85.976; 95.613;257.060
2025-03-21 08:45:00;214.560;171.937; 87.332; 95.977;255.862
2025-03-21 08:50:00;214.537;169.027; 87.090; 97.618;256.656
2025-03-21 08:55:00;216.003;169.600; 87.056; 94.395;258.078
2025-03-21 09:00:00;214.777;170.032; 87.020; 96.198;256.534
2025-03-21 09:05:00;214.493;169.227; 86.496; 96.199;256.752
2025-03-21 09:10:00;216.233;170.289; 86.402; 94.423;257.590
2025-03-21 09:15:00;213.630;171.558; 86.116; 96.818;257.556
2025-03-21 09:20:00;217.673;172.445; 87.268; 95.637;258.760
2025-03-21 09:25:00;214.233;169.011; 86.464; 94.811;258.136
2025-03-21 09:30:00;213.883;170.543; 85.938; 94.913;256.402
2025-03-21 09:35:00;215.310;169.955; 87.436; 95.140;256.916
2025-03-21 09:40:00;212.730;172.206; 87.436; 95.980;258.810
2025-03-21 09:45:00;214.207;171.107; 87.464; 95.531;256.438
2025-03-21 09:50:00;215.510;168.845; 86.024; 95.727;255.770
2025-03-21 09:55:00;214.517;170.301; 88.414; 95.018;257.652
2025-03-21 10:00:00;216.340;171.200; 86.642; 95.447;257.124
2025-03-21 10:05:00;214.520;170.197; 86.718; 94.375;259.428
2025-03-21 10:10:00;213.793;170.219; 86.740; 95.041;260.606
2025-03-21 10:15:00;214.260;172.150; 88.248; 95.188;257.636
2025-03-21 10:20:00;216.790;169.626; 86.618; 97.305;259.328
2025-03-21 10:25:00;216.163;170.897; 87.314; 96.378;259.126
2025-03-21 10:30:00;213.230;168.903; 87.132; 95.979;257.626
2025-03-21 10:35:00;216.743;169.826; 85.854; 95.848;258.998
2025-03-21 10:40:00;214.470;169.288; 85.358; 98.005;258.810
2025-03-21 10:45:00;213.530;169.627; 86.768; 95.002;257.314
2025-03-21 10:50:00;217.597;168.929; 86.946; 96.261;256.760
2025-03-21 10:55:00;216.230;168.400; 87.388; 95.552;256.752
2025-03-21 11:00:00;214.423;168.915; 89.178; 94.873;256.496
2025-03-21 11:05:00;215.187;167.948; 87.572; 95.778;258.188
2025-03-21 11:10:00;213.230;168.638; 86.842; 94.109;258.208
2025-03-21 11:15:00;212.437;170.280; 85.738; 95.920;255.610
2025-03-21 11:20:00;215.837;167.759; 85.774; 97.234;258.406
2025-03-21 11:25:00;213.530;169.872; 86.418; 95.126;257.902
2025-03-21 11:30:00;213.317;169.558; 87.820; 95.523;256.860
2025-03-21 11:35:00;218.400;168.722; 87.180; 95.782;256.608
2025-03-21 11:40:00;217.160;168.781; 87.042; 96.206;257.996
2025-03-21 11:45:00;214.087;168.277; 87.202; 94.932;257.362
2025-03-21 11:50:00;213.823;171.184; 86.276; 95.415;256.580
2025-03-21 11:55:00;215.517;169.177; 87.378; 96.029;256.362
2025-03-21 12:00:00;212.823;167.517; 85.296; 95.971;257.108
2025-03-21 12:05:00;214.667;168.387; 86.100; 95.173;255.832
2025-03-21 12:10:00;214.163;165.053; 87.402; 94.878;258.416
2025-03-21 12:15:00;214.487;166.711; 85.258; 96.032;257.526
2025-03-21 12:20:00;213.530;168.627; 85.232; 96.262;255.830
2025-03-21 12:25:00;213.463;167.906; 86.782; 94.645;257.820
2025-03-21 12:30:00;214.710;168.018; 86.484; 94.472;255.918
2025-03-21 12:35:00;211.760;168.553; 87.224; 94.820;258.972
2025-03-21 12:40:00;214.320;167.713; 87.718; 96.190;256.230
2025-03-21 12:45:00;216.113;170.515; 87.510; 94.785;256.346
2025-03-21 12:50:00;213.400;168.496; 87.150; 95.456;255.886
2025-03-21 12:55:00;213.293;168.335; 86.858; 95.140;257.418
2025-03-21 13:00:00;215.357;169.263; 85.822; 96.553;257.450
2025-03-21 13:05:00;214.547;169.112; 87.058; 95.838;257.560
2025-03-21 13:10:00;215.913;169.202; 83.896; 96.229;259.624
2025-03-21 13:15:00;214.670;167.954; 86.478; 97.249;258.130
2025-03-21 13:20:00;213.397;170.324; 86.474; 94.834;256.884
2025-03-21 13:25:00;214.180;168.948; 86.216; 95.613;256.182
2025-03-21 13:30:00;213.110;169.482; 86.358; 95.774;257.794
2025-03-21 13:35:00;213.707;167.034; 88.304; 95.794;255.748
2025-03-21 13:40:00;215.107;168.082; 87.624; 95.202;254.906
2025-03-21 13:45:00;212.150;166.038; 85.618; 96.779;257.242
2025-03-21 13:50:00;213.137;168.919; 85.668; 95.328;257.440
2025-03-21 13:55:00;212.153;168.740; 85.980; 95.182;255.022
2025-03-21 14:00:00;212.050;167.822; 85.900; 97.965;257.298
2025-03-21 14:05:00;213.937;168.066; 87.772; 94.940;253.670
2025-03-21 14:10:00;210.313;169.489; 86.084; 94.540;254.240
2025-03-21 14:15:00;216.170;167.298; 87.494; 95.736;254.196
2025-03-21 14:20:00;209.667;166.211; 84.936; 95.108;254.576
2025-03-21 14:25:00;212.724;167.317; 86.572; 94.048;256.014
2025-03-21 14:30:00;214.727;168.546; 86.604; 94.828;254.834
2025-03-21 14:35:00;212.586;168.260; 85.852; 96.683;257.648
2025-03-21 14:40:00;212.853;168.034; 86.092; 94.515;257.570
2025-03-21 14:45:00;213.273;166.029; 86.010; 93.892;253.956
2025-03-21 14:50:00;213.737;166.288; 85.548; 94.152;256.130
2025-03-21 14:55:00;212.337;165.085; 85.230; 93.871;256.960
2025-03-21 15:00:00;213.753;166.859; 86.730; 94.904;257.026
2025-03-21 15:05:00;211.773;167.388; 85.960; 94.572;254.428
2025-03-21 15:10:00;216.067;166.304; 85.912; 93.820;256.308
2025-03-21 15:15:00;209.847;168.495; 86.024; 96.287;255.896
2025-03-21 15:20:00;213.627;168.139; 86.720; 96.184;257.790
2025-03-21 15:25:00;213.110;164.575; 86.732; 95.928;256.534
2025-03-21 15:30:00;211.027;164.234; 85.768; 96.019;256.316
2025-03-21 15:35:00;214.373;167.138; 85.956; 96.353;256.838
2025-03-21 15:40:00;212.307;165.532; 85.556; 95.087;253.832
2025-03-21 15:45:00;213.037;166.078; 86.482; 94.481;254.518
2025-03-21 15:50:00;212.137;164.117; 84.518; 94.478;255.562
2025-03-21 15:55:00;210.623;167.995; 85.860; 97.425;254.550
2025-03-21 16:00:00;213.097;166.569; 85.650; 94.704;257.546
2025-03-21 16:05:00;214.797;165.085; 85.426; 96.467;252.416
2025-03-21 16:10:00;214.253;169.322; 85.942; 94.493;254.192
2025-03-21 16:15:00;210.877;164.672; 84.474; 93.406;255.744
2025-03-21 16:20:00;213.927;166.134; 85.854; 94.036;254.498
2025-03-21 16:25:00;209.570;163.817; 85.496; 94.981;258.000
2025-03-21 16:30:00;211.353;165.173; 85.386; 93.987;256.446
2025-03-21 16:35:00;212.683;165.733; 84.758; 97.060;256.224
2025-03-21 16:40:00;211.253;166.179; 84.714; 93.397;254.760
2025-03-21 16:45:00;210.680;164.471; 84.442; 94.400;254.952
2025-03-21 16:50:00;213.994;166.874; 84.402; 94.411;256.398
2025-03-21 16:55:00;209.740;165.504; 85.776; 92.215;254.142
2025-03-21 17:00:00;210.750;163.143; 85.628; 93.669;256.868
2025-03-21 17:05:00;211.560;165.649; 84.832; 94.494;254.604
2025-03-21 17:10:00;210.173;165.400; 84.444; 94.659;256.966
2025-03-21 17:15:00;210.810;164.369; 87.516; 94.044;256.172
2025-03-21 17:20:00;210.150;166.957; 87.644; 93.717;255.788
2025-03-21 17:25:00;211.157;164.940; 86.518; 94.581;256.058
2025-03-21 17:30:00;210.300;165.349; 86.652; 93.230;254.478
2025-03-21 17:35:00;212.903;165.294; 85.372; 93.489;255.278
2025-03-21 17:40:00;210.583;164.425; 86.224; 95.960;255.820
2025-03-21 17:45:00;211.610;165.272; 85.992; 95.067;254.568
2025-03-21 17:50:00;211.247;163.997; 85.228; 92.962;252.888
2025-03-21 17:55:00;211.940;165.010; 85.454; 92.334;254.758
2025-03-21 18:00:00;212.320;164.901; 84.722; 94.963;255.002
2025-03-21 18:05:00;211.103;165.837; 85.490; 96.156;255.850
2025-03-21 18:10:00;209.493;166.520; 84.720; 94.950;255.812
2025-03-21 18:15:00;209.520;166.023; 86.536; 94.416;253.920
2025-03-21 18:20:00;208.120;165.171; 85.338; 95.211;253.714
2025-03-21 18:25:00;209.330;167.168; 84.134; 93.967;253.572
2025-03-21 18:30:00;211.946;166.464; 85.018; 94.890;255.604
2025-03-21 18:35:00;214.170;164.607; 86.184; 95.348;252.954
2025-03-21 18:40:00;211.783;163.735; 88.470; 95.113;252.780
2025-03-21 18:45:00;210.887;166.002; 82.900; 94.286;256.248
2025-03-21 18:50:00;208.993;166.283; 85.582; 95.199;257.048
2025-03-21 18:55:00;212.836;167.493; 86.766; 95.966;253.936
2025-03-21 19:00:00;210.497;166.176; 87.000; 93.898;254.896
2025-03-21 19:05:00;213.910;166.026; 86.826; 95.141;254.316
2025-03-21 19:10:00;210.653;165.483; 86.678; 93.501;257.950
2025-03-21 19:15:00;213.703;166.572; 87.416; 96.433;254.518
2025-03-21 19:20:00;211.020;165.157; 85.572; 94.002;257.308
2025-03-21 19:25:00;214.897;164.372; 86.196; 95.632;256.248
2025-03-21 19:30:00;213.483;166.865; 85.430; 94.716;258.920
2025-03-21 19:35:00;213.543;166.168; 85.784; 94.859;253.088
2025-03-21 19:40:00;212.150;166.088; 85.312; 95.230;255.954
2025-03-21 19:45:00;215.913;169.222; 86.664; 93.991;258.180
2025-03-21 19:50:00;215.577;165.576; 85.722; 94.541;255.998
2025-03-21 19:55:00;215.320;166.791; 87.226; 93.591;256.020
2025-03-21 20:00:00;212.607;166.638; 85.108; 94.851;256.738
2025-03-21 20:05:00;210.987;166.101; 86.282; 95.510;255.404
2025-03-21 20:10:00;214.677;165.919; 86.834; 94.709;258.106
2025-03-21 20:15:00;213.790;167.883; 87.876; 92.728;255.772
2025-03-21 20:20:00;213.487;167.523; 85.972; 93.877;253.500
2025-03-21 20:25:00;215.877;166.764; 86.066; 95.480;253.130
2025-03-21 20:30:00;215.593;165.634; 85.078; 93.416;256.732
2025-03-21 20:35:00;215.423;165.388; 85.036; 92.830;255.294
2025-03-21 20:40:00;213.020;167.904; 85.736; 92.580;255.934
2025-03-21 20:45:00;213.067;167.432; 84.758; 96.874;254.950
2025-03-21 20:50:00;214.207;166.749; 88.558; 93.992;256.322
2025-03-21 20:55:00;215.110;166.320; 86.796; 94.430;256.634
2025-03-21 21:00:00;214.190;165.197; 87.498; 93.469;255.536
2025-03-21 21:05:00;212.820;166.527; 85.196; 92.731;254.692
2025-03-21 21:10:00;216.133;164.705; 86.388; 94.790;257.728
2025-03-21 21:15:00;214.007;164.368; 85.696; 94.085;256.578
2025-03-21 21:20:00;212.913;163.606; 87.982; 94.135;254.742
2025-03-21 21:25:00;216.957;165.006; 85.748; 93.750;257.498
2025-03-21 21:30:00;211.593;163.523; 87.274; 94.827;255.332
2025-03-21 21:35:00;213.443;166.345; 87.926; 94.165;254.970
2025-03-21 21:40:00;211.043;166.020; 85.614; 91.817;252.706
2025-03-21 21:45:00;210.447;164.556; 86.048; 93.381;256.160
2025-03-21 21:50:00;213.193;164.623; 86.686; 93.384;255.668
2025-03-21 21:55:00;211.297;163.253; 86.620; 93.220;256.036
2025-03-21 22:00:00;212.137;162.755; 85.626; 93.671;253.260
2025-03-21 22:05:00;210.603;166.230; 87.570; 93.736;252.274
2025-03-21 22:10:00;212.340;163.361; 87.064; 92.485;254.638
2025-03-21 22:15:00;212.817;163.458; 86.564; 94.226;256.458
2025-03-21 22:20:00;215.630;164.256; 84.826; 93.274;257.384
2025-03-21 22:25:00;214.530;163.077; 86.470; 92.764;255.426
2025-03-21 22:30:00;214.417;165.920; 85.144; 92.911;253.258
2025-03-21 22:35:00;211.133;163.034; 85.446; 94.518;253.902
2025-03-21 22:40:00;214.010;164.493; 86.320; 93.053;253.834
2025-03-21 22:45:00;213.350;163.428; 84.752; 93.542;255.808
2025-03-21 22:50:00;212.280;163.389; 85.798; 93.630;252.910
2025-03-21 22:55:00;213.920;164.229; 87.078; 93.318;252.472
2025-03-21 23:00:00;214.750;166.457; 85.866; 92.781;253.348
2025-03-21 23:05:00;211.790;165.657; 86.822; 93.486;253.792
2025-03-21 23:10:00;214.577;164.170; 86.324; 95.031;252.084
2025-03-21 23:15:00;214.917;163.807; 85.200; 95.064;251.050
2025-03-21 23:20:00;213.120;161.782; 85.660; 92.733;251.390
2025-03-21 23:25:00;213.080;164.175; 85.832; 91.754;251.398
2025-03-21 23:30:00;210.667;164.291; 85.794; 93.866;253.094
2025-03-21 23:35:00;213.976;163.573; 85.002; 94.054;253.126
2025-03-21 23:40:00;211.447;163.156; 86.744; 93.143;253.148
2025-03-21 23:45:00;213.130;165.355; 86.298; 93.678;251.942
2025-03-21 23:50:00;212.133;164.523; 85.660; 94.391;251.834
2025-03-21 23:55:00;214.567;165.721; 86.278; 92.239;249.860
2025-03-22 00:00:00;212.020;165.839; 86.830; 94.223;251.558
2025-03-22 00:05:00;213.600;163.937; 85.966; 92.413;251.142
2025-03-22 00:10:00;214.113;165.312; 86.408; 93.348;250.796
2025-03-22 00:15:00;213.933;165.481; 84.574; 93.426;251.004
2025-03-22 00:20:00;212.887;164.015; 86.634; 92.711;248.134
2025-03-22 00:25:00;212.633;164.436; 86.468; 93.636;248.300
2025-03-22 00:30:00;214.183;166.366; 87.942; 91.890;249.580
2025-03-22 00:35:00;213.940;163.581; 86.580; 93.731;248.536
2025-03-22 00:40:00;214.593;162.910; 85.046; 93.173;245.982
2025-03-22 00:45:00;211.890;165.756; 87.938; 94.744;249.502
2025-03-22 00:50:00;213.053;164.170; 86.158; 93.297;248.498
2025-03-22 00:55:00;211.357;165.169; 84.696; 93.329;249.144
2025-03-22 01:00:00;213.103;164.972; 85.844; 94.196;246.586
2025-03-22 01:05:00;211.910;166.088; 86.342; 91.741;248.252
2025-03-22 01:10:00;212.653;163.741; 86.052; 93.544;250.024
2025-03-22 01:15:00;211.953;165.223; 85.202; 94.029;250.480
2025-03-22 01:20:00;211.833;165.338; 85.492; 93.163;250.578
2025-03-22 01:25:00;213.647;164.995; 84.330; 92.595;250.990
2025-03-22 01:30:00;213.530;164.208; 86.546; 92.296;250.186
2025-03-22 01:35:00;212.646;165.969; 85.806; 94.622;249.576
2025-03-22 01:40:00;212.223;164.388; 86.112; 93.384;250.154
2025-03-22 01:45:00;212.983;165.843; 85.828; 95.499;248.658
2025-03-22 01:50:00;212.116;164.569; 86.564; 92.302;248.086
2025-03-22 01:55:00;211.290;166.060; 86.352; 93.680;249.088
2025-03-22 02:00:00;211.350;166.462; 85.662; 93.272;249.700
2025-03-22 02:05:00;213.260;168.915; 87.468; 94.692;250.072
2025-03-22 02:10:00;213.487;165.908; 84.430; 93.525;249.012
2025-03-22 02:15:00;213.527;164.695; 85.984; 94.524;248.218
2025-03-22 02:20:00;213.983;164.065; 84.656; 93.459;250.822
2025-03-22 02:25:00;215.843;166.470; 85.002; 93.147;248.704
2025-03-22 02:30:00;211.880;167.195; 86.328; 92.841;251.220
2025-03-22 02:35:00;212.093;165.063; 86.332; 94.375;250.496
2025-03-22 02:40:00;215.053;166.327; 85.884; 94.321;248.558
2025-03-22 02:45:00;212.013;165.870; 86.262; 93.271;250.970
2025-03-22 02:50:00;213.593;167.149; 86.458; 92.441;251.452
2025-03-22 02:55:00;212.890;163.834; 85.752; 95.393;250.750
2025-03-22 03:00:00;211.490;165.418; 86.308; 94.473;249.564
2025-03-22 03:05:00;212.300;164.314; 86.052; 93.538;250.128
2025-03-22 03:10:00;208.793;165.882; 84.600; 95.175;250.942
2025-03-22 03:15:00;210.623;164.822; 85.220; 95.158;250.006
2025-03-22 03:20:00;214.033;165.660; 84.948; 94.249;249.328
2025-03-22 03:25:00;211.117;165.524; 86.724; 94.237;250.340
2025-03-22 03:30:00;212.920;164.316; 85.762; 92.483;250.420
2025-03-22 03:35:00;211.653;164.310; 85.084; 95.231;249.182
2025-03-22 03:40:00;211.750;164.122; 85.612; 93.408;248.722
2025-03-22 03:45:00;211.960;163.036; 86.310; 91.895;249.620
2025-03-22 03:50:00;210.017;163.121; 86.080; 93.552;247.398
2025-03-22 03:55:00;211.830;165.922; 85.536; 92.248;249.124
2025-03-22 04:00:00;211.960;165.133; 85.864; 93.564;249.500
2025-03-22 04:05:00;211.970;163.346; 85.784; 93.953;246.946
2025-03-22 04:10:00;210.000;164.378; 85.414; 93.385;246.280
2025-03-22 04:15:00;210.477;162.601; 84.786; 93.939;245.212
2025-03-22 04:20:00;210.217;165.763; 85.566; 94.297;247.214
2025-03-22 04:25:00;209.597;166.328; 84.036; 93.770;247.328
2025-03-22 04:30:00;209.893;165.168; 84.140; 95.469;247.786
2025-03-22 04:35:00;211.903;167.456; 84.694; 93.763;244.588
2025-03-22 04:40:00;211.773;165.215; 86.058; 93.203;246.958
2025-03-22 04:45:00;212.307;165.604; 83.532; 92.974;248.770
2025-03-22 04:50:00;212.157;164.770; 84.674; 93.868;249.252
2025-03-22 04:55:00;211.623;166.685; 83.836; 92.421;245.014
2025-03-22 05:00:00;211.733;166.293; 85.052; 93.035;248.782
2025-03-22 05:05:00;212.080;165.981; 84.726; 92.723;250.008
2025-03-22 05:10:00;210.717;168.772; 84.966; 95.222;247.926
2025-03-22 05:15:00;209.500;165.499; 84.804; 92.796;247.332
2025-03-22 05:20:00;209.650;168.405; 85.176; 93.074;248.858
2025-03-22 05:25:00;206.837;163.178; 84.140; 95.765;247.834
2025-03-22 05:30:00;211.003;165.628; 85.780; 93.697;248.636
2025-03-22 05:35:00;209.770;167.972; 83.964; 93.182;248.742
2025-03-22 05:40:00;211.143;167.539; 85.050; 92.237;249.700
2025-03-22 05:45:00;211.047;167.360; 84.288; 93.461;246.970
2025-03-22 05:50:00;211.217;164.721; 85.226; 96.201;247.416
2025-03-22 05:55:00;211.110;166.481; 84.904; 92.689;247.262
2025-03-22 06:00:00;210.397;166.265; 83.824; 95.206;247.802
2025-03-22 06:05:00;208.750;165.880; 84.212; 95.415;247.288
2025-03-22 06:10:00;210.730;168.254; 85.354; 93.386;248.668
2025-03-22 06:15:00;208.217;169.919; 83.576; 92.639;247.652
2025-03-22 06:20:00;213.144;167.759; 83.928; 91.619;247.872
2025-03-22 06:25:00;210.580;169.799; 84.894; 95.165;250.116
2025-03-22 06:30:00;210.133;168.070; 83.844; 93.873;248.350
2025-03-22 06:35:00;212.166;168.307; 84.600; 92.808;248.252
2025-03-22 06:40:00;209.550;169.183; 84.904; 93.647;247.110
2025-03-22 06:45:00;210.880;169.660; 85.962; 93.091;245.184
2025-03-22 06:50:00;211.180;167.100; 84.440; 93.798;247.472
2025-03-22 06:55:00;210.390;167.519; 84.422; 93.433;249.438
2025-03-22 07:00:00;209.090;169.841; 83.684; 93.976;247.918
2025-03-22 07:05:00;210.707;167.316; 84.208; 92.699;247.956
2025-03-22 07:10:00;210.250;169.147; 83.306; 94.236;247.056
2025-03-22 07:15:00;209.160;168.404; 84.532; 94.108;248.550
2025-03-22 07:20:00;209.043;168.788; 84.402; 92.892;247.414
2025-03-22 07:25:00;208.807;169.692; 84.206; 93.868;248.228
2025-03-22 07:30:00;208.300;169.676; 84.822; 94.334;248.502
2025-03-22 07:35:00;210.763;167.778; 86.672; 93.352;248.266
2025-03-22 07:40:00;209.617;169.172; 84.226; 94.458;250.250
2025-03-22 07:45:00;209.557;167.436; 83.144; 93.842;247.624
2025-03-22 07:50:00;210.700;166.960; 83.682; 93.741;245.530
2025-03-22 07:55:00;210.917;167.669; 84.266; 94.737;247.316
2025-03-22 08:00:00;211.630;167.277; 85.492; 94.089;248.514
2025-03-22 08:05:00;210.200;168.987; 85.494; 92.306;246.076
2025-03-22 08:10:00;210.910;170.180; 84.006; 93.902;246.136
2025-03-22 08:15:00;208.580;170.152; 86.194; 94.557;249.420
2025-03-22 08:20:00;208.453;168.639; 86.934; 95.333;248.708
2025-03-22 08:25:00;210.843;169.169; 84.892; 95.874;246.158
2025-03-22 08:30:00;213.077;167.678; 83.622; 94.737;248.274
2025-03-22 08:35:00;212.697;170.920; 84.312; 95.972;249.886
2025-03-22 08:40:00;212.187;171.210; 83.966; 94.470;246.340
2025-03-22 08:45:00;212.170;167.834; 83.294; 97.416;248.794
2025-03-22 08:50:00;212.096;169.186; 83.576; 94.478;247.474
2025-03-22 08:55:00;211.127;168.635; 85.510; 95.494;248.792
2025-03-22 09:00:00;210.667;169.887; 84.490; 95.287;248.698
2025-03-22 09:05:00;209.840;167.489; 83.792; 97.195;248.344
2025-03-22 09:10:00;209.703;167.520; 84.574; 96.423;249.090
2025-03-22 09:15:00;210.780;168.642; 86.076; 96.673;250.106
2025-03-22 09:20:00;212.740;167.468; 84.060; 93.682;248.550
2025-03-22 09:25:00;211.853;168.106; 85.722; 95.649;249.462
2025-03-22 09:30:00;210.700;168.161; 84.700; 95.707;250.342
2025-03-22 09:35:00;211.870;165.722; 84.706; 96.417;247.220
2025-03-22 09:40:00;212.680;168.939; 85.450; 94.988;247.868
2025-03-22 09:45:00;210.060;170.649; 84.908; 93.851;248.826
2025-03-22 09:50:00;210.367;169.427; 84.780; 96.368;250.618
2025-03-22 09:55:00;211.953;168.002; 85.464; 94.637;250.918
2025-03-22 10:00:00;209.827;168.618; 85.110; 96.153;248.504
2025-03-22 10:05:00;212.127;166.551; 83.016; 94.017;248.790
2025-03-22 10:10:00;210.960;167.169; 85.566; 94.553;246.292
2025-03-22 10:15:00;213.357;168.044; 85.194; 95.035;249.684
2025-03-22 10:20:00;210.830;166.526; 85.798; 95.345;248.654
2025-03-22 10:25:00;212.390;169.206; 84.092; 95.256;248.906
2025-03-22 10:30:00;209.863;167.409; 85.148; 94.159;248.308
2025-03-22 10:35:00;212.033;168.537; 85.092; 94.236;250.236
2025-03-22 10:40:00;211.380;166.634; 84.554; 95.132;249.526
2025-03-22 10:45:00;211.447;168.796; 85.822; 96.310;250.490
2025-03-22 10:50:00;210.460;166.862; 84.524; 95.863;249.174
2025-03-22 10:55:00;211.263;168.865; 84.218; 95.185;249.054
2025-03-22 11:00:00;209.890;168.817; 82.928; 95.699;251.068
2025-03-22 11:05:00;210.993;167.640; 85.082; 95.219;249.324
2025-03-22 11:10:00;210.000;167.195; 83.796; 95.719;248.448
2025-03-22 11:15:00;212.320;168.104; 83.856; 95.807;249.438
2025-03-22 11:20:00;211.477;165.690; 84.856; 94.143;249.052
2025-03-22 11:25:00;210.307;167.288; 85.048; 95.898;250.654
2025-03-22 11:30:00;214.567;166.393; 84.638; 96.116;246.186
2025-03-22 11:35:00;212.567;166.310; 85.408; 95.682;248.404
2025-03-22 11:40:00;210.997;166.820; 85.408; 95.549;248.212
2025-03-22 11:45:00;208.570;167.935; 85.604; 94.550;249.064
2025-03-22 11:50:00;212.313;167.345; 85.226; 97.571;251.090
2025-03-22 11:55:00;213.197;167.529; 85.684; 94.431;248.800
2025-03-22 12:00:00;209.890;165.739; 86.172; 94.290;250.328
2025-03-22 12:05:00;213.523;169.175; 84.626; 95.135;247.956
2025-03-22 12:10:00;211.923;167.218; 86.074; 95.339;250.116
2025-03-22 12:15:00;211.087;167.977; 85.074; 94.452;250.524
2025-03-22 12:20:00;212.287;165.947; 85.430; 94.916;249.804
2025-03-22 12:25:00;211.660;167.198; 84.178; 96.875;248.768
2025-03-22 12:30:00;211.184;167.705; 85.760; 95.705;250.748
2025-03-22 12:35:00;210.177;167.833; 83.838; 96.673;249.540
2025-03-22 12:40:00;213.593;169.675; 85.146; 95.079;250.746
2025-03-22 12:45:00;211.383;168.321; 84.648; 95.544;249.902
2025-03-22 12:50:00;212.833;167.946; 83.514; 93.768;249.724
2025-03-22 12:55:00;213.160;169.300; 85.278; 95.371;251.186
2025-03-22 13:00:00;211.910;167.981; 85.432; 93.804;250.608
2025-03-22 13:05:00;210.623;168.817; 85.718; 96.015;251.182
2025-03-22 13:10:00;212.980;166.165; 85.806; 95.522;247.660
2025-03-22 13:15:00;211.770;168.602; 85.398; 96.191;251.876
2025-03-22 13:20:00;211.450;170.171; 84.898; 96.897;252.024
2025-03-22 13:25:00;212.243;169.003; 84.288; 95.336;252.358
2025-03-22 13:30:00;211.523;167.967; 84.706; 95.442;252.592
2025-03-22 13:35:00;213.713;169.509; 85.574; 95.582;252.100
2025-03-22 13:40:00;213.170;171.967; 85.776; 96.674;251.982
2025-03-22 13:45:00;212.953;170.221; 86.440; 93.722;253.446
2025-03-22 13:50:00;211.380;169.694; 85.750; 96.710;252.788
2025-03-22 13:55:00;212.493;169.829; 84.576; 95.509;252.944
2025-03-22 14:00:00;213.983;172.241; 84.948; 94.773;250.850
2025-03-22 14:05:00;214.333;170.012; 84.852; 93.882;251.042
2025-03-22 14:10:00;213.670;168.746; 84.678; 93.689;251.444
2025-03-22 14:15:00;212.163;171.672; 85.848; 95.606;251.382
2025-03-22 14:20:00;214.360;169.961; 83.276; 95.701;251.748
2025-03-22 14:25:00;215.253;170.011; 84.576; 96.589;251.408
2025-03-22 14:30:00;215.317;167.720; 86.310; 94.174;250.940
2025-03-22 14:35:00;212.176;170.917; 85.110; 96.535;254.012
2025-03-22 14:40:00;213.157;170.917; 85.190; 93.915;252.182
2025-03-22 14:45:00;212.990;170.397; 85.898; 94.963;251.606
2025-03-22 14:50:00;211.243;168.488; 84.848; 95.211;251.452
2025-03-22 14:55:00;214.083;167.461; 83.954; 95.958;252.472
2025-03-22 15:00:00;214.223;168.807; 87.016; 95.179;252.602
2025-03-22 15:05:00;213.263;168.577; 85.598; 93.712;256.322
2025-03-22 15:10:00;212.700;167.348; 85.454; 93.114;252.528
2025-03-22 15:15:00;213.137;167.110; 86.928; 95.171;252.528
2025-03-22 15:20:00;215.543;168.586; 85.746; 96.117;252.222
2025-03-22 15:25:00;214.037;168.380; 86.106; 94.307;252.612
2025-03-22 15:30:00;211.903;167.805; 85.356; 97.938;253.854
2025-03-22 15:35:00;212.363;167.747; 84.738; 95.312;254.954
2025-03-22 15:40:00;214.423;168.163; 85.702; 93.383;253.798
2025-03-22 15:45:00;214.450;168.621; 84.088; 97.449;254.596
2025-03-22 15:50:00;211.527;167.856; 84.920; 94.054;253.274
2025-03-22 15:55:00;213.343;167.255; 86.588; 95.317;253.800
2025-03-22 16:00:00;213.233;167.261; 84.310; 95.544;250.452
2025-03-22 16:05:00;211.963;169.326; 85.018; 94.346;253.476
2025-03-22 16:10:00;213.450;169.894; 86.570; 94.729;254.092
2025-03-22 16:15:00;213.187;168.860; 85.618; 93.912;253.418
2025-03-22 16:20:00;215.030;169.404; 85.026; 95.997;253.110
2025-03-22 16:25:00;215.113;167.320; 86.042; 94.783;248.968
2025-03-22 16:30:00;214.060;168.808; 85.128; 96.420;254.596
2025-03-22 16:35:00;212.097;169.490; 85.182; 95.368;252.954
2025-03-22 16:40:00;214.473;170.289; 86.366; 94.718;254.172
2025-03-22 16:45:00;213.010;170.835; 85.934; 95.444;252.920
2025-03-22 16:50:00;215.920;170.499; 87.360; 96.322;253.374
2025-03-22 16:55:00;215.993;171.373; 86.570; 95.250;254.750
2025-03-22 17:00:00;214.877;172.669; 86.298; 93.469;252.268
2025-03-22 17:05:00;214.943;170.342; 87.414; 96.099;253.302
2025-03-22 17:10:00;215.147;169.350; 85.902; 95.673;253.224
2025-03-22 17:15:00;215.787;168.604; 87.196; 94.570;254.006
2025-03-22 17:20:00;212.200;171.930; 87.014; 96.350;254.082
2025-03-22 17:25:00;215.980;169.652; 87.416; 95.466;253.392
2025-03-22 17:30:00;215.800;170.205; 87.592; 96.858;253.690
2025-03-22 17:35:00;211.480;170.422; 87.996; 96.571;254.022
2025-03-22 17:40:00;215.683;172.177; 86.242; 95.381;255.006
2025-03-22 17:45:00;214.740;170.302; 85.480; 95.866;256.304
2025-03-22 17:50:00;213.607;170.652; 86.686; 94.316;254.768
2025-03-22 17:55:00;214.133;169.517; 87.068; 95.281;255.630
2025-03-22 18:00:00;215.700;169.835; 87.248; 95.351;258.236
2025-03-22 18:05:00;216.087;167.480; 87.654; 95.476;258.370
2025-03-22 18:10:00;213.237;170.322; 86.124; 95.654;256.218
2025-03-22 18:15:00;216.353;169.517; 85.968; 94.650;254.998
2025-03-22 18:20:00;217.327;169.433; 88.568; 95.997;258.612
2025-03-22 18:25:00;215.800;168.352; 87.448; 95.429;256.280
2025-03-22 18:30:00;215.730;168.410; 87.976; 95.595;256.236
2025-03-22 18:35:00;213.480;169.351; 87.086; 94.263;257.754
2025-03-22 18:40:00;213.723;169.034; 87.192; 93.736;255.944
2025-03-22 18:45:00;216.813;167.924; 86.862; 94.344;257.344
2025-03-22 18:50:00;213.873;168.447; 87.508; 96.339;256.576
2025-03-22 18:55:00;216.003;169.539; 88.738; 95.236;256.014
2025-03-22 19:00:00;213.603;168.506; 88.436; 94.382;255.878
2025-03-22 19:05:00;213.697;166.978; 87.906; 94.112;257.168
2025-03-22 19:10:00;214.773;168.506; 87.108; 96.363;255.036
2025-03-22 19:15:00;213.820;168.800; 87.534; 94.596;255.746
2025-03-22 19:20:00;215.630;168.190; 87.820; 94.729;257.170
2025-03-22 19:25:00;214.637;167.232; 87.466; 96.097;255.058
2025-03-22 19:30:00;215.110;167.223; 88.196; 95.183;254.380
2025-03-22 19:35:00;214.123;166.648; 86.590; 94.980;255.698
2025-03-22 19:40:00;216.213;168.079; 86.902; 94.682;255.734
2025-03-22 19:45:00;215.890;166.870; 86.776; 94.197;256.754
2025-03-22 19:50:00;212.530;167.794; 86.980; 94.626;258.876
2025-03-22 19:55:00;216.730;167.144; 86.480; 93.607;259.120
2025-03-22 20:00:00;214.823;167.560; 87.636; 95.152;257.492
2025-03-22 20:05:00;218.147;167.881; 88.288; 92.962;259.034
2025-03-22 20:10:00;216.187;167.740; 86.628; 94.892;256.026
2025-03-22 20:15:00;215.240;167.206; 87.320; 94.938;256.616
2025-03-22 20:20:00;215.093;167.115; 87.524; 93.601;257.126
2025-03-22 20:25:00;217.603;168.627; 87.502; 94.400;257.984
2025-03-22 20:30:00;217.560;167.177; 87.484; 95.147;255.876
2025-03-22 20:35:00;216.120;168.489; 88.320; 94.257;256.124
2025-03-22 20:40:00;217.127;166.092; 87.264; 94.523;257.022
2025-03-22 20:45:00;216.923;169.685; 86.694; 93.670;255.326
2025-03-22 20:50:00;214.813;168.302; 88.860; 95.256;258.160
2025-03-22 20:55:00;214.610;168.061; 85.968; 95.070;257.092
2025-03-22 21:00:00;215.287;167.680; 86.634; 95.452;254.556
2025-03-22 21:05:00;216.780;167.540; 86.666; 95.349;255.164
2025-03-22 21:10:00;216.383;169.893; 86.990; 93.041;256.186
2025-03-22 21:15:00;215.987;168.977; 87.250; 94.689;254.826
2025-03-22 21:20:00;214.380;168.029; 86.612; 94.052;254.556
2025-03-22 21:25:00;214.767;166.889; 86.932; 94.917;258.294
2025-03-22 21:30:00;218.760;167.526; 87.486; 94.662;254.386
2025-03-22 21:35:00;216.237;166.780; 87.018; 93.902;256.170
2025-03-22 21:40:00;215.847;169.272; 88.570; 95.068;257.234
2025-03-22 21:45:00;217.707;166.828; 86.394; 95.594;257.148
2025-03-22 21:50:00;216.733;167.899; 86.830; 93.866;255.490
2025-03-22 21:55:00;215.950;168.983; 87.114; 95.532;254.022
2025-03-22 22:00:00;215.416;167.755; 86.930; 93.862;254.860
2025-03-22 22:05:00;214.640;169.182; 87.380; 93.187;254.626
2025-03-22 22:10:00;216.220;167.455; 86.626; 93.791;256.156
2025-03-22 22:15:00;215.976;167.547; 87.182; 93.922;252.786
2025-03-22 22:20:00;216.453;169.777; 87.982; 94.090;256.524
2025-03-22 22:25:00;212.860;169.744; 86.302; 94.018;256.506
2025-03-22 22:30:00;217.930;166.899; 86.620; 93.806;256.398
2025-03-22 22:35:00;216.867;169.632; 86.784; 92.705;255.672
2025-03-22 22:40:00;214.660;170.300; 86.670; 93.750;256.182
2025-03-22 22:45:00;215.667;170.168; 85.990; 94.691;254.870
2025-03-22 22:50:00;214.427;169.299; 86.172; 93.686;256.800
2025-03-22 22:55:00;216.797;169.789; 87.352; 93.756;256.464
2025-03-22 23:00:00;216.127;168.572; 87.568; 95.720;258.996
2025-03-22 23:05:00;213.153;169.150; 87.678; 93.966;255.502
2025-03-22 23:10:00;218.960;170.155; 86.178; 95.302;254.308
2025-03-22 23:15:00;216.483;170.193; 86.444; 96.402;255.072
2025-03-22 23:20:00;213.977;170.061; 86.414; 94.137;254.934
2025-03-22 23:25:00;215.067;168.434; 86.198; 95.011;257.030
2025-03-22 23:30:00;215.637;166.055; 85.922; 93.119;255.546
2025-03-22 23:35:00;217.070;169.168; 86.402; 96.418;254.774
2025-03-22 23:40:00;214.903;168.013; 86.854; 95.486;256.040
2025-03-22 23:45:00;217.363;168.015; 86.164; 94.072;255.340
2025-03-22 23:50:00;216.690;166.874; 86.566; 95.255;255.260
2025-03-22 23:55:00;214.817;167.241; 86.974; 94.773;254.752
2025-03-23 00:00:00;213.940;168.553; 88.298; 95.412;254.234
2025-03-23 00:05:00;215.963;169.183; 86.228; 93.789;258.136
2025-03-23 00:10:00;213.197;169.056; 85.806; 95.094;257.366
2025-03-23 00:15:00;216.983;167.555; 88.160; 95.138;255.492
2025-03-23 00:20:00;217.640;168.200; 85.924; 94.064;255.684
2025-03-23 00:25:00;213.223;169.575; 85.836; 94.674;255.146
2025-03-23 00:30:00;215.573;168.035; 86.224; 94.248;254.708
2025-03-23 00:35:00;217.400;167.049; 87.676; 95.048;255.042
2025-03-23 00:40:00;216.610;167.224; 85.714; 94.030;256.648
2025-03-23 00:45:00;218.487;169.093; 85.964; 93.904;255.928
2025-03-23 00:50:00;217.157;166.270; 87.190; 94.708;255.760
2025-03-23 00:55:00;216.027;167.687; 86.992; 94.451;255.822
2025-03-23 01:00:00;216.900;168.066; 87.100; 95.157;257.282
2025-03-23 01:05:00;217.483;170.365; 87.342; 93.912;256.734
2025-03-23 01:10:00;215.450;169.220; 88.092; 94.418;255.000
2025-03-23 01:15:00;216.990;167.387; 87.578; 94.058;256.424
2025-03-23 01:20:00;214.817;169.426; 87.782; 94.528;257.902
2025-03-23 01:25:00;215.997;169.112; 87.652; 94.882;255.946
2025-03-23 01:30:00;215.820;168.778; 87.108; 93.292;255.974
2025-03-23 01:35:00;214.770;168.845; 85.776; 97.344;256.482
2025-03-23 01:40:00;212.053;170.572; 87.044; 95.417;256.676
2025-03-23 01:45:00;216.617;169.583; 86.390; 95.729;257.800
2025-03-23 01:50:00;217.156;169.044; 85.260; 96.761;255.990
2025-03-23 01:55:00;215.663;169.713; 86.468; 94.659;257.050
2025-03-23 02:00:00;214.300;171.203; 86.406; 96.488;255.288
2025-03-23 02:05:00;216.003;170.703; 85.068; 95.294;253.616
2025-03-23 02:10:00;213.820;170.633; 86.512; 94.160;255.960
2025-03-23 02:15:00;213.803;168.785; 87.078; 95.450;256.086
2025-03-23 02:20:00;216.613;168.905; 87.752; 93.103;256.540
2025-03-23 02:25:00;216.603;167.032; 86.966; 95.160;253.582
2025-03-23 02:30:00;216.803;167.776; 86.686; 96.008;255.264
2025-03-23 02:35:00;217.020;167.660; 88.060; 95.778;258.314
2025-03-23 02:40:00;214.920;168.239; 86.882; 95.265;255.576
2025-03-23 02:45:00;215.770;168.580; 86.970; 96.480;255.180
2025-03-23 02:50:00;217.463;169.187; 87.336; 94.862;254.846
2025-03-23 02:55:00;217.693;167.751; 85.916; 95.983;256.574
2025-03-23 03:00:00;217.863;167.768; 86.162; 96.060;256.006
2025-03-23 03:05:00;215.977;169.418; 85.522; 95.922;254.176
2025-03-23 03:10:00;214.766;167.532; 87.302; 94.389;254.532
2025-03-23 03:15:00;214.227;169.236; 87.158; 94.957;254.708
2025-03-23 03:20:00;215.973;169.366; 87.178; 95.046;254.640
2025-03-23 03:25:00;214.987;168.036; 86.498; 94.820;253.956
2025-03-23 03:30:00;216.293;167.542; 87.576; 96.741;255.430
2025-03-23 03:35:00;215.633;167.830; 86.502; 96.252;255.224
2025-03-23 03:40:00;216.660;166.945; 86.796; 93.332;253.618
2025-03-23 03:45:00;214.183;167.269; 86.466; 95.544;255.028
2025-03-23 03:50:00;215.757;168.736; 86.964; 95.424;257.044
2025-03-23 03:55:00;214.223;170.115; 87.426; 95.247;256.674
2025-03-23 04:00:00;213.250;168.821; 87.318; 94.516;255.270
2025-03-23 04:05:00;214.110;169.879; 88.006; 95.598;252.724
2025-03-23 04:10:00;215.777;169.701; 86.500; 95.284;255.816
2025-03-23 04:15:00;217.927;169.363; 86.208; 95.553;252.794
2025-03-23 04:20:00;214.077;168.406; 86.152; 93.542;256.160
2025-03-23 04:25:00;214.583;167.726; 87.524; 95.138;253.304
2025-03-23 04:30:00;214.240;169.752; 87.120; 94.334;254.092
2025-03-23 04:35:00;218.857;167.350; 85.110; 95.400;253.806
2025-03-23 04:40:00;212.607;170.033; 88.224; 95.487;253.096
2025-03-23 04:45:00;217.133;168.516; 86.884; 93.894;254.252
2025-03-23 04:50:00;215.953;168.825; 86.444; 94.700;255.204
2025-03-23 04:55:00;216.497;169.034; 87.454; 92.693;253.018
2025-03-23 05:00:00;214.603;168.989; 86.200; 93.870;254.290
2025-03-23 05:05:00;215.763;169.976; 86.100; 94.372;250.708
2025-03-23 05:10:00;215.263;165.812; 86.452; 94.786;256.746
2025-03-23 05:15:00;214.580;168.609; 85.386; 94.997;252.766
2025-03-23 05:20:00;214.317;167.940; 87.522; 93.882;252.780
2025-03-23 05:25:00;215.900;167.621; 86.476; 94.971;254.042
2025-03-23 05:30:00;216.623;169.881; 85.118; 94.796;256.214
2025-03-23 05:35:00;215.853;169.044; 86.718; 94.423;254.386
2025-03-23 05:40:00;215.620;170.286; 87.304; 94.479;251.434
2025-03-23 05:45:00;215.333;169.096; 86.782; 94.458;255.930
2025-03-23 05:50:00;215.767;169.999; 87.510; 94.085;255.248
2025-03-23 05:55:00;214.463;168.470; 86.806; 93.647;255.920
2025-03-23 06:00:00;216.824;169.242; 86.422; 94.412;255.376
2025-03-23 06:05:00;214.320;169.398; 85.462; 94.655;253.898
2025-03-23 06:10:00;216.293;169.263; 86.822; 94.743;255.068
2025-03-23 06:15:00;214.010;171.592; 87.062; 94.314;255.366
2025-03-23 06:20:00;214.943;169.228; 86.114; 93.822;257.826
2025-03-23 06:25:00;215.040;169.795; 88.416; 95.515;256.568
2025-03-23 06:30:00;212.820;168.303; 85.254; 96.075;256.260
2025-03-23 06:35:00;214.857;168.827; 85.900; 94.119;258.536
2025-03-23 06:40:00;214.590;167.682; 88.118; 95.130;255.292
2025-03-23 06:45:00;216.003;170.095; 86.520; 95.429;254.690
2025-03-23 06:50:00;213.360;169.833; 87.262; 94.288;258.602
2025-03-23 06:55:00;212.637;170.248; 88.346; 95.152;255.856
2025-03-23 07:00:00;213.277;171.179; 86.146; 94.740;254.562
2025-03-23 07:05:00;212.443;168.710; 86.436; 93.551;255.370
2025-03-23 07:10:00;213.543;170.382; 88.094; 93.860;255.966
2025-03-23 07:15:00;214.540;169.797; 87.714; 95.434;257.486
2025-03-23 07:20:00;214.993;168.441; 87.176; 96.196;255.286
2025-03-23 07:25:00;213.853;168.723; 87.662; 95.856;256.794
2025-03-23 07:30:00;213.100;170.038; 85.774; 94.165;256.166
2025-03-23 07:35:00;214.587;169.014; 86.250; 93.874;254.390
2025-03-23 07:40:00;214.654;168.984; 84.532; 93.982;255.890
2025-03-23 07:45:00;213.790;169.353; 85.642; 94.002;255.384
2025-03-23 07:50:00;213.387;169.065; 86.940; 94.075;257.080
2025-03-23 07:55:00;214.717;169.558; 85.320; 96.532;256.148
2025-03-23 08:00:00;214.817;169.226; 86.184; 94.983;255.506
2025-03-23 08:05:00;213.220;167.865; 86.280; 96.283;254.700
2025-03-23 08:10:00;216.960;169.482; 86.776; 95.151;254.280
2025-03-23 08:15:00;213.957;167.318; 85.220; 94.309;256.120
2025-03-23 08:20:00;214.543;169.340; 86.408; 95.040;256.206
2025-03-23 08:25:00;213.743;167.752; 84.692; 94.455;255.676
2025-03-23 08:30:00;214.103;170.148; 86.742; 94.989;255.648
2025-03-23 08:35:00;214.717;171.246; 86.634; 94.105;255.328
2025-03-23 08:40:00;212.137;169.543; 85.650; 95.166;254.982
2025-03-23 08:45:00;214.230;170.557; 86.150; 95.545;254.666
2025-03-23 08:50:00;214.240;170.377; 85.570; 95.814;256.370
2025-03-23 08:55:00;213.607;169.873; 85.216; 95.158;254.902
2025-03-23 09:00:00;214.210;169.382; 85.826; 95.043;254.832
2025-03-23 09:05:00;214.027;168.834; 85.380; 97.116;255.552
2025-03-23 09:10:00;212.683;170.036; 84.116; 96.172;253.996
2025-03-23 09:15:00;212.470;168.836; 86.368; 94.711;250.312
2025-03-23 09:20:00;214.500;170.168; 86.668; 94.285;252.038
2025-03-23 09:25:00;215.643;169.352; 86.476; 96.306;254.088
2025-03-23 09:30:00;211.710;168.878; 85.924; 94.764;252.822
2025-03-23 09:35:00;212.563;171.366; 86.036; 94.609;251.478
2025-03-23 09:40:00;214.553;170.677; 85.172; 94.262;253.908
2025-03-23 09:45:00;214.383;170.256; 84.502; 96.779;255.218
2025-03-23 09:50:00;214.737;169.370; 85.468; 96.726;256.350
2025-03-23 09:55:00;211.777;170.556; 85.062; 95.040;254.026
2025-03-23 10:00:00;214.573;171.653; 84.238; 95.068;255.576
2025-03-23 10:05:00;214.240;169.545; 85.294; 96.202;253.744
2025-03-23 10:10:00;212.597;169.787; 84.804; 95.835;254.356
2025-03-23 10:15:00;212.880;172.118; 83.924; 95.114;254.428
2025-03-23 10:20:00;212.783;169.636; 87.194; 95.752;253.238
2025-03-23 10:25:00;212.900;170.370; 86.508; 96.143;255.232
2025-03-23 10:30:00;212.677;170.273; 87.122; 95.594;255.178
2025-03-23 10:35:00;211.300;168.507; 86.596; 95.763;254.208
2025-03-23 10:40:00;216.047;170.391; 86.580; 94.742;253.616
2025-03-23 10:45:00;211.197;171.613; 86.376; 97.252;254.334
2025-03-23 10:50:00;215.480;169.252; 86.096; 94.824;251.676
2025-03-23 10:55:00;212.803;170.887; 86.198; 97.700;255.010
2025-03-23 11:00:00;214.947;170.468; 86.330; 94.178;252.198
2025-03-23 11:05:00;214.733;169.113; 84.062; 94.565;254.274
2025-03-23 11:10:00;212.580;169.283; 86.578; 97.407;253.726
2025-03-23 11:15:00;213.050;171.122; 86.836; 94.075;255.770
2025-03-23 11:20:00;212.990;170.271; 87.628; 94.548;255.820
2025-03-23 11:25:00;214.233;170.309; 85.318; 96.297;253.964
2025-03-23 11:30:00;215.910;169.303; 85.380; 96.681;254.554
2025-03-23 11:35:00;214.133;169.904; 85.630; 95.194;255.074
2025-03-23 11:40:00;213.037;169.869; 86.252; 97.541;253.766
2025-03-23 11:45:00;213.717;171.515; 87.498; 96.300;253.606
2025-03-23 11:50:00;215.457;170.830; 86.014; 95.535;253.862
2025-03-23 11:55:00;212.437;170.037; 86.456; 93.898;253.526
2025-03-23 12:00:00;214.600;170.307; 86.438; 94.763;255.536
2025-03-23 12:05:00;213.483;169.844; 86.112; 95.733;254.870
2025-03-23 12:10:00;213.787;171.545; 87.082; 93.973;252.502
2025-03-23 12:15:00;211.867;171.202; 85.180; 94.814;254.906
2025-03-23 12:20:00;216.680;172.435; 85.972; 94.501;254.900
2025-03-23 12:25:00;214.350;169.613; 86.060; 94.527;253.860
2025-03-23 12:30:00;212.147;170.777; 86.418; 94.042;255.450
2025-03-23 12:35:00;215.763;170.179; 87.514; 95.318;253.756
2025-03-23 12:40:00;213.513;169.579; 85.766; 95.868;255.480
2025-03-23 12:45:00;214.573;171.616; 86.358; 96.800;255.134
2025-03-23 12:50:00;215.620;170.807; 85.814; 94.729;257.284
2025-03-23 12:55:00;214.237;170.412; 85.658; 95.420;254.254
2025-03-23 13:00:00;214.003;170.005; 85.088; 96.056;257.038
2025-03-23 13:05:00;215.140;171.610; 87.592; 95.051;254.696
2025-03-23 13:10:00;209.550;170.463; 84.652; 96.035;255.754
2025-03-23 13:15:00;211.427;170.649; 87.216; 95.156;256.392
2025-03-23 13:20:00;214.547;172.195; 86.192; 95.373;256.948
2025-03-23 13:25:00;218.257;170.833; 85.688; 96.345;255.966
2025-03-23 13:30:00;215.217;172.698; 86.920; 96.573;256.106
2025-03-23 13:35:00;213.010;171.456; 87.078; 95.865;255.936
2025-03-23 13:40:00;213.963;169.913; 86.696; 95.432;255.326
2025-03-23 13:45:00;212.877;168.877; 87.014; 94.764;254.506
2025-03-23 13:50:00;212.840;171.045; 87.758; 95.893;257.032
2025-03-23 13:55:00;214.450;172.604; 85.444; 97.282;255.846
2025-03-23 14:00:00;214.647;170.137; 87.220; 93.833;256.870
2025-03-23 14:05:00;212.720;171.141; 85.738; 94.661;257.216
2025-03-23 14:10:00;212.237;172.494; 86.162; 96.344;257.992
2025-03-23 14:15:00;213.890;171.580; 86.756; 94.383;258.324
2025-03-23 14:20:00;214.797;171.405; 86.928; 96.311;256.402
2025-03-23 14:25:00;214.406;171.082; 87.462; 96.682;256.848
2025-03-23 14:30:00;214.080;172.459; 85.648; 95.957;256.916
2025-03-23 14:35:00;215.437;171.559; 86.628; 94.819;255.676
2025-03-23 14:40:00;216.987;171.484; 86.876; 96.954;258.304
2025-03-23 14:45:00;215.657;171.710; 87.872; 95.630;255.748
2025-03-23 14:50:00;214.993;171.285; 86.458; 95.557;257.632
2025-03-23 14:55:00;213.250;172.689; 85.130; 95.703;259.226
2025-03-23 15:00:00;215.467;172.193; 86.934; 95.318;255.380
2025-03-23 15:05:00;215.710;171.103; 86.956; 96.647;256.510
2025-03-23 15:10:00;216.067;170.641; 86.572; 96.049;257.346
2025-03-23 15:15:00;216.270;170.020; 86.714; 96.706;255.020
2025-03-23 15:20:00;213.973;170.822; 87.010; 96.565;256.958
2025-03-23 15:25:00;213.760;170.141; 87.022; 95.888;255.788
2025-03-23 15:30:00;214.150;172.166; 85.140; 96.051;256.164
2025-03-23 15:35:00;215.470;171.251; 88.842; 94.478;256.248
2025-03-23 15:40:00;215.867;172.711; 86.032; 95.439;259.664
2025-03-23 15:45:00;214.803;170.819; 88.410; 96.044;255.820
2025-03-23 15:50:00;214.393;170.143; 85.972; 95.416;257.202
2025-03-23 15:55:00;214.247;170.692; 87.152; 95.192;255.786
2025-03-23 16:00:00;214.270;169.773; 86.948; 95.406;256.790
2025-03-23 16:05:00;215.583;170.815; 87.968; 96.023;257.098
2025-03-23 16:10:00;215.827;171.222; 86.954; 97.846;259.386
2025-03-23 16:15:00;216.440;173.492; 85.712; 95.647;257.508
2025-03-23 16:20:00;217.083;171.093; 87.558; 96.621;256.630
2025-03-23 16:25:00;218.520;170.108; 87.810; 93.954;257.356
2025-03-23 16:30:00;216.073;170.177; 86.892; 95.641;258.830
2025-03-23 16:35:00;216.560;169.446; 88.240; 96.004;257.864
2025-03-23 16:40:00;213.787;169.052; 88.852; 96.459;258.558
2025-03-23 16:45:00;215.143;171.154; 86.414; 96.763;259.258
2025-03-23 16:50:00;216.713;169.847; 87.260; 94.786;255.692
2025-03-23 16:55:00;214.767;168.993; 87.986; 94.970;256.914
2025-03-23 17:00:00;215.330;171.703; 87.232; 96.174;258.868
2025-03-23 17:05:00;216.523;172.979; 86.584; 96.096;257.858
2025-03-23 17:10:00;215.207;172.093; 87.576; 93.938;257.050
2025-03-23 17:15:00;215.407;170.213; 87.082; 96.476;256.980
2025-03-23 17:20:00;214.427;170.691; 88.040; 94.379;258.380
2025-03-23 17:25:00;215.477;170.979; 87.852; 96.301;259.692
2025-03-23 17:30:00;215.077;171.731; 87.562; 96.590;258.406
2025-03-23 17:35:00;213.310;171.017; 86.230; 93.482;257.638
2025-03-23 17:40:00;213.760;171.669; 87.376; 94.878;257.184
2025-03-23 17:45:00;216.047;169.136; 87.438; 95.763;256.826
2025-03-23 17:50:00;217.917;172.798; 86.304; 95.185;258.692
2025-03-23 17:55:00;215.100;169.870; 86.994; 95.193;257.284
2025-03-23 18:00:00;215.560;169.898; 85.520; 96.448;257.102
2025-03-23 18:05:00;214.537;169.626; 87.798; 96.806;257.974
2025-03-23 18:10:00;216.873;171.083; 86.678; 95.005;258.958
2025-03-23 18:15:00;216.077;170.583; 86.716; 94.804;257.474
2025-03-23 18:20:00;215.277;171.478; 86.828; 95.787;255.420
2025-03-23 18:25:00;215.480;172.587; 88.298; 94.635;259.482
2025-03-23 18:30:00;213.783;170.909; 88.448; 95.775;258.572
2025-03-23 18:35:00;216.187;170.992; 87.336; 95.382;258.264
2025-03-23 18:40:00;215.820;170.332; 87.700; 94.755;256.260
2025-03-23 18:45:00;214.270;171.294; 86.054; 93.411;256.910
2025-03-23 18:50:00;217.467;170.948; 88.188; 94.736;257.484
2025-03-23 18:55:00;217.367;172.193; 87.502; 96.491;258.416
2025-03-23 19:00:00;216.993;167.902; 86.846; 95.521;258.938
2025-03-23 19:05:00;214.307;170.535; 87.310; 96.646;255.952
2025-03-23 19:10:00;216.843;171.365; 86.512; 96.571;256.044
2025-03-23 19:15:00;218.483;169.480; 86.486; 95.384;258.612
2025-03-23 19:20:00;215.823;171.838; 86.414; 95.215;258.104
2025-03-23 19:25:00;214.830;169.918; 88.454; 94.224;258.370
2025-03-23 19:30:00;214.157;172.811; 87.660; 96.433;259.494
2025-03-23 19:35:00;215.460;168.916; 86.930; 96.495;259.458
2025-03-23 19:40:00;214.193;172.888; 87.898; 96.691;258.728
2025-03-23 19:45:00;214.723;168.527; 89.520; 95.321;259.518
2025-03-23 19:50:00;218.020;169.809; 88.144; 96.618;258.334
2025-03-23 19:55:00;218.430;173.060; 87.206; 96.537;255.660
2025-03-23 20:00:00;215.040;169.860; 87.058; 96.172;259.334
2025-03-23 20:05:00;216.180;169.823; 89.520; 94.245;260.732
2025-03-23 20:10:00;216.133;170.623; 88.560; 94.680;260.630
2025-03-23 20:15:00;217.477;170.724; 87.622; 93.674;259.128
2025-03-23 20:20:00;212.620;170.090; 86.142; 96.488;258.562
2025-03-23 20:25:00;215.610;168.955; 88.956; 95.903;256.288
2025-03-23 20:30:00;213.683;169.918; 86.156; 96.516;256.292
2025-03-23 20:35:00;216.097;169.867; 86.102; 96.113;258.032
2025-03-23 20:40:00;217.500;170.560; 87.438; 94.579;256.980
2025-03-23 20:45:00;216.587;168.328; 87.744; 95.922;260.064
2025-03-23 20:50:00;216.177;169.484; 86.506; 96.257;257.802
2025-03-23 20:55:00;214.873;170.513; 86.760; 95.206;259.180
2025-03-23 21:00:00;215.820;168.732; 86.488; 96.125;258.600
2025-03-23 21:05:00;215.797;169.792; 88.662; 96.650;259.348
2025-03-23 21:10:00;216.320;171.464; 87.948; 96.230;258.556
2025-03-23 21:15:00;216.376;170.410; 88.142; 94.389;258.928
2025-03-23 21:20:00;215.860;171.445; 87.248; 95.120;259.882
2025-03-23 21:25:00;215.377;169.248; 89.370; 95.998;258.770
2025-03-23 21:30:00;216.500;169.369; 87.956; 95.928;257.870
2025-03-23 21:35:00;215.484;170.247; 88.646; 95.221;255.392
2025-03-23 21:40:00;216.283;169.839; 87.484; 97.091;258.028
2025-03-23 21:45:00;213.480;169.514; 87.470; 93.359;258.774
2025-03-23 21:50:00;216.117;170.971; 87.438; 95.434;257.478
2025-03-23 21:55:00;216.667;169.579; 87.802; 97.931;258.556
2025-03-23 22:00:00;216.007;169.455; 88.454; 95.769;260.288
2025-03-23 22:05:00;214.553;169.241; 87.834; 94.816;260.442
2025-03-23 22:10:00;215.193;169.179; 88.142; 94.983;260.848
2025-03-23 22:15:00;216.887;169.808; 87.400; 95.838;257.290
2025-03-23 22:20:00;217.197;170.818; 87.598; 95.499;258.576
2025-03-23 22:25:00;217.804;171.146; 87.718; 94.395;257.116
2025-03-23 22:30:00;216.280;171.822; 86.680; 95.422;258.882
2025-03-23 22:35:00;216.923;169.938; 85.912; 94.741;260.328
2025-03-23 22:40:00;216.017;171.515; 85.910; 96.254;260.498
2025-03-23 22:45:00;214.573;170.105; 88.010; 96.036;257.776
2025-03-23 22:50:00;213.047;170.932; 89.480; 95.976;257.716
2025-03-23 22:55:00;215.290;169.507; 88.070; 95.896;257.154
2025-03-23 23:00:00;215.087;168.501; 87.520; 97.255;258.126
2025-03-23 23:05:00;212.187;171.419; 86.698; 96.013;258.378
2025-03-23 23:10:00;216.700;168.380; 88.024; 96.025;257.132
2025-03-23 23:15:00;217.617;170.628; 85.720; 94.987;256.844
2025-03-23 23:20:00;214.737;171.409; 87.446; 95.561;258.406
2025-03-23 23:25:00;216.957;170.949; 87.450; 94.074;258.090
2025-03-23 23:30:00;215.250;169.348; 88.228; 95.650;256.966
2025-03-23 23:35:00;212.947;171.163; 87.540; 95.217;257.734
2025-03-23 23:40:00;214.400;170.240; 85.852; 95.273;259.198
2025-03-23 23:45:00;217.630;168.591; 88.666; 95.918;258.020
2025-03-23 23:50:00;216.903;170.430; 88.236; 93.749;259.058
