DATETIME;MXCO;JUNG;NEWK;OULU;SOPO
2024-05-03 00:00:00;220.966;174.784; 90.076; 98.614;265.432
2024-05-03 00:05:00;219.350;174.697; 88.746; 96.893;267.144
2024-05-03 00:10:00;221.560;172.545; 88.990; 96.576;267.174
2024-05-03 00:15:00;220.060;175.887; 88.958; 99.151;267.994
2024-05-03 00:20:00;221.057;174.230; 88.880; 99.016;267.054
2024-05-03 00:25:00;220.050;176.540; 88.686; 97.376;268.214
2024-05-03 00:30:00;221.877;173.941; 89.496; 97.946;266.564
2024-05-03 00:35:00;221.623;173.131; 90.010; 97.624;265.878
2024-05-03 00:40:00;221.457;174.293; 88.698; 96.661;268.934
2024-05-03 00:45:00;218.760;174.080; 88.930; 97.080;268.876
2024-05-03 00:50:00;220.093;175.064; 87.828; 99.191;265.334
2024-05-03 00:55:00;218.983;174.149; 89.360; 97.450;264.696
2024-05-03 01:00:00;220.420;173.150; 88.450; 97.126;268.456
2024-05-03 01:05:00;219.737;174.480; 89.808; 96.773;266.778
2024-05-03 01:10:00;217.490;174.307; 88.310; 98.481;267.124
2024-05-03 01:15:00;221.493;174.025; 89.224; 97.510;267.934
2024-05-03 01:20:00;218.906;172.679; 89.074; 97.069;265.814
2024-05-03 01:25:00;220.697;175.538; 88.124; 99.484;268.228
2024-05-03 01:30:00;221.520;174.309; 89.710; 98.582;266.718
2024-05-03 01:35:00;219.297;172.023; 88.028; 98.499;266.170
2024-05-03 01:40:00;219.630;172.255; 88.344; 98.701;268.060
2024-05-03 01:45:00;218.307;172.823; 88.792; 99.093;266.942
2024-05-03 01:50:00;223.250;173.802; 88.054; 97.765;267.972
2024-05-03 01:55:00;219.127;172.679; 88.204; 97.004;267.848
2024-05-03 02:00:00;219.453;174.459; 88.936; 98.198;266.536
2024-05-03 02:05:00;222.063;175.133; 88.112; 97.499;267.454
2024-05-03 02:10:00;218.573;175.150; 88.158; 97.693;267.786
2024-05-03 02:15:00;220.377;175.055; 86.930; 98.615;264.272
2024-05-03 02:20:00;219.953;172.295; 88.194; 98.296;265.294
2024-05-03 02:25:00;218.800;174.396; 88.970; 98.094;266.588
2024-05-03 02:30:00;220.503;175.075; 89.522; 98.361;266.278
2024-05-03 02:35:00;220.167;176.663; 89.388; 97.242;266.660
2024-05-03 02:40:00;219.587;174.409; 89.330; 99.082;266.776
2024-05-03 02:45:00;217.697;172.987; 87.568; 98.334;267.724
2024-05-03 02:50:00;219.730;175.194; 88.700; 99.199;265.198
2024-05-03 02:55:00;221.650;174.803; 87.666; 99.078;265.628
2024-05-03 03:00:00;221.647;174.720; 90.212;100.376;264.976
2024-05-03 03:05:00;223.520;174.710; 88.522; 98.665;266.928
2024-05-03 03:10:00;217.413;175.396; 88.980; 97.870;267.592
2024-05-03 03:15:00;220.200;174.761; 88.726; 98.634;264.972
2024-05-03 03:20:00;222.693;176.295; 88.972; 98.555;265.266
2024-05-03 03:25:00;221.104;173.242; 88.150; 98.244;267.734
2024-05-03 03:30:00;222.304;174.571; 89.110; 98.961;266.534
2024-05-03 03:35:00;218.707;173.424; 88.994; 99.089;269.152
2024-05-03 03:40:00;219.820;176.414; 86.994; 96.984;265.118
2024-05-03 03:45:00;218.460;173.577; 89.552;100.594;264.444
2024-05-03 03:50:00;221.010;173.997; 87.168; 97.418;268.442
2024-05-03 03:55:00;222.990;174.599; 90.112; 97.372;265.962
2024-05-03 04:00:00;220.973;176.092; 90.206; 98.187;268.718
2024-05-03 04:05:00;221.003;175.144; 87.966; 98.514;267.442
2024-05-03 04:10:00;220.047;174.697; 88.292; 97.770;265.796
2024-05-03 04:15:00;220.717;174.792; 87.644; 99.240;266.602
2024-05-03 04:20:00;219.987;175.869; 89.048; 97.945;265.310
2024-05-03 04:25:00;221.420;176.212; 88.736; 98.404;268.610
2024-05-03 04:30:00;221.936;177.738; 88.058; 98.027;263.286
2024-05-03 04:35:00;219.070;174.430; 89.602; 99.916;265.660
2024-05-03 04:40:00;219.690;177.056; 87.776;100.582;267.852
2024-05-03 04:45:00;221.227;175.403; 89.162; 98.201;265.840
2024-05-03 04:50:00;223.820;175.346; 88.842; 99.164;265.234
2024-05-03 04:55:00;219.120;173.951; 88.486; 98.760;265.490
2024-05-03 05:00:00;222.310;174.360; 89.522;100.244;268.550
2024-05-03 05:05:00;218.653;178.065; 87.794; 99.107;264.584
2024-05-03 05:10:00;219.173;175.788; 89.832; 97.988;263.754
2024-05-03 05:15:00;221.057;175.420; 89.432; 98.432;266.404
2024-05-03 05:20:00;220.373;176.531; 88.242; 98.075;268.568
2024-05-03 05:25:00;219.260;175.566; 88.226; 99.322;266.450
2024-05-03 05:30:00;222.443;175.307; 88.200; 98.337;268.344
2024-05-03 05:35:00;222.483;175.934; 88.756; 99.622;265.888
2024-05-03 05:40:00;219.823;177.114; 88.790; 96.975;272.122
2024-05-03 05:45:00;222.960;177.574; 87.982; 99.361;266.174
2024-05-03 05:50:00;220.517;175.633; 89.386; 98.890;267.464
2024-05-03 05:55:00;219.363;175.010; 88.646; 97.713;270.634
2024-05-03 06:00:00;219.660;178.772; 88.918; 96.688;268.408
2024-05-03 06:05:00;219.703;177.408; 89.208;100.457;270.278
2024-05-03 06:10:00;220.863;176.757; 89.310; 98.375;268.994
2024-05-03 06:15:00;219.513;175.594; 89.448; 98.283;269.072
2024-05-03 06:20:00;222.103;177.420; 89.354; 98.877;266.740
2024-05-03 06:25:00;220.983;176.037; 88.400; 97.988;268.340
2024-05-03 06:30:00;221.070;176.071; 88.710; 99.599;267.750
2024-05-03 06:35:00;220.513;176.910; 88.632; 98.800;267.582
2024-05-03 06:40:00;222.340;177.385; 88.414; 97.540;267.850
2024-05-03 06:45:00;218.463;177.556; 89.356; 98.498;270.026
2024-05-03 06:50:00;221.927;176.058; 91.210; 99.142;270.222
2024-05-03 06:55:00;222.343;176.664; 90.428;100.198;267.918
2024-05-03 07:00:00;221.183;176.922; 88.848; 98.321;266.840
2024-05-03 07:05:00;220.653;177.333; 89.322;100.192;265.146
2024-05-03 07:10:00;217.387;174.601; 90.070; 98.627;268.698
2024-05-03 07:15:00;219.657;177.198; 89.744; 99.085;268.900
2024-05-03 07:20:00;223.513;175.012; 87.792; 99.671;266.380
2024-05-03 07:25:00;219.596;177.229; 88.390; 99.291;267.414
2024-05-03 07:30:00;222.527;174.621; 89.632; 99.128;267.318
2024-05-03 07:35:00;222.017;177.050; 91.248;100.077;268.314
2024-05-03 07:40:00;220.030;176.665; 88.136; 98.458;267.258
2024-05-03 07:45:00;219.477;176.118; 89.936; 98.723;267.324
2024-05-03 07:50:00;221.637;177.946; 88.868; 97.733;267.474
2024-05-03 07:55:00;221.300;177.067; 89.984;100.323;266.814
2024-05-03 08:00:00;220.943;175.369; 90.392;100.902;267.864
2024-05-03 08:05:00;222.280;176.117; 88.300; 98.531;270.032
2024-05-03 08:10:00;218.243;175.943; 89.076; 98.197;267.978
2024-05-03 08:15:00;219.327;177.990; 89.008;100.153;268.858
2024-05-03 08:20:00;220.533;176.597; 89.014; 98.327;269.648
2024-05-03 08:25:00;218.520;176.272; 89.528; 98.758;267.484
2024-05-03 08:30:00;217.230;178.061; 89.066; 98.482;268.098
2024-05-03 08:35:00;220.847;176.396; 90.442; 99.504;270.260
2024-05-03 08:40:00;221.033;176.847; 89.714; 98.554;268.964
2024-05-03 08:45:00;221.153;174.652; 89.648; 99.387;269.076
2024-05-03 08:50:00;220.610;176.767; 88.958; 97.314;267.180
2024-05-03 08:55:00;222.430;176.331; 88.264;100.067;267.700
2024-05-03 09:00:00;221.663;177.941; 89.840; 98.348;268.568
2024-05-03 09:05:00;220.180;178.899; 90.008; 99.489;270.192
2024-05-03 09:10:00;219.977;175.053; 89.092; 98.817;269.446
2024-05-03 09:15:00;221.837;175.126; 88.526; 97.706;270.814
2024-05-03 09:20:00;220.213;177.930; 89.714; 98.440;266.898
2024-05-03 09:25:00;222.033;179.450; 88.978; 97.298;268.180
2024-05-03 09:30:00;221.956;175.962; 88.240; 98.308;268.232
2024-05-03 09:35:00;220.817;176.227; 89.354; 99.270;267.662
2024-05-03 09:40:00;222.107;176.637; 88.850; 99.275;271.902
2024-05-03 09:45:00;223.143;178.019; 90.094; 99.832;267.220
2024-05-03 09:50:00;220.157;175.697; 89.456; 99.610;269.948
2024-05-03 09:55:00;218.883;177.161; 88.588; 98.118;270.128
2024-05-03 10:00:00;220.443;176.167; 88.792; 99.334;270.138
2024-05-03 10:05:00;221.873;176.820; 89.916; 97.802;268.514
2024-05-03 10:10:00;221.563;177.498; 88.334; 99.581;267.478
2024-05-03 10:15:00;223.447;176.169; 89.532; 98.435;268.600
2024-05-03 10:20:00;219.473;177.752; 90.574; 99.422;269.050
2024-05-03 10:25:00;218.337;176.594; 90.278; 99.140;266.974
2024-05-03 10:30:00;220.583;177.762; 89.450; 97.057;269.806
2024-05-03 10:35:00;222.510;175.594; 89.816; 99.229;269.236
2024-05-03 10:40:00;223.427;177.552; 90.032; 98.324;268.222
2024-05-03 10:45:00;219.530;176.842; 88.740;100.016;268.870
2024-05-03 10:50:00;222.103;176.029; 90.676; 99.931;266.384
2024-05-03 10:55:00;220.383;174.781; 90.528; 99.361;266.812
2024-05-03 11:00:00;221.070;178.800; 88.358; 98.611;266.618
2024-05-03 11:05:00;222.993;176.856; 89.310; 99.863;266.030
2024-05-03 11:10:00;222.807;175.633; 88.444;100.360;269.372
2024-05-03 11:15:00;222.134;175.975; 89.832;100.199;269.436
2024-05-03 11:20:00;219.630;179.727; 89.746;101.103;269.612
2024-05-03 11:25:00;219.977;177.266; 89.682; 98.338;267.930
2024-05-03 11:30:00;220.150;176.778; 89.614; 99.753;272.720
2024-05-03 11:35:00;221.383;177.060; 88.788; 98.847;270.044
2024-05-03 11:40:00;222.660;175.776; 90.680; 98.180;268.776
2024-05-03 11:45:00;219.473;175.226; 90.284;101.707;268.102
2024-05-03 11:50:00;223.740;175.234; 89.400; 99.921;268.234
2024-05-03 11:55:00;220.093;176.550; 90.342; 99.295;268.588
2024-05-03 12:00:00;220.637;176.471; 89.436; 98.574;268.772
2024-05-03 12:05:00;219.337;176.032; 91.646; 99.927;271.060
2024-05-03 12:10:00;221.237;176.382; 89.662; 99.803;270.782
2024-05-03 12:15:00;221.623;177.259; 88.908; 99.498;267.510
2024-05-03 12:20:00;223.547;176.111; 89.850; 99.531;267.526
2024-05-03 12:25:00;221.927;175.330; 88.790; 99.912;266.698
2024-05-03 12:30:00;223.330;175.023; 89.392; 99.002;268.920
2024-05-03 12:35:00;221.780;176.507; 89.702; 99.369;269.870
2024-05-03 12:40:00;221.660;175.569; 89.452; 99.967;269.702
2024-05-03 12:45:00;222.057;177.270; 90.414; 98.253;269.110
2024-05-03 12:50:00;221.870;175.954; 89.460;100.246;269.126
2024-05-03 12:55:00;222.080;176.398; 90.984; 99.653;267.730
2024-05-03 13:00:00;224.067;175.973; 90.738; 99.046;269.490
2024-05-03 13:05:00;222.157;176.562; 89.918; 98.091;270.066
2024-05-03 13:10:00;222.853;176.052; 90.918; 98.305;268.830
2024-05-03 13:15:00;221.440;177.588; 90.154; 99.902;270.320
2024-05-03 13:20:00;223.147;178.504; 89.226; 99.919;267.648
2024-05-03 13:25:00;220.103;175.981; 89.876; 98.718;268.904
2024-05-03 13:30:00;221.033;176.107; 89.390; 99.062;268.086
2024-05-03 13:35:00;221.337;176.485; 88.496; 98.669;269.874
2024-05-03 13:40:00;220.370;176.935; 89.426;100.271;269.576
2024-05-03 13:45:00;222.857;177.174; 89.350; 98.963;268.732
2024-05-03 13:50:00;221.533;175.244; 89.416; 99.262;269.564
2024-05-03 13:55:00;217.990;176.728; 89.206; 99.848;271.094
2024-05-03 14:00:00;220.070;176.628; 89.352; 98.630;268.642
2024-05-03 14:05:00;223.830;175.951; 90.046;100.653;270.112
2024-05-03 14:10:00;220.837;176.052; 89.532; 99.457;270.078
2024-05-03 14:15:00;218.420;177.212; 89.878; 98.141;269.318
2024-05-03 14:20:00;220.043;178.022; 90.804;100.304;269.646
2024-05-03 14:25:00;221.390;177.059; 89.952; 98.987;269.874
2024-05-03 14:30:00;221.507;175.603; 90.222; 99.784;266.640
2024-05-03 14:35:00;217.277;175.981; 89.624; 98.381;267.842
2024-05-03 14:40:00;221.180;177.298; 89.028; 98.756;269.194
2024-05-03 14:45:00;221.797;174.617; 87.464; 98.840;269.172
2024-05-03 14:50:00;223.187;176.373; 89.876; 97.630;266.946
2024-05-03 14:55:00;219.380;175.502; 90.082;100.675;268.666
2024-05-03 15:00:00;221.123;177.037; 90.410; 98.664;270.994
2024-05-03 15:05:00;220.517;176.736; 89.018;100.708;268.480
2024-05-03 15:10:00;221.037;176.773; 89.218;100.066;268.670
2024-05-03 15:15:00;222.537;173.968; 88.736;100.055;268.148
2024-05-03 15:20:00;221.923;176.263; 88.810; 98.462;269.882
2024-05-03 15:25:00;221.670;177.694; 88.598; 97.474;270.338
2024-05-03 15:30:00;219.570;175.520; 91.166; 98.284;269.446
2024-05-03 15:35:00;221.703;176.101; 89.584; 98.183;267.560
2024-05-03 15:40:00;222.397;177.159; 88.948; 98.053;270.000
2024-05-03 15:45:00;220.727;175.820; 89.020; 99.323;270.052
2024-05-03 15:50:00;222.003;175.702; 88.780; 99.217;267.816
2024-05-03 15:55:00;221.790;174.978; 88.660; 98.517;268.250
2024-05-03 16:00:00;220.860;176.352; 89.210; 99.617;269.064
2024-05-03 16:05:00;220.307;175.838; 89.700; 97.791;268.884
2024-05-03 16:10:00;223.793;175.910; 91.732; 99.253;270.670
2024-05-03 16:15:00;222.683;175.874; 90.092; 97.775;269.386
2024-05-03 16:20:00;221.613;177.105; 89.362; 98.200;270.248
2024-05-03 16:25:00;217.420;175.135; 89.258; 97.929;270.588
2024-05-03 16:30:00;222.283;175.306; 91.276; 99.972;267.848
2024-05-03 16:35:00;219.113;178.957; 88.120; 97.464;267.614
2024-05-03 16:40:00;222.780;177.707; 90.402; 96.586;270.212
2024-05-03 16:45:00;221.120;175.783; 91.278; 99.573;270.956
2024-05-03 16:50:00;217.973;175.032; 89.998;100.474;268.468
2024-05-03 16:55:00;220.227;174.665; 89.520; 98.438;269.096
2024-05-03 17:00:00;222.937;177.333; 89.388; 98.789;269.220
2024-05-03 17:05:00;224.313;175.720; 90.322; 98.581;268.446
2024-05-03 17:10:00;221.907;175.635; 90.588; 98.732;271.586
2024-05-03 17:15:00;219.067;175.463; 90.044; 96.337;269.198
2024-05-03 17:20:00;222.453;176.752; 90.270; 98.397;269.630
2024-05-03 17:25:00;221.967;175.495; 91.024; 98.160;267.462
2024-05-03 17:30:00;220.867;175.595; 90.242; 98.142;270.416
2024-05-03 17:35:00;221.627;175.017; 90.232; 98.447;268.988
2024-05-03 17:40:00;221.173;174.575; 89.848; 97.937;268.264
2024-05-03 17:45:00;219.933;174.561; 89.766; 98.211;268.446
2024-05-03 17:50:00;219.030;175.208; 89.400; 98.458;270.836
2024-05-03 17:55:00;222.010;174.662; 90.566; 99.004;269.874
2024-05-03 18:00:00;224.387;173.961; 89.660; 98.670;268.268
2024-05-03 18:05:00;221.400;177.796; 90.008; 98.487;270.082
2024-05-03 18:10:00;222.020;175.841; 90.664; 99.222;271.050
2024-05-03 18:15:00;220.057;176.195; 89.074; 99.738;269.172
2024-05-03 18:20:00;222.917;176.425; 89.332; 99.016;268.860
2024-05-03 18:25:00;221.317;177.018; 88.176; 99.063;269.420
2024-05-03 18:30:00;220.300;176.140; 89.746; 98.845;270.358
2024-05-03 18:35:00;222.253;175.943; 90.172; 98.962;269.244
2024-05-03 18:40:00;222.037;174.659; 90.566; 97.636;268.474
2024-05-03 18:45:00;220.993;175.099; 90.330; 97.727;267.954
2024-05-03 18:50:00;221.443;174.377; 90.378; 98.370;266.818
2024-05-03 18:55:00;222.647;176.901; 89.812; 98.048;268.410
2024-05-03 19:00:00;219.613;177.296; 90.172; 97.979;267.664
2024-05-03 19:05:00;222.360;175.035; 88.942; 97.751;271.896
2024-05-03 19:10:00;218.730;176.019; 89.370;100.533;269.754
2024-05-03 19:15:00;221.000;174.988; 88.940; 99.827;269.204
2024-05-03 19:20:00;222.600;173.897; 89.340; 99.608;269.196
2024-05-03 19:25:00;221.467;176.653; 89.330; 98.631;272.650
2024-05-03 19:30:00;220.063;177.161; 90.904;100.049;269.182
2024-05-03 19:35:00;222.010;176.710; 89.824; 96.856;269.004
2024-05-03 19:40:00;221.050;175.215; 91.878; 97.480;271.060
2024-05-03 19:45:00;222.333;173.915; 92.266; 99.681;266.562
2024-05-03 19:50:00;221.700;174.199; 92.126; 96.716;270.828
2024-05-03 19:55:00;221.540;172.807; 89.762; 99.289;267.984
2024-05-03 20:00:00;220.427;174.266; 88.642; 99.766;269.682
2024-05-03 20:05:00;223.440;175.549; 89.420; 98.657;269.890
2024-05-03 20:10:00;222.850;176.316; 89.780;100.097;268.098
2024-05-03 20:15:00;221.303;173.875; 90.144; 98.507;270.562
2024-05-03 20:20:00;220.427;174.134; 88.710; 98.712;268.338
2024-05-03 20:25:00;220.243;173.317; 88.930; 98.041;269.928
2024-05-03 20:30:00;220.820;174.914; 88.600; 98.184;269.778
2024-05-03 20:35:00;221.223;176.239; 88.738; 98.443;267.662
2024-05-03 20:40:00;220.247;175.412; 88.818; 99.737;267.770
2024-05-03 20:45:00;223.063;176.122; 90.822; 99.529;269.680
2024-05-03 20:50:00;220.420;173.126; 89.722; 99.921;270.408
2024-05-03 20:55:00;221.430;172.588; 90.094; 98.219;268.886
2024-05-03 21:00:00;221.547;174.990; 90.520;100.264;268.866
2024-05-03 21:05:00;219.510;175.732; 90.578; 99.197;269.458
2024-05-03 21:10:00;219.917;171.793; 88.820; 96.984;268.062
2024-05-03 21:15:00;218.673;174.402; 88.974; 99.935;271.358
2024-05-03 21:20:00;219.293;175.201; 88.112; 96.696;268.788
2024-05-03 21:25:00;224.290;172.581; 89.346; 98.207;267.428
2024-05-03 21:30:00;222.040;173.575; 89.134; 97.734;267.954
2024-05-03 21:35:00;221.670;176.621; 88.308; 97.907;269.770
2024-05-03 21:40:00;222.197;174.187; 89.140; 98.484;272.142
2024-05-03 21:45:00;220.467;175.757; 89.208; 99.467;270.048
2024-05-03 21:50:00;216.963;174.004; 89.978; 98.795;270.934
2024-05-03 21:55:00;220.580;176.234; 89.244; 97.763;269.764
2024-05-03 22:00:00;221.260;175.424; 89.474; 97.429;267.974
2024-05-03 22:05:00;221.873;176.087; 88.706; 98.866;270.698
2024-05-03 22:10:00;219.950;174.940; 91.176; 98.429;270.600
2024-05-03 22:15:00;221.733;173.718; 89.034; 97.764;269.646
2024-05-03 22:20:00;219.693;175.180; 87.310; 96.407;268.410
2024-05-03 22:25:00;220.677;175.334; 89.200; 98.651;271.854
2024-05-03 22:30:00;220.337;177.098; 88.124; 99.571;268.876
2024-05-03 22:35:00;220.387;174.775; 89.340; 97.009;268.216
2024-05-03 22:40:00;221.957;173.811; 90.172; 98.007;270.896
2024-05-03 22:45:00;220.623;174.940; 89.254; 97.282;270.456
2024-05-03 22:50:00;216.990;173.593; 90.456; 98.836;269.454
2024-05-03 22:55:00;217.883;176.820; 88.138; 98.063;270.716
2024-05-03 23:00:00;221.990;174.989; 90.364; 97.768;269.854
2024-05-03 23:05:00;219.790;175.057; 87.726; 97.736;269.286
2024-05-03 23:10:00;220.113;174.441; 89.622; 97.587;271.600
2024-05-03 23:15:00;219.507;174.177; 88.866; 98.833;269.834
2024-05-03 23:20:00;221.030;174.649; 87.980; 99.188;269.528
2024-05-03 23:25:00;220.647;172.977; 88.834; 96.554;271.080
2024-05-03 23:30:00;222.987;173.843; 89.200; 98.363;267.990
2024-05-03 23:35:00;221.203;174.451; 88.824; 98.903;268.930
2024-05-03 23:40:00;221.520;175.428; 89.358; 98.618;268.724
2024-05-03 23:45:00;221.610;175.400; 89.356; 98.696;270.950
2024-05-03 23:50:00;219.207;172.473; 89.146; 98.130;268.920
2024-05-03 23:55:00;221.666;176.483; 88.290; 98.430;267.666
2024-05-04 00:00:00;221.513;175.342; 88.814; 99.314;267.904
2024-05-04 00:05:00;221.033;174.280; 87.882; 99.083;268.850
2024-05-04 00:10:00;220.850;176.655; 87.584; 98.792;268.764
2024-05-04 00:15:00;220.597;175.056; 90.742; 99.875;269.890
2024-05-04 00:20:00;219.797;174.984; 87.822; 98.597;269.322
2024-05-04 00:25:00;219.823;174.394; 89.734; 97.898;268.384
2024-05-04 00:30:00;219.490;174.008; 89.754; 98.841;267.824
2024-05-04 00:35:00;221.503;174.015; 89.442; 98.597;269.336
2024-05-04 00:40:00;219.077;173.404; 89.514; 98.064;268.374
2024-05-04 00:45:00;220.860;173.126; 88.064; 98.067;269.996
2024-05-04 00:50:00;220.350;174.935; 89.766; 99.302;268.910
2024-05-04 00:55:00;221.453;174.061; 88.932; 99.759;271.350
2024-05-04 01:00:00;218.800;175.189; 89.698; 98.487;266.986
2024-05-04 01:05:00;221.593;174.607; 88.886; 99.858;267.576
2024-05-04 01:10:00;219.760;175.880; 88.368; 99.219;268.418
2024-05-04 01:15:00;221.720;174.374; 90.326; 97.481;267.148
2024-05-04 01:20:00;219.453;175.041; 89.230; 98.252;269.594
2024-05-04 01:25:00;220.923;176.931; 89.298; 98.165;268.574
2024-05-04 01:30:00;220.800;175.122; 89.484; 98.905;269.796
2024-05-04 01:35:00;221.240;173.269; 88.996; 98.255;267.830
2024-05-04 01:40:00;220.323;176.666; 90.168; 98.174;270.200
2024-05-04 01:45:00;219.520;175.048; 88.344; 97.535;268.312
2024-05-04 01:50:00;221.340;174.823; 89.430; 97.083;270.102
2024-05-04 01:55:00;220.587;174.535; 90.448; 98.333;270.342
2024-05-04 02:00:00;220.157;175.468; 88.812; 96.020;268.044
2024-05-04 02:05:00;221.267;173.579; 89.310; 98.281;267.564
2024-05-04 02:10:00;218.797;174.160; 88.788; 97.558;266.954
2024-05-04 02:15:00;220.897;175.103; 87.292; 99.173;268.062
2024-05-04 02:20:00;218.927;175.783; 88.982; 99.830;268.804
2024-05-04 02:25:00;219.893;171.617; 88.750; 98.107;270.684
2024-05-04 02:30:00;218.673;173.076; 88.804; 98.356;267.970
2024-05-04 02:35:00;221.710;174.304; 90.518; 97.776;268.836
2024-05-04 02:40:00;220.300;174.311; 89.176; 98.025;270.386
2024-05-04 02:45:00;222.043;173.599; 89.744; 97.399;267.880
2024-05-04 02:50:00;219.410;174.538; 87.212; 97.994;269.626
2024-05-04 02:55:00;218.857;174.787; 87.900; 97.372;269.116
2024-05-04 03:00:00;219.630;174.225; 87.876; 98.372;267.490
2024-05-04 03:05:00;221.040;174.713; 89.514;101.105;266.940
2024-05-04 03:10:00;221.057;175.123; 87.432; 98.562;270.176
2024-05-04 03:15:00;219.497;175.226; 89.114; 98.271;268.744
2024-05-04 03:20:00;221.923;175.006; 88.106; 99.193;265.686
2024-05-04 03:25:00;221.083;174.472; 88.924; 96.910;266.552
2024-05-04 03:30:00;218.310;176.413; 88.886; 97.313;266.598
2024-05-04 03:35:00;217.937;175.722; 88.380; 98.627;268.928
2024-05-04 03:40:00;219.333;174.967; 88.982; 98.673;266.406
2024-05-04 03:45:00;220.156;175.775; 87.854; 98.792;268.748
2024-05-04 03:50:00;220.437;174.792; 88.056; 97.921;268.576
2024-05-04 03:55:00;219.960;176.330; 89.084; 98.722;265.776
2024-05-04 04:00:00;220.197;174.857; 87.912; 99.151;268.532
2024-05-04 04:05:00;220.303;173.913; 88.218; 97.405;266.930
2024-05-04 04:10:00;220.007;176.247; 88.068; 99.127;268.354
2024-05-04 04:15:00;221.130;174.657; 88.654; 98.251;266.560
2024-05-04 04:20:00;219.213;175.463; 88.460; 98.588;265.502
2024-05-04 04:25:00;218.690;174.603; 89.168; 99.277;265.986
2024-05-04 04:30:00;217.723;175.696; 88.578; 99.086;266.780
2024-05-04 04:35:00;220.570;174.207; 88.994; 98.517;267.936
2024-05-04 04:40:00;221.397;173.836; 88.826; 99.191;268.350
2024-05-04 04:45:00;219.667;174.015; 88.264; 97.650;268.016
2024-05-04 04:50:00;222.570;174.568; 88.398; 98.982;267.360
2024-05-04 04:55:00;220.547;177.089; 89.266; 97.541;267.846
2024-05-04 05:00:00;217.983;177.087; 88.312; 98.115;268.380
2024-05-04 05:05:00;220.647;175.555; 89.070; 97.580;268.140
2024-05-04 05:10:00;222.670;175.574; 89.986; 98.227;267.760
2024-05-04 05:15:00;222.130;175.602; 89.804; 98.067;266.470
2024-05-04 05:20:00;219.243;176.115; 89.146; 99.966;266.726
2024-05-04 05:25:00;221.917;176.338; 89.270; 97.631;266.426
2024-05-04 05:30:00;220.087;175.240; 90.060; 98.692;266.992
2024-05-04 05:35:00;221.090;175.383; 88.914; 98.700;267.896
2024-05-04 05:40:00;220.893;176.755; 88.116;100.367;266.666
2024-05-04 05:45:00;219.810;176.984; 90.218; 98.408;268.044
2024-05-04 05:50:00;220.773;176.027; 89.128; 98.542;265.938
2024-05-04 05:55:00;218.167;174.732; 89.876; 99.285;269.836
2024-05-04 06:00:00;219.643;177.278; 90.982; 98.340;266.362
2024-05-04 06:05:00;222.273;176.252; 89.486; 98.605;266.610
2024-05-04 06:10:00;222.017;174.773; 89.766; 99.486;267.016
2024-05-04 06:15:00;221.047;174.600; 90.140; 98.616;266.540
2024-05-04 06:20:00;219.327;175.544; 89.288; 97.107;266.572
2024-05-04 06:25:00;219.437;175.617; 89.848; 98.385;264.666
2024-05-04 06:30:00;217.573;176.667; 89.642;100.881;267.010
2024-05-04 06:35:00;219.736;175.800; 89.010; 98.441;268.270
2024-05-04 06:40:00;220.247;177.928; 88.232; 99.222;267.694
2024-05-04 06:45:00;217.384;174.859; 89.594; 98.191;267.022
2024-05-04 06:50:00;220.347;177.100; 88.578; 99.012;267.474
2024-05-04 06:55:00;220.083;174.408; 89.348; 99.481;269.810
2024-05-04 07:00:00;219.644;176.924; 89.472; 99.796;267.676
2024-05-04 07:05:00;222.540;176.738; 88.766; 99.116;264.574
2024-05-04 07:10:00;219.100;176.841; 89.722; 97.844;266.876
2024-05-04 07:15:00;220.040;173.130; 88.690; 98.106;267.388
2024-05-04 07:20:00;220.383;176.112; 89.628; 99.918;268.958
2024-05-04 07:25:00;219.030;177.669; 88.156; 98.910;266.842
2024-05-04 07:30:00;221.773;174.859; 89.206; 99.315;266.744
2024-05-04 07:35:00;219.837;176.073; 87.668; 98.250;268.816
2024-05-04 07:40:00;221.220;177.259; 88.014; 98.591;268.156
2024-05-04 07:45:00;220.017;176.855; 89.096; 99.380;268.022
2024-05-04 07:50:00;219.543;176.423; 87.674; 99.829;267.560
2024-05-04 07:55:00;221.797;175.302; 88.400; 99.412;266.770
2024-05-04 08:00:00;221.100;177.161; 89.702; 97.828;267.180
2024-05-04 08:05:00;218.583;175.757; 88.474; 99.133;269.010
2024-05-04 08:10:00;221.040;175.247; 91.890; 99.425;266.734
2024-05-04 08:15:00;218.960;176.309; 88.836; 99.376;265.724
2024-05-04 08:20:00;219.793;174.319; 88.140; 99.230;268.202
2024-05-04 08:25:00;219.677;175.710; 89.722; 99.107;265.912
2024-05-04 08:30:00;220.750;174.371; 88.704; 98.180;267.518
2024-05-04 08:35:00;219.963;176.854; 89.470; 98.419;266.178
2024-05-04 08:40:00;222.600;174.152; 88.952; 99.167;269.030
2024-05-04 08:45:00;218.380;176.722; 87.944; 99.283;266.166
2024-05-04 08:50:00;219.590;176.458; 90.284; 98.840;267.328
2024-05-04 08:55:00;216.103;176.042; 89.624; 98.925;269.240
2024-05-04 09:00:00;220.903;174.849; 89.380; 98.960;267.792
2024-05-04 09:05:00;220.957;176.071; 89.790; 99.986;265.970
2024-05-04 09:10:00;219.967;174.812; 89.282; 99.438;267.934
2024-05-04 09:15:00;218.447;175.564; 88.644; 98.445;266.022
2024-05-04 09:20:00;222.330;176.343; 88.428; 99.773;268.444
2024-05-04 09:25:00;219.797;176.501; 88.036; 99.118;268.882
2024-05-04 09:30:00;220.450;175.781; 91.042; 99.331;268.524
2024-05-04 09:35:00;219.610;174.873; 89.874; 99.377;266.338
2024-05-04 09:40:00;221.743;177.133; 88.178; 99.818;265.156
2024-05-04 09:45:00;217.757;176.843; 88.546; 98.703;267.556
2024-05-04 09:50:00;220.007;179.325; 89.134; 98.028;265.430
2024-05-04 09:55:00;220.756;177.228; 87.420; 98.504;267.688
2024-05-04 10:00:00;221.953;176.126; 89.524; 99.043;266.712
2024-05-04 10:05:00;219.060;174.398; 88.580; 98.704;267.198
2024-05-04 10:10:00;219.117;176.801; 89.706; 99.040;269.530
2024-05-04 10:15:00;221.460;176.753; 89.722; 97.549;268.410
2024-05-04 10:20:00;220.987;175.391; 89.534; 98.519;265.838
2024-05-04 10:25:00;221.227;176.071; 89.312; 98.592;268.656
2024-05-04 10:30:00;219.920;175.286; 89.674; 99.753;266.746
2024-05-04 10:35:00;222.100;175.030; 88.890;100.557;268.766
2024-05-04 10:40:00;219.407;175.297; 89.848;100.068;268.002
2024-05-04 10:45:00;223.623;177.281; 88.624; 97.572;266.662
2024-05-04 10:50:00;220.073;176.077; 88.764;100.134;267.688
2024-05-04 10:55:00;221.833;174.742; 90.632; 99.489;268.196
2024-05-04 11:00:00;220.790;176.903; 88.404; 98.180;267.450
2024-05-04 11:05:00;218.983;177.232; 88.478; 98.182;267.212
2024-05-04 11:10:00;220.897;175.488; 88.918; 99.391;270.362
2024-05-04 11:15:00;219.723;176.306; 89.296; 99.310;268.556
2024-05-04 11:20:00;222.107;178.043; 88.988; 99.447;267.398
2024-05-04 11:25:00;220.037;176.371; 90.494; 98.543;267.316
2024-05-04 11:30:00;221.083;176.127; 89.036; 98.752;263.700
2024-05-04 11:35:00;220.267;175.399; 90.684; 99.769;266.960
2024-05-04 11:40:00;218.177;176.625; 89.622; 98.880;267.608
2024-05-04 11:45:00;222.837;178.769; 89.174;100.678;265.368
2024-05-04 11:50:00;220.773;176.406; 88.868; 99.285;266.710
2024-05-04 11:55:00;219.703;175.965; 88.772; 98.474;267.310
2024-05-04 12:00:00;221.723;174.670; 88.894; 99.232;269.000
2024-05-04 12:05:00;221.677;175.963; 90.292;100.937;263.400
2024-05-04 12:10:00;220.237;176.425; 89.482; 98.302;267.178
2024-05-04 12:15:00;219.573;176.113; 88.562; 98.303;268.122
2024-05-04 12:20:00;219.387;175.000; 87.772; 98.912;266.876
2024-05-04 12:25:00;222.937;176.572; 87.892; 97.977;266.836
2024-05-04 12:30:00;219.923;176.501; 89.616; 99.372;267.998
2024-05-04 12:35:00;220.470;177.322; 88.286; 99.491;267.272
2024-05-04 12:40:00;222.547;176.231; 88.958; 98.860;269.372
2024-05-04 12:45:00;220.400;174.473; 89.684; 98.713;266.690
2024-05-04 12:50:00;219.733;177.322; 87.786; 98.826;266.694
2024-05-04 12:55:00;218.660;175.325; 88.142;100.023;267.166
2024-05-04 13:00:00;219.460;174.409; 89.888;100.338;268.028
2024-05-04 13:05:00;221.653;177.845; 90.528; 99.521;268.240
2024-05-04 13:10:00;219.977;175.064; 90.208; 99.115;268.224
2024-05-04 13:15:00;221.980;174.601; 89.514; 98.529;265.458
2024-05-04 13:20:00;218.723;178.706; 88.378; 99.106;266.574
2024-05-04 13:25:00;216.937;174.146; 87.914; 99.427;265.538
2024-05-04 13:30:00;222.823;176.873; 89.140; 98.594;269.574
2024-05-04 13:35:00;220.197;176.202; 89.110; 99.753;268.036
2024-05-04 13:40:00;219.790;176.084; 88.264; 99.175;266.538
2024-05-04 13:45:00;219.360;174.810; 88.864; 98.252;266.816
2024-05-04 13:50:00;220.800;175.767; 89.202;100.044;266.222
2024-05-04 13:55:00;219.320;175.876; 88.610; 99.827;268.800
2024-05-04 14:00:00;220.897;176.941; 89.340; 98.764;270.132
2024-05-04 14:05:00;221.367;175.662; 88.786; 99.498;266.664
2024-05-04 14:10:00;219.050;175.172; 87.300; 98.201;268.124
2024-05-04 14:15:00;220.900;176.800; 89.712; 99.644;266.672
2024-05-04 14:20:00;217.907;175.455; 88.836; 99.233;266.974
2024-05-04 14:25:00;221.640;176.034; 88.616;100.019;265.006
2024-05-04 14:30:00;220.456;176.474; 89.258; 99.291;266.474
2024-05-04 14:35:00;220.420;175.307; 87.894; 99.012;266.790
2024-05-04 14:40:00;221.373;175.816; 90.124; 97.654;266.756
2024-05-04 14:45:00;220.217;176.457; 88.434; 98.690;268.652
2024-05-04 14:50:00;219.887;173.794; 89.286; 98.591;268.232
2024-05-04 14:55:00;219.373;176.628; 89.420;100.410;266.728
2024-05-04 15:00:00;218.943;176.865; 89.404; 97.963;267.546
2024-05-04 15:05:00;222.140;173.772; 89.540; 98.320;266.316
2024-05-04 15:10:00;222.050;176.098; 87.386;100.485;268.650
2024-05-04 15:15:00;221.697;176.235; 90.100; 98.497;267.304
2024-05-04 15:20:00;221.160;176.131; 88.926; 98.264;267.068
2024-05-04 15:25:00;219.653;177.454; 88.742; 99.667;267.886
2024-05-04 15:30:00;219.900;177.449; 88.998; 98.020;269.538
2024-05-04 15:35:00;221.557;178.059; 89.032; 99.022;268.284
2024-05-04 15:40:00;220.880;176.839; 89.396; 98.716;267.254
2024-05-04 15:45:00;218.723;176.029; 89.620; 96.903;266.746
2024-05-04 15:50:00;221.530;176.378; 90.094; 98.523;267.662
2024-05-04 15:55:00;221.103;173.946; 88.508; 99.518;268.798
2024-05-04 16:00:00;223.127;177.346; 89.088; 98.848;267.256
2024-05-04 16:05:00;222.393;175.603; 87.368; 99.303;265.830
2024-05-04 16:10:00;222.403;175.836; 89.948; 98.623;266.234
2024-05-04 16:15:00;219.690;176.295; 88.798; 97.810;269.244
2024-05-04 16:20:00;221.777;176.175; 88.582; 99.728;268.904
2024-05-04 16:25:00;221.557;174.009; 89.828; 99.954;270.264
2024-05-04 16:30:00;220.200;175.439; 89.356; 98.805;266.570
2024-05-04 16:35:00;223.153;176.080; 88.870;101.613;268.140
2024-05-04 16:40:00;220.573;174.979; 87.314; 99.918;267.134
2024-05-04 16:45:00;219.870;175.157; 87.728; 98.652;268.196
2024-05-04 16:50:00;221.437;176.268; 87.870; 96.683;266.756
2024-05-04 16:55:00;221.070;176.630; 88.606;100.042;269.108
2024-05-04 17:00:00;220.450;175.199; 88.194; 96.874;267.654
2024-05-04 17:05:00;220.833;176.568; 86.782;100.719;267.376
2024-05-04 17:10:00;222.843;173.050; 89.112; 99.199;265.116
2024-05-04 17:15:00;221.487;175.583; 88.834; 98.066;267.314
2024-05-04 17:20:00;219.967;175.056; 89.182; 97.745;268.054
2024-05-04 17:25:00;221.280;174.802; 88.596; 99.238;267.560
2024-05-04 17:30:00;219.377;175.442; 88.510;100.545;267.032
2024-05-04 17:35:00;220.863;175.438; 90.384; 98.209;267.372
2024-05-04 17:40:00;222.037;175.465; 88.384; 99.420;268.384
2024-05-04 17:45:00;220.653;175.349; 88.264; 97.626;267.878
2024-05-04 17:50:00;222.326;176.008; 89.310; 98.211;267.560
2024-05-04 17:55:00;221.213;176.376; 89.116;100.480;269.212
2024-05-04 18:00:00;218.714;176.777; 87.872; 98.801;266.896
2024-05-04 18:05:00;222.450;172.028; 87.562; 99.696;267.574
2024-05-04 18:10:00;222.610;175.942; 89.806; 97.892;268.442
2024-05-04 18:15:00;221.183;174.390; 87.734;100.335;268.420
2024-05-04 18:20:00;220.720;176.190; 88.032;100.143;267.082
2024-05-04 18:25:00;220.380;175.130; 89.710; 98.874;268.174
2024-05-04 18:30:00;221.003;173.456; 88.910; 98.471;264.516
2024-05-04 18:35:00;221.743;176.417; 89.806; 97.785;265.828
2024-05-04 18:40:00;220.207;174.253; 89.278; 99.188;268.096
2024-05-04 18:45:00;221.313;175.115; 90.584; 97.981;263.400
2024-05-04 18:50:00;221.070;178.204; 89.016; 98.996;266.180
2024-05-04 18:55:00;221.233;176.105; 89.140; 96.484;270.562
2024-05-04 19:00:00;220.787;176.708; 88.828; 98.503;267.998
2024-05-04 19:05:00;221.817;174.116; 88.354; 98.259;267.960
2024-05-04 19:10:00;220.207;174.464; 89.042; 98.252;264.248
2024-05-04 19:15:00;221.897;174.634; 89.090; 98.423;267.096
2024-05-04 19:20:00;220.880;178.196; 90.132; 96.854;267.590
2024-05-04 19:25:00;219.806;174.725; 89.822; 97.102;265.992
2024-05-04 19:30:00;222.543;175.473; 89.278; 97.748;266.578
2024-05-04 19:35:00;221.017;176.104; 88.138;100.448;265.638
2024-05-04 19:40:00;219.880;175.924; 88.362; 97.699;264.858
2024-05-04 19:45:00;222.387;176.113; 89.134; 99.081;265.640
2024-05-04 19:50:00;223.500;175.934; 88.970; 98.152;266.954
2024-05-04 19:55:00;221.923;174.931; 88.796; 97.415;266.334
2024-05-04 20:00:00;222.213;176.846; 89.318; 99.712;267.342
2024-05-04 20:05:00;220.257;173.963; 89.284; 98.005;266.508
2024-05-04 20:10:00;223.040;177.058; 89.204; 97.178;265.906
2024-05-04 20:15:00;220.787;175.261; 89.632; 98.747;267.310
2024-05-04 20:20:00;221.630;175.781; 88.732; 99.276;266.448
2024-05-04 20:25:00;221.453;174.532; 88.900; 97.677;267.564
2024-05-04 20:30:00;219.997;175.452; 90.020; 97.027;265.736
2024-05-04 20:35:00;220.857;177.232; 89.762; 99.044;264.910
2024-05-04 20:40:00;221.690;175.919; 89.134; 98.635;266.344
2024-05-04 20:45:00;223.960;173.074; 88.942; 98.217;264.220
2024-05-04 20:50:00;219.900;174.207; 89.264; 99.133;268.104
2024-05-04 20:55:00;220.673;173.960; 90.300; 98.189;267.002
2024-05-04 21:00:00;222.333;174.543; 89.480; 99.439;266.798
2024-05-04 21:05:00;222.697;175.691; 89.302; 96.075;266.448
2024-05-04 21:10:00;221.490;175.573; 88.562; 98.736;265.566
2024-05-04 21:15:00;220.680;175.372; 89.316; 98.559;267.796
2024-05-04 21:20:00;220.186;174.848; 90.016;101.159;264.938
2024-05-04 21:25:00;221.360;176.336; 89.290; 98.605;266.210
2024-05-04 21:30:00;219.317;175.648; 88.876; 98.680;264.680
2024-05-04 21:35:00;221.013;175.944; 89.060; 98.033;266.610
2024-05-04 21:40:00;221.690;174.790; 89.740; 99.045;265.150
2024-05-04 21:45:00;223.274;174.737; 88.784; 98.609;265.890
2024-05-04 21:50:00;221.377;173.821; 90.486; 99.076;263.850
2024-05-04 21:55:00;221.614;175.758; 87.752; 98.702;268.176
2024-05-04 22:00:00;220.883;173.559; 88.792; 96.473;265.162
2024-05-04 22:05:00;218.430;174.323; 88.944; 97.586;267.386
2024-05-04 22:10:00;219.320;175.407; 89.394; 99.491;265.280
2024-05-04 22:15:00;220.217;176.002; 90.810;100.145;265.424
2024-05-04 22:20:00;219.457;173.742; 88.424; 99.652;266.214
2024-05-04 22:25:00;221.107;174.753; 89.040; 98.522;266.328
2024-05-04 22:30:00;221.587;173.667; 90.044;100.291;264.052
2024-05-04 22:35:00;219.037;174.653; 89.140; 98.738;268.048
2024-05-04 22:40:00;220.724;174.103; 88.596; 97.830;267.040
2024-05-04 22:45:00;219.804;174.787; 89.170; 99.609;267.356
2024-05-04 22:50:00;220.510;173.162; 88.636; 98.082;265.516
2024-05-04 22:55:00;220.907;175.369; 89.014; 98.616;265.640
2024-05-04 23:00:00;221.047;175.372; 89.852;100.034;268.282
2024-05-04 23:05:00;221.993;174.243; 88.026; 98.741;265.006
2024-05-04 23:10:00;221.987;174.304; 88.356; 99.764;266.120
2024-05-04 23:15:00;221.527;173.284; 89.336; 97.474;268.470
2024-05-04 23:20:00;222.153;176.412; 90.580; 99.390;264.184
2024-05-04 23:25:00;221.063;173.362; 89.268; 99.354;266.774
2024-05-04 23:30:00;220.093;175.271; 89.606; 98.346;267.026
2024-05-04 23:35:00;220.140;174.012; 89.320; 98.237;266.316
2024-05-04 23:40:00;222.640;175.711; 88.272;100.253;265.066
2024-05-04 23:45:00;220.157;173.979; 88.958; 98.602;264.272
2024-05-04 23:50:00;220.320;173.262; 90.542; 98.029;264.880
2024-05-04 23:55:00;221.717;174.345; 89.586; 99.715;266.174
2024-05-05 00:00:00;218.223;177.166; 88.942; 97.812;266.984
2024-05-05 00:05:00;218.007;175.271; 87.424; 98.823;264.610
2024-05-05 00:10:00;222.026;174.904; 89.182;100.789;267.032
2024-05-05 00:15:00;222.883;174.876; 87.636; 97.791;266.630
2024-05-05 00:20:00;222.727;175.010; 86.646; 99.452;264.580
2024-05-05 00:25:00;221.330;174.686; 88.166; 98.906;265.338
2024-05-05 00:30:00;222.507;174.634; 88.822;100.883;266.348
2024-05-05 00:35:00;220.633;174.830; 89.838; 99.245;265.466
2024-05-05 00:40:00;223.847;174.895; 88.494;100.065;267.074
2024-05-05 00:45:00;221.373;176.361; 88.696; 98.860;266.816
2024-05-05 00:50:00;219.533;174.204; 88.722;100.085;265.438
2024-05-05 00:55:00;219.673;172.522; 89.506; 97.368;268.024
2024-05-05 01:00:00;218.783;174.004; 88.986; 98.293;265.622
2024-05-05 01:05:00;219.107;173.764; 88.556; 98.940;265.878
2024-05-05 01:10:00;218.767;173.578; 88.466; 97.655;264.950
2024-05-05 01:15:00;216.587;174.333; 88.100; 98.549;266.938
2024-05-05 01:20:00;218.033;174.633; 88.874; 97.844;263.608
2024-05-05 01:25:00;219.320;174.584; 88.040; 99.066;266.292
2024-05-05 01:30:00;220.263;173.109; 89.450; 98.224;266.274
2024-05-05 01:35:00;221.843;175.403; 87.926; 97.786;265.556
2024-05-05 01:40:00;222.027;175.503; 88.638; 98.870;264.742
2024-05-05 01:45:00;217.963;174.694; 89.266; 98.529;266.914
2024-05-05 01:50:00;220.253;177.891; 89.020; 96.869;264.192
2024-05-05 01:55:00;222.053;173.511; 88.010; 99.597;266.278
2024-05-05 02:00:00;220.550;175.916; 89.362; 98.582;264.310
2024-05-05 02:05:00;223.287;172.990; 87.572; 98.016;265.030
2024-05-05 02:10:00;220.494;175.005; 89.120; 98.253;264.582
2024-05-05 02:15:00;221.403;174.869; 88.688; 98.803;264.928
2024-05-05 02:20:00;222.897;175.839; 89.434; 98.661;265.398
2024-05-05 02:25:00;221.013;175.271; 88.924; 98.431;264.902
2024-05-05 02:30:00;219.790;174.829; 90.646; 99.384;265.904
2024-05-05 02:35:00;222.313;174.239; 89.294; 97.856;263.534
2024-05-05 02:40:00;220.087;173.094; 88.192; 98.059;267.136
2024-05-05 02:45:00;219.027;173.110; 88.472; 98.609;264.784
2024-05-05 02:50:00;220.510;175.968; 90.928; 99.033;265.420
2024-05-05 02:55:00;220.607;173.450; 88.074; 98.132;267.050
2024-05-05 03:00:00;218.867;173.204; 90.074; 98.909;266.680
2024-05-05 03:05:00;220.953;173.550; 86.700; 98.105;266.972
2024-05-05 03:10:00;219.793;175.583; 88.996;100.692;264.726
2024-05-05 03:15:00;223.120;177.320; 88.548; 97.426;265.770
2024-05-05 03:20:00;222.597;173.784; 89.024; 99.963;267.612
2024-05-05 03:25:00;219.417;174.478; 88.216; 98.264;265.524
2024-05-05 03:30:00;219.017;175.092; 88.328; 98.441;264.220
2024-05-05 03:35:00;220.337;174.280; 88.636; 98.756;266.284
2024-05-05 03:40:00;219.170;174.471; 88.680; 99.129;265.714
2024-05-05 03:45:00;220.430;174.810; 88.842; 99.015;265.282
2024-05-05 03:50:00;220.223;172.619; 88.558; 97.244;267.038
2024-05-05 03:55:00;219.710;177.676; 89.454;100.085;267.032
2024-05-05 04:00:00;220.537;175.778; 87.798; 99.219;263.116
2024-05-05 04:05:00;219.823;173.412; 87.786;101.149;264.340
2024-05-05 04:10:00;221.123;175.768; 88.246; 99.081;266.006
2024-05-05 04:15:00;219.050;174.325; 86.404;100.890;264.602
2024-05-05 04:20:00;222.553;175.057; 87.654; 99.521;265.602
2024-05-05 04:25:00;220.497;174.912; 87.942; 98.965;265.866
2024-05-05 04:30:00;221.067;175.175; 88.748; 99.294;265.076
2024-05-05 04:35:00;221.163;175.470; 89.544; 99.625;267.056
2024-05-05 04:40:00;220.107;173.882; 89.764; 96.556;266.622
2024-05-05 04:45:00;219.310;175.767; 90.164; 99.023;267.492
2024-05-05 04:50:00;220.710;175.527; 88.164; 99.625;267.088
2024-05-05 04:55:00;219.103;174.414; 88.922; 98.776;266.496
2024-05-05 05:00:00;218.380;174.432; 87.890; 99.370;265.658
2024-05-05 05:05:00;220.453;173.147; 88.866; 98.094;266.298
2024-05-05 05:10:00;219.523;173.566; 89.120; 99.877;267.160
2024-05-05 05:15:00;223.327;174.225; 88.614; 98.137;266.306
2024-05-05 05:20:00;219.843;172.622; 88.912; 98.723;269.154
2024-05-05 05:25:00;221.507;173.017; 88.510; 97.874;266.566
2024-05-05 05:30:00;218.940;174.729; 87.844; 98.879;264.750
2024-05-05 05:35:00;220.253;173.735; 88.976; 98.295;265.778
2024-05-05 05:40:00;220.620;172.290; 88.102; 99.201;265.216
2024-05-05 05:45:00;220.297;173.066; 88.418; 99.180;264.626
2024-05-05 05:50:00;216.787;176.367; 88.198; 97.238;265.980
2024-05-05 05:55:00;220.450;174.413; 88.000; 99.530;269.456
2024-05-05 06:00:00;217.550;175.016; 88.910; 97.257;265.852
2024-05-05 06:05:00;219.883;174.375; 87.918; 98.911;265.178
2024-05-05 06:10:00;217.960;171.176; 89.728; 98.885;267.526
2024-05-05 06:15:00;220.667;173.126; 88.714; 98.560;267.796
2024-05-05 06:20:00;218.713;173.271; 88.748; 98.480;266.422
2024-05-05 06:25:00;220.060;172.640; 88.658; 96.742;267.726
2024-05-05 06:30:00;222.183;173.381; 88.826; 98.268;265.242
2024-05-05 06:35:00;220.217;174.438; 90.200; 98.315;265.218
2024-05-05 06:40:00;221.160;173.592; 87.500; 98.573;267.800
2024-05-05 06:45:00;221.490;172.482; 89.522; 98.096;267.310
2024-05-05 06:50:00;220.243;172.389; 89.838; 98.848;265.556
2024-05-05 06:55:00;220.767;172.509; 88.152; 98.074;267.978
2024-05-05 07:00:00;219.547;173.169; 87.564; 97.919;266.814
2024-05-05 07:05:00;218.130;173.009; 87.544; 98.589;267.940
2024-05-05 07:10:00;220.987;174.831; 88.734; 97.706;266.602
2024-05-05 07:15:00;217.140;174.572; 88.912; 98.078;268.074
2024-05-05 07:20:00;221.837;174.756; 88.868; 99.338;268.018
2024-05-05 07:25:00;220.760;173.692; 88.334; 99.345;266.772
2024-05-05 07:30:00;220.147;173.987; 89.228; 99.047;267.644
2024-05-05 07:35:00;220.280;173.513; 90.084; 99.999;266.268
2024-05-05 07:40:00;219.610;175.195; 90.236;100.783;267.876
2024-05-05 07:45:00;220.150;173.945; 88.782; 99.639;265.714
2024-05-05 07:50:00;221.576;174.495; 89.202;100.591;267.932
2024-05-05 07:55:00;222.357;173.024; 88.500; 98.617;265.520
2024-05-05 08:00:00;218.670;172.985; 87.184; 99.763;266.438
2024-05-05 08:05:00;220.263;172.331; 90.124; 98.462;266.768
2024-05-05 08:10:00;222.083;172.671; 87.912; 98.740;266.620
2024-05-05 08:15:00;220.313;175.369; 88.500;100.813;266.746
2024-05-05 08:20:00;220.247;174.296; 88.060; 98.358;266.990
2024-05-05 08:25:00;221.890;173.143; 87.610; 99.582;266.280
2024-05-05 08:30:00;219.573;173.125; 88.164; 98.917;265.608
2024-05-05 08:35:00;220.270;174.860; 88.358; 97.304;265.718
2024-05-05 08:40:00;217.713;173.944; 88.168; 99.180;265.216
2024-05-05 08:45:00;221.120;172.599; 88.310; 98.777;267.762
2024-05-05 08:50:00;221.313;170.432; 89.278; 99.210;266.220
2024-05-05 08:55:00;221.423;174.332; 89.298; 97.772;265.432
2024-05-05 09:00:00;220.730;173.318; 89.860; 99.231;265.432
2024-05-05 09:05:00;219.527;173.940; 88.192; 99.101;266.914
2024-05-05 09:10:00;218.997;172.311; 89.236; 99.120;265.746
2024-05-05 09:15:00;219.727;174.314; 88.300; 98.590;264.348
2024-05-05 09:20:00;217.530;171.988; 87.740; 99.122;267.394
2024-05-05 09:25:00;220.430;170.776; 89.118; 97.680;267.814
2024-05-05 09:30:00;222.096;172.896; 88.944; 98.064;265.270
2024-05-05 09:35:00;222.333;172.215; 88.566; 99.620;264.658
2024-05-05 09:40:00;220.523;171.168; 89.018; 99.592;264.924
2024-05-05 09:45:00;220.540;172.454; 87.634; 99.052;265.114
2024-05-05 09:50:00;218.280;172.174; 89.296; 97.056;264.658
2024-05-05 09:55:00;217.873;172.855; 88.812; 99.652;264.196
2024-05-05 10:00:00;220.737;172.641; 90.196; 98.280;265.296
2024-05-05 10:05:00;221.160;172.806; 87.574; 99.100;266.408
2024-05-05 10:10:00;219.987;172.643; 87.280; 98.253;264.980
2024-05-05 10:15:00;220.237;174.061; 88.438; 98.724;266.492
2024-05-05 10:20:00;219.023;174.405; 88.166; 99.026;265.354
2024-05-05 10:25:00;219.913;174.137; 90.048; 99.451;266.208
2024-05-05 10:30:00;222.063;172.530; 89.732; 98.969;265.704
2024-05-05 10:35:00;217.147;173.267; 87.786; 97.507;265.688
2024-05-05 10:40:00;221.437;174.403; 88.980; 99.372;264.848
2024-05-05 10:45:00;220.307;174.050; 88.210; 99.043;268.782
2024-05-05 10:50:00;219.350;174.302; 87.052;100.519;265.008
2024-05-05 10:55:00;221.583;172.466; 88.208; 98.749;266.048
2024-05-05 11:00:00;219.810;174.734; 88.878; 96.687;264.604
2024-05-05 11:05:00;220.593;172.103; 87.318; 97.601;265.664
2024-05-05 11:10:00;219.557;173.683; 88.716; 99.337;266.346
2024-05-05 11:15:00;219.694;174.795; 88.102; 99.395;265.132
2024-05-05 11:20:00;221.967;171.150; 88.620;100.361;266.842
2024-05-05 11:25:00;220.537;173.383; 88.426; 98.596;265.004
2024-05-05 11:30:00;216.887;173.549; 89.220; 97.443;268.962
2024-05-05 11:35:00;220.360;173.496; 88.462; 99.207;268.438
2024-05-05 11:40:00;218.723;171.051; 90.096; 99.293;264.200
2024-05-05 11:45:00;219.783;172.855; 90.096; 98.050;263.640
2024-05-05 11:50:00;219.343;173.759; 88.640; 97.940;264.894
2024-05-05 11:55:00;218.533;173.227; 88.084; 99.638;263.974
2024-05-05 12:00:00;218.670;171.623; 87.610; 98.208;265.544
2024-05-05 12:05:00;219.320;172.824; 89.200; 99.597;266.546
2024-05-05 12:10:00;219.830;175.263; 88.972;100.594;266.632
2024-05-05 12:15:00;219.383;173.403; 88.630; 97.851;266.392
2024-05-05 12:20:00;220.240;174.304; 86.422; 98.305;267.540
2024-05-05 12:25:00;218.003;173.220; 89.562; 98.257;266.214
2024-05-05 12:30:00;219.647;173.930; 88.572; 98.811;264.274
2024-05-05 12:35:00;219.830;173.686; 89.162; 97.597;265.388
2024-05-05 12:40:00;220.537;173.840; 89.500;100.028;266.438
2024-05-05 12:45:00;218.703;175.163; 86.918; 98.166;265.532
2024-05-05 12:50:00;220.490;173.854; 88.802; 99.345;265.172
2024-05-05 12:55:00;216.713;173.395; 87.644; 98.461;266.974
2024-05-05 13:00:00;219.560;174.115; 89.098; 98.946;267.248
2024-05-05 13:05:00;219.257;174.956; 87.310; 99.018;266.304
2024-05-05 13:10:00;220.663;174.808; 88.592; 99.118;265.250
2024-05-05 13:15:00;219.430;176.703; 88.254; 97.710;266.860
2024-05-05 13:20:00;220.287;174.231; 87.120; 98.514;265.262
2024-05-05 13:25:00;218.513;174.828; 88.410; 98.650;267.058
2024-05-05 13:30:00;218.077;172.357; 88.350; 98.726;266.104
2024-05-05 13:35:00;221.493;173.385; 89.290; 97.774;265.826
2024-05-05 13:40:00;220.687;175.585; 88.488; 99.819;267.960
2024-05-05 13:45:00;220.023;174.962; 87.488; 98.110;264.776
2024-05-05 13:50:00;219.193;174.186; 87.270; 99.356;266.148
2024-05-05 13:55:00;220.417;173.240; 88.946; 97.871;267.038
2024-05-05 14:00:00;218.713;173.186; 87.944; 98.273;268.072
2024-05-05 14:05:00;221.177;174.632; 87.904; 98.949;266.646
2024-05-05 14:10:00;217.957;174.824; 87.900; 99.517;264.078
2024-05-05 14:15:00;217.037;175.062; 87.198; 99.604;267.256
2024-05-05 14:20:00;221.513;174.247; 89.758;100.213;265.902
2024-05-05 14:25:00;218.353;175.353; 88.876; 99.719;264.728
2024-05-05 14:30:00;219.930;176.649; 88.286; 97.593;267.280
2024-05-05 14:35:00;217.217;174.969; 89.476; 99.536;265.874
2024-05-05 14:40:00;219.537;176.471; 88.478; 97.667;265.838
2024-05-05 14:45:00;220.180;173.826; 88.064; 99.518;265.800
2024-05-05 14:50:00;217.797;176.085; 89.094; 97.258;267.508
2024-05-05 14:55:00;218.650;172.265; 88.616; 99.500;265.882
2024-05-05 15:00:00;216.907;171.775; 88.780; 99.067;265.164
2024-05-05 15:05:00;218.606;175.071; 88.702; 97.971;264.302
2024-05-05 15:10:00;216.577;175.219; 88.892; 97.004;265.492
2024-05-05 15:15:00;218.257;174.824; 87.766; 98.301;265.686
2024-05-05 15:20:00;219.560;174.345; 89.322; 96.986;266.488
2024-05-05 15:25:00;220.280;175.342; 89.384;100.886;264.754
2024-05-05 15:30:00;218.363;178.174; 88.258; 98.979;265.970
2024-05-05 15:35:00;219.123;173.862; 90.662; 99.200;266.000
2024-05-05 15:40:00;217.333;177.701; 88.884;100.297;264.582
2024-05-05 15:45:00;219.300;175.493; 88.536; 99.198;265.486
2024-05-05 15:50:00;218.243;175.723; 89.066; 99.730;265.220
2024-05-05 15:55:00;218.873;175.802; 87.388;100.204;267.260
2024-05-05 16:00:00;   NaN;174.928; 88.312;100.775;264.868
2024-05-05 16:05:00;   NaN;173.847; 90.366; 96.900;264.716
2024-05-05 16:10:00;   NaN;176.762; 88.828; 98.909;267.558
2024-05-05 16:15:00;   NaN;176.933; 88.464;100.505;265.816
2024-05-05 16:20:00;   NaN;176.447; 90.402; 98.881;264.606
2024-05-05 16:25:00;   NaN;175.174; 87.936; 97.932;264.634
2024-05-05 16:30:00;   NaN;175.760; 88.260; 99.013;265.208
2024-05-05 16:35:00;   NaN;173.804; 87.338; 99.596;266.800
2024-05-05 16:40:00;   NaN;175.850; 89.032; 97.451;265.688
2024-05-05 16:45:00;   NaN;175.896; 87.262; 99.485;266.632
2024-05-05 16:50:00;   NaN;174.924; 87.472;100.068;266.766
2024-05-05 16:55:00;   NaN;174.449; 88.818; 98.985;266.334
2024-05-05 17:00:00;218.413;174.322; 89.414; 99.441;265.894
2024-05-05 17:05:00;219.583;174.584; 87.686; 98.162;266.104
2024-05-05 17:10:00;220.380;178.027; 87.834; 98.803;266.672
2024-05-05 17:15:00;218.810;174.476; 89.162; 99.910;265.264
2024-05-05 17:20:00;220.177;176.772; 89.490; 99.585;263.318
2024-05-05 17:25:00;220.047;175.045; 89.472; 98.658;268.034
2024-05-05 17:30:00;219.187;175.929; 87.466; 98.194;265.712
2024-05-05 17:35:00;222.167;175.730; 87.800; 98.292;265.842
2024-05-05 17:40:00;219.200;176.117; 88.506; 98.538;265.140
2024-05-05 17:45:00;217.433;173.837; 86.644;100.540;265.786
2024-05-05 17:50:00;220.767;175.649; 88.376; 97.140;265.508
2024-05-05 17:55:00;220.720;174.470; 88.362; 97.868;267.836
2024-05-05 18:00:00;219.683;175.374; 89.210; 99.271;267.400
2024-05-05 18:05:00;220.577;176.547; 86.986; 98.133;268.162
2024-05-05 18:10:00;219.610;175.517; 88.054; 97.677;265.350
2024-05-05 18:15:00;220.097;174.259; 88.018; 97.570;266.564
2024-05-05 18:20:00;220.123;172.257; 88.216; 98.781;267.396
2024-05-05 18:25:00;219.487;173.857; 86.514; 99.231;266.544
2024-05-05 18:30:00;219.350;176.405; 88.990; 99.495;265.810
2024-05-05 18:35:00;219.940;175.734; 87.076; 97.438;265.260
2024-05-05 18:40:00;219.683;173.220; 87.790; 98.625;266.882
2024-05-05 18:45:00;218.503;173.949; 87.726; 99.301;264.772
2024-05-05 18:50:00;219.697;175.756; 87.218; 98.888;267.072
2024-05-05 18:55:00;218.120;174.241; 90.588; 99.323;265.784
2024-05-05 19:00:00;218.840;177.519; 88.640; 98.041;264.726
2024-05-05 19:05:00;221.377;173.906; 87.326; 99.007;267.930
2024-05-05 19:10:00;216.257;173.239; 88.900; 98.672;268.352
2024-05-05 19:15:00;220.867;175.114; 87.834; 98.456;265.628
2024-05-05 19:20:00;219.390;175.328; 88.562;100.183;265.684
2024-05-05 19:25:00;218.693;174.579; 87.602; 98.068;266.266
2024-05-05 19:30:00;219.130;173.695; 89.626; 98.695;263.464
2024-05-05 19:35:00;223.277;173.871; 88.852; 99.134;264.528
2024-05-05 19:40:00;219.383;176.460; 88.586; 99.393;265.220
2024-05-05 19:45:00;219.783;174.107; 88.608; 98.687;266.502
2024-05-05 19:50:00;217.823;175.463; 90.018; 99.384;265.964
2024-05-05 19:55:00;219.740;176.045; 88.710; 98.221;266.736
2024-05-05 20:00:00;219.313;174.474; 89.110; 97.810;265.056
2024-05-05 20:05:00;219.773;173.413; 89.688; 99.529;266.192
2024-05-05 20:10:00;222.247;177.260; 87.596; 98.404;264.136
2024-05-05 20:15:00;220.010;175.800; 87.168; 98.279;265.266
2024-05-05 20:20:00;217.603;175.512; 86.044; 99.759;265.932
2024-05-05 20:25:00;220.367;173.952; 89.148; 97.913;266.600
2024-05-05 20:30:00;219.623;174.744; 89.304; 97.065;267.526
2024-05-05 20:35:00;219.763;176.469; 89.708; 98.863;267.180
2024-05-05 20:40:00;219.273;175.678; 88.226; 98.186;264.092
2024-05-05 20:45:00;219.280;175.540; 88.710; 98.798;265.856
2024-05-05 20:50:00;220.567;176.539; 87.976; 99.896;266.416
2024-05-05 20:55:00;221.007;174.355; 88.142; 98.307;264.658
2024-05-05 21:00:00;222.397;177.552; 87.360; 99.103;266.076
2024-05-05 21:05:00;220.313;175.243; 89.022; 98.998;264.848
2024-05-05 21:10:00;217.603;173.591; 88.452; 98.364;265.876
2024-05-05 21:15:00;221.307;175.991; 88.858; 97.771;264.148
2024-05-05 21:20:00;218.123;176.685; 88.984; 99.129;264.560
2024-05-05 21:25:00;218.480;173.782; 88.110; 98.353;266.282
2024-05-05 21:30:00;221.007;176.203; 88.702; 98.646;266.114
2024-05-05 21:35:00;220.923;177.679; 88.590; 96.956;265.960
2024-05-05 21:40:00;218.497;177.004; 89.430; 98.196;265.508
2024-05-05 21:45:00;218.384;175.544; 87.536; 99.415;265.988
2024-05-05 21:50:00;220.587;175.428; 87.842; 98.409;265.172
2024-05-05 21:55:00;219.753;176.408; 88.824; 98.908;266.930
2024-05-05 22:00:00;224.200;177.602; 88.972; 97.884;267.092
2024-05-05 22:05:00;220.220;176.964; 88.056; 98.447;267.720
2024-05-05 22:10:00;219.420;175.563; 88.686; 97.880;265.616
2024-05-05 22:15:00;219.803;176.277; 88.524; 96.479;265.362
2024-05-05 22:20:00;221.257;174.034; 89.412;100.399;265.612
2024-05-05 22:25:00;221.760;175.318; 89.246; 99.018;263.474
2024-05-05 22:30:00;220.153;176.292; 88.658; 97.740;267.778
2024-05-05 22:35:00;220.743;175.056; 89.450; 96.197;265.586
2024-05-05 22:40:00;219.743;176.507; 88.684; 97.818;267.472
2024-05-05 22:45:00;221.473;176.838; 89.220; 98.214;267.340
2024-05-05 22:50:00;220.157;177.416; 87.816; 98.029;267.202
2024-05-05 22:55:00;222.620;176.168; 88.674; 97.661;265.598
2024-05-05 23:00:00;220.887;177.059; 88.558; 99.111;267.096
2024-05-05 23:05:00;223.003;174.667; 89.410; 98.472;266.708
2024-05-05 23:10:00;222.280;174.802; 87.674; 98.867;267.064
2024-05-05 23:15:00;220.443;175.838; 88.696; 98.226;267.324
2024-05-05 23:20:00;219.453;175.250; 89.994; 99.455;264.506
2024-05-05 23:25:00;221.757;176.136; 88.230; 96.926;265.894
2024-05-05 23:30:00;222.140;173.557; 89.000; 98.781;264.604
2024-05-05 23:35:00;221.427;175.023; 88.492; 97.860;266.598
2024-05-05 23:40:00;222.297;174.999; 89.710; 98.766;268.772
2024-05-05 23:45:00;221.843;177.524; 87.972; 98.314;265.656
2024-05-05 23:50:00;220.290;177.255; 88.204; 98.045;267.506
2024-05-05 23:55:00;220.360;176.910; 89.448; 98.592;268.056
2024-05-06 00:00:00;221.083;174.986; 89.438; 98.428;265.032
2024-05-06 00:05:00;219.646;175.229; 89.006; 99.354;265.846
2024-05-06 00:10:00;223.157;176.108; 88.220; 97.796;267.394
2024-05-06 00:15:00;221.110;174.488; 90.244; 97.466;267.868
2024-05-06 00:20:00;221.617;176.042; 89.010; 96.711;266.906
2024-05-06 00:25:00;221.163;176.002; 88.444; 97.748;265.532
2024-05-06 00:30:00;218.890;173.464; 87.762; 97.131;265.688
2024-05-06 00:35:00;221.107;174.980; 88.374; 98.449;267.928
2024-05-06 00:40:00;220.047;176.241; 90.272; 97.595;269.184
2024-05-06 00:45:00;221.860;174.640; 87.490; 99.440;268.486
2024-05-06 00:50:00;222.757;174.386; 89.698; 98.119;265.812
2024-05-06 00:55:00;222.057;176.226; 89.104; 97.423;267.020
2024-05-06 01:00:00;221.793;175.402; 88.014; 99.126;268.322
2024-05-06 01:05:00;221.680;173.304; 89.398; 97.836;266.488
2024-05-06 01:10:00;220.053;175.807; 88.440; 99.587;269.104
2024-05-06 01:15:00;222.340;175.825; 89.038; 99.824;267.678
2024-05-06 01:20:00;221.783;174.644; 89.472; 97.890;266.994
2024-05-06 01:25:00;219.557;176.509; 88.228; 97.420;269.110
2024-05-06 01:30:00;219.477;174.623; 89.098; 97.507;267.964
2024-05-06 01:35:00;221.410;175.236; 89.264; 97.759;267.534
2024-05-06 01:40:00;223.103;175.438; 88.296; 99.590;267.956
2024-05-06 01:45:00;220.113;174.775; 88.416; 98.841;267.070
2024-05-06 01:50:00;220.553;175.846; 88.264; 97.695;269.602
2024-05-06 01:55:00;221.613;175.633; 88.852; 98.716;267.342
2024-05-06 02:00:00;219.097;174.962; 88.720; 98.556;270.888
2024-05-06 02:05:00;220.993;175.135; 87.876; 96.428;265.886
2024-05-06 02:10:00;222.373;175.491; 87.524; 97.967;266.248
2024-05-06 02:15:00;220.294;174.707; 88.370; 99.175;266.746
2024-05-06 02:20:00;220.343;173.666; 87.984; 96.445;267.550
2024-05-06 02:25:00;218.880;175.132; 87.952; 97.757;266.324
2024-05-06 02:30:00;220.150;172.403; 87.552; 99.170;267.602
2024-05-06 02:35:00;216.683;176.889; 88.546; 96.761;266.496
2024-05-06 02:40:00;219.357;175.002; 89.818; 98.253;269.156
2024-05-06 02:45:00;219.846;173.424; 87.992; 97.436;268.006
2024-05-06 02:50:00;220.387;173.871; 88.430;100.288;267.152
2024-05-06 02:55:00;216.973;173.636; 86.074; 98.830;267.148
2024-05-06 03:00:00;217.730;176.288; 88.978; 98.760;268.206
2024-05-06 03:05:00;220.547;173.745; 88.326; 97.863;268.222
2024-05-06 03:10:00;221.193;176.368; 87.720; 97.869;266.718
2024-05-06 03:15:00;220.693;174.883; 88.040; 98.114;264.934
2024-05-06 03:20:00;220.337;175.156; 88.976; 99.671;266.202
2024-05-06 03:25:00;216.500;173.427; 87.824; 98.433;267.846
2024-05-06 03:30:00;221.440;172.613; 88.764; 98.166;265.524
2024-05-06 03:35:00;217.056;174.148; 87.530; 98.425;265.436
2024-05-06 03:40:00;220.937;174.836; 87.872; 98.770;265.372
2024-05-06 03:45:00;220.170;174.331; 86.736; 98.899;266.170
2024-05-06 03:50:00;218.394;174.445; 87.752; 99.054;264.798
2024-05-06 03:55:00;219.427;175.523; 87.518;100.348;264.266
2024-05-06 04:00:00;219.993;174.700; 88.612; 99.338;265.704
2024-05-06 04:05:00;221.397;172.265; 86.916; 99.424;266.224
2024-05-06 04:10:00;216.720;173.042; 88.836; 97.055;264.904
2024-05-06 04:15:00;219.530;171.760; 88.288; 97.676;265.640
2024-05-06 04:20:00;217.953;173.525; 87.440; 97.113;264.368
2024-05-06 04:25:00;220.067;173.077; 85.952; 99.121;266.410
2024-05-06 04:30:00;216.860;175.382; 89.568; 97.259;265.222
2024-05-06 04:35:00;217.487;172.331; 87.874; 98.020;262.306
2024-05-06 04:40:00;218.907;174.412; 87.208; 99.444;265.516
2024-05-06 04:45:00;219.657;171.954; 88.734; 97.599;264.726
2024-05-06 04:50:00;218.370;175.035; 86.976; 99.099;265.010
2024-05-06 04:55:00;217.513;173.260; 88.174;100.459;264.874
2024-05-06 05:00:00;219.343;172.613; 87.260; 97.508;266.588
2024-05-06 05:05:00;219.147;170.960; 88.104; 98.986;263.902
2024-05-06 05:10:00;219.163;172.306; 88.730; 97.948;263.814
2024-05-06 05:15:00;218.887;174.974; 89.706; 98.490;265.768
2024-05-06 05:20:00;217.506;173.807; 88.458; 99.127;263.796
2024-05-06 05:25:00;217.997;172.535; 86.636;100.279;262.388
2024-05-06 05:30:00;217.953;173.414; 88.192; 99.273;265.028
2024-05-06 05:35:00;220.487;173.472; 88.460; 99.531;268.374
2024-05-06 05:40:00;219.257;172.092; 87.752; 97.814;265.668
2024-05-06 05:45:00;219.564;173.979; 88.202; 99.196;266.556
2024-05-06 05:50:00;218.483;172.682; 87.276; 98.298;264.204
2024-05-06 05:55:00;218.217;172.590; 87.890; 97.334;265.452
2024-05-06 06:00:00;218.687;173.076; 88.506; 97.966;265.210
2024-05-06 06:05:00;221.077;173.714; 86.858; 99.612;266.376
2024-05-06 06:10:00;218.107;171.324; 87.618; 97.656;264.870
2024-05-06 06:15:00;219.153;170.631; 88.830; 99.210;266.166
2024-05-06 06:20:00;219.257;174.332; 89.344; 98.531;264.482
2024-05-06 06:25:00;219.363;172.569; 87.236; 97.767;265.476
2024-05-06 06:30:00;218.257;174.452; 87.188; 97.484;264.854
2024-05-06 06:35:00;218.843;173.750; 88.768; 98.287;265.224
2024-05-06 06:40:00;217.597;174.542; 88.364; 97.787;265.836
2024-05-06 06:45:00;219.286;174.167; 89.596; 98.306;265.604
2024-05-06 06:50:00;219.970;173.483; 87.494; 98.507;265.094
2024-05-06 06:55:00;217.717;172.531; 87.016; 99.791;265.902
2024-05-06 07:00:00;217.517;173.266; 86.312; 99.389;266.994
2024-05-06 07:05:00;218.317;173.882; 88.608; 97.566;263.414
2024-05-06 07:10:00;219.430;174.281; 86.726; 96.375;265.244
2024-05-06 07:15:00;221.447;172.488; 88.220; 99.164;266.878
2024-05-06 07:20:00;219.467;172.662; 88.660;100.473;266.002
2024-05-06 07:25:00;219.113;175.849; 86.318; 98.012;267.912
2024-05-06 07:30:00;218.347;175.667; 88.838; 99.117;266.388
2024-05-06 07:35:00;218.067;173.272; 88.084; 98.526;268.064
2024-05-06 07:40:00;219.847;172.816; 88.798; 97.758;268.378
2024-05-06 07:45:00;218.843;172.866; 87.152; 99.890;266.672
2024-05-06 07:50:00;219.444;172.759; 87.734; 98.403;265.450
2024-05-06 07:55:00;219.287;173.140; 88.554; 99.611;266.834
2024-05-06 08:00:00;218.420;175.658; 87.646; 99.839;264.454
2024-05-06 08:05:00;218.137;176.127; 87.436; 98.106;264.598
2024-05-06 08:10:00;219.293;173.012; 87.458; 98.961;267.762
2024-05-06 08:15:00;220.643;173.871; 87.600; 97.778;266.148
2024-05-06 08:20:00;221.287;176.175; 88.442; 99.854;265.654
2024-05-06 08:25:00;218.747;175.147; 87.372; 98.263;266.130
2024-05-06 08:30:00;219.287;174.358; 87.958; 99.594;266.574
2024-05-06 08:35:00;219.257;176.240; 89.714; 98.652;267.230
2024-05-06 08:40:00;218.493;175.501; 87.870; 98.679;265.570
2024-05-06 08:45:00;218.480;175.921; 88.160; 99.672;267.220
2024-05-06 08:50:00;219.823;174.447; 87.756; 98.430;265.200
2024-05-06 08:55:00;218.023;176.634; 88.658;100.437;268.050
2024-05-06 09:00:00;217.863;176.649; 87.604;100.455;267.950
2024-05-06 09:05:00;220.203;174.591; 88.018; 99.803;268.046
2024-05-06 09:10:00;219.773;175.316; 88.130; 98.960;269.170
2024-05-06 09:15:00;219.287;176.882; 87.460;100.340;266.736
2024-05-06 09:20:00;219.424;174.606; 89.398;100.386;266.024
2024-05-06 09:25:00;220.210;174.777; 87.594;100.361;266.146
2024-05-06 09:30:00;221.863;175.912; 88.044;100.840;268.600
2024-05-06 09:35:00;217.007;175.578; 87.768; 97.674;268.522
2024-05-06 09:40:00;219.780;175.387; 88.408; 98.898;267.706
2024-05-06 09:45:00;220.480;176.036; 87.950; 99.424;267.906
2024-05-06 09:50:00;219.300;175.326; 89.340; 98.842;268.038
2024-05-06 09:55:00;220.843;176.285; 88.648;100.757;266.286
2024-05-06 10:00:00;219.993;174.993; 87.446; 99.282;267.164
2024-05-06 10:05:00;220.417;174.768; 88.216; 98.576;269.024
2024-05-06 10:10:00;220.490;175.475; 89.276; 98.231;268.334
2024-05-06 10:15:00;219.510;174.862; 87.994; 99.391;268.426
2024-05-06 10:20:00;219.000;176.024; 87.844; 99.657;266.078
2024-05-06 10:25:00;222.060;175.197; 88.844; 98.802;270.070
2024-05-06 10:30:00;218.843;174.851; 88.336; 99.737;265.944
2024-05-06 10:35:00;218.740;174.390; 88.286; 99.135;269.498
2024-05-06 10:40:00;219.426;176.902; 88.162; 99.799;269.128
2024-05-06 10:45:00;221.023;175.601; 87.032; 99.043;267.110
2024-05-06 10:50:00;219.697;176.302; 89.208; 99.511;266.308
2024-05-06 10:55:00;216.993;175.934; 89.480; 98.716;267.990
2024-05-06 11:00:00;221.167;172.800; 87.518; 99.723;267.766
2024-05-06 11:05:00;218.160;175.227; 86.502; 99.642;266.612
2024-05-06 11:10:00;218.043;176.233; 88.572;102.012;268.982
2024-05-06 11:15:00;220.270;174.426; 89.660; 99.636;270.490
2024-05-06 11:20:00;217.743;177.148; 89.030; 98.888;270.320
2024-05-06 11:25:00;218.543;173.439; 88.708; 97.924;267.388
2024-05-06 11:30:00;218.697;174.255; 89.528;101.259;267.652
2024-05-06 11:35:00;219.127;172.305; 86.672; 99.066;266.668
2024-05-06 11:40:00;219.517;174.634; 87.254; 98.818;266.830
2024-05-06 11:45:00;219.243;174.677; 87.456;100.091;265.834
2024-05-06 11:50:00;221.913;173.185; 88.636; 99.697;268.084
2024-05-06 11:55:00;219.890;173.879; 87.002;100.589;264.888
2024-05-06 12:00:00;219.623;175.946; 89.114;100.291;267.358
2024-05-06 12:05:00;219.080;176.693; 87.820; 99.247;268.784
2024-05-06 12:10:00;221.513;175.313; 88.232; 99.192;266.250
2024-05-06 12:15:00;219.840;175.841; 89.020;100.095;269.590
2024-05-06 12:20:00;219.623;174.347; 88.312; 99.219;266.782
2024-05-06 12:25:00;219.353;174.508; 88.078;101.070;267.320
2024-05-06 12:30:00;217.580;175.988; 89.996; 98.499;266.872
2024-05-06 12:35:00;217.830;175.073; 88.548;100.666;268.118
2024-05-06 12:40:00;217.453;175.023; 88.278;100.441;265.692
2024-05-06 12:45:00;221.406;174.215; 89.068; 99.083;268.396
2024-05-06 12:50:00;219.627;175.495; 88.272;100.875;264.838
2024-05-06 12:55:00;219.480;175.421; 87.420; 99.093;268.488
2024-05-06 13:00:00;217.420;173.818; 88.048; 99.170;269.038
2024-05-06 13:05:00;221.370;176.286; 88.612;100.380;266.766
2024-05-06 13:10:00;221.987;174.219; 89.402; 99.977;267.760
2024-05-06 13:15:00;218.410;177.908; 89.206; 99.932;265.886
2024-05-06 13:20:00;218.220;174.348; 87.342;100.417;268.852
2024-05-06 13:25:00;220.030;176.012; 89.070; 99.671;267.806
2024-05-06 13:30:00;218.383;173.120; 89.490; 98.577;263.898
2024-05-06 13:35:00;220.393;176.739; 88.560; 99.100;266.898
2024-05-06 13:40:00;217.953;177.738; 88.472;100.441;269.170
2024-05-06 13:45:00;219.847;176.264; 88.486; 98.645;268.346
2024-05-06 13:50:00;221.370;175.261; 87.614;100.921;267.608
2024-05-06 13:55:00;217.433;176.036; 88.216; 99.064;267.138
2024-05-06 14:00:00;220.460;175.527; 88.622; 99.417;269.102
2024-05-06 14:05:00;218.433;174.656; 90.914; 99.522;265.454
2024-05-06 14:10:00;220.567;174.736; 89.244; 97.846;267.636
2024-05-06 14:15:00;221.887;173.947; 88.908; 99.662;267.518
2024-05-06 14:20:00;221.270;174.435; 87.510; 99.109;267.824
2024-05-06 14:25:00;219.413;175.042; 89.066;100.418;269.354
2024-05-06 14:30:00;223.767;176.326; 88.684; 99.582;267.158
2024-05-06 14:35:00;217.540;175.636; 90.134;100.678;271.222
2024-05-06 14:40:00;219.963;174.420; 89.368;100.154;267.366
2024-05-06 14:45:00;219.917;176.195; 89.128; 96.953;270.464
2024-05-06 14:50:00;219.600;171.590; 88.410;100.658;269.246
2024-05-06 14:55:00;221.396;175.710; 88.580; 96.980;268.468
2024-05-06 15:00:00;220.633;172.807; 88.950; 99.414;267.604
2024-05-06 15:05:00;217.977;174.140; 89.254;101.360;269.332
2024-05-06 15:10:00;221.390;175.117; 88.156; 99.834;267.746
2024-05-06 15:15:00;220.807;175.063; 87.990; 99.889;268.510
2024-05-06 15:20:00;221.453;174.481; 87.694; 98.925;268.394
2024-05-06 15:25:00;218.593;172.723; 89.264; 99.172;269.412
2024-05-06 15:30:00;221.617;175.416; 87.774; 99.207;269.552
2024-05-06 15:35:00;221.407;175.056; 90.624; 98.881;268.370
2024-05-06 15:40:00;221.317;174.380; 88.554; 99.559;267.450
2024-05-06 15:45:00;220.880;175.613; 89.274; 98.772;269.018
2024-05-06 15:50:00;217.527;175.466; 90.186; 99.365;267.670
2024-05-06 15:55:00;219.197;173.754; 88.492; 98.351;268.994
2024-05-06 16:00:00;220.020;173.837; 89.142; 99.887;265.426
2024-05-06 16:05:00;223.733;174.251; 88.638; 98.908;270.918
2024-05-06 16:10:00;220.477;175.945; 87.702;100.973;268.950
2024-05-06 16:15:00;221.387;174.830; 90.924; 99.790;268.352
2024-05-06 16:20:00;218.663;172.930; 88.308;102.042;267.280
2024-05-06 16:25:00;220.953;173.038; 87.868; 99.317;267.138
2024-05-06 16:30:00;222.410;175.135; 88.286; 99.261;268.928
2024-05-06 16:35:00;222.267;176.013; 88.084; 99.582;267.464
2024-05-06 16:40:00;219.773;173.956; 87.966; 99.346;269.994
2024-05-06 16:45:00;221.180;173.604; 88.180;100.637;268.120
2024-05-06 16:50:00;218.927;174.574; 88.650; 99.907;266.874
2024-05-06 16:55:00;218.487;174.913; 89.062; 99.039;267.680
2024-05-06 17:00:00;221.850;175.694; 88.522; 98.769;268.520
2024-05-06 17:05:00;216.383;172.990; 90.008; 97.923;268.786
2024-05-06 17:10:00;224.203;174.038; 88.180; 99.010;267.496
2024-05-06 17:15:00;220.003;173.533; 89.862; 99.627;268.444
2024-05-06 17:20:00;218.160;172.521; 88.978; 97.672;266.228
2024-05-06 17:25:00;220.240;174.408; 88.008; 99.995;267.188
2024-05-06 17:30:00;218.517;174.783; 90.170;100.694;267.724
2024-05-06 17:35:00;219.110;174.271; 88.304; 98.980;269.004
2024-05-06 17:40:00;220.543;174.061; 88.974; 99.226;267.962
2024-05-06 17:45:00;218.210;174.710; 89.648;100.443;265.916
2024-05-06 17:50:00;220.234;172.410; 90.372; 98.373;266.362
2024-05-06 17:55:00;220.957;175.168; 88.832; 98.356;267.606
2024-05-06 18:00:00;220.700;173.513; 89.042; 99.600;268.058
2024-05-06 18:05:00;220.720;172.659; 88.788; 98.766;267.150
2024-05-06 18:10:00;218.607;175.525; 89.088; 98.351;266.432
2024-05-06 18:15:00;218.860;175.179; 88.906; 98.223;266.420
2024-05-06 18:20:00;220.387;174.083; 88.672; 99.287;267.378
2024-05-06 18:25:00;219.580;174.390; 88.950; 97.891;267.030
2024-05-06 18:30:00;220.434;171.886; 89.020; 99.800;268.802
2024-05-06 18:35:00;221.267;174.761; 88.074;100.878;266.466
2024-05-06 18:40:00;221.960;173.255; 90.222; 98.377;268.030
2024-05-06 18:45:00;220.400;172.682; 89.050; 98.709;266.650
2024-05-06 18:50:00;220.880;172.275; 89.674; 99.046;268.180
2024-05-06 18:55:00;221.460;173.467; 89.174; 97.509;268.828
2024-05-06 19:00:00;221.673;173.495; 88.386;100.212;266.578
2024-05-06 19:05:00;219.343;173.175; 88.374;100.029;268.142
2024-05-06 19:10:00;221.217;173.153; 90.730; 96.429;267.816
2024-05-06 19:15:00;220.953;175.128; 88.210; 98.769;267.986
2024-05-06 19:20:00;218.420;174.522; 90.338;100.129;266.676
2024-05-06 19:25:00;220.487;174.356; 88.648;100.554;267.980
2024-05-06 19:30:00;221.700;172.920; 89.178; 99.359;268.942
2024-05-06 19:35:00;217.967;174.176; 89.824; 97.263;270.786
2024-05-06 19:40:00;220.094;173.105; 88.494; 98.942;266.794
2024-05-06 19:45:00;220.193;174.219; 88.000;100.042;268.378
2024-05-06 19:50:00;221.525;173.729; 88.008; 98.562;267.896
2024-05-06 19:55:00;220.997;173.812; 89.084;100.502;268.966
2024-05-06 20:00:00;219.687;172.420; 87.828; 98.665;267.678
2024-05-06 20:05:00;219.963;173.058; 88.526; 99.380;269.288
2024-05-06 20:10:00;220.813;172.762; 88.636; 99.569;266.574
2024-05-06 20:15:00;219.847;173.610; 87.820; 99.815;267.064
2024-05-06 20:20:00;221.507;172.733; 88.688; 98.466;266.898
2024-05-06 20:25:00;221.397;173.187; 89.170;100.092;268.060
2024-05-06 20:30:00;221.993;175.085; 87.436; 99.154;267.992
2024-05-06 20:35:00;221.173;172.513; 88.312; 98.653;268.426
2024-05-06 20:40:00;218.513;171.555; 89.654; 98.117;267.690
2024-05-06 20:45:00;220.897;175.114; 88.734; 98.838;269.094
2024-05-06 20:50:00;219.053;173.330; 88.702; 99.956;269.228
2024-05-06 20:55:00;220.240;174.619; 87.636; 98.373;267.116
2024-05-06 21:00:00;218.760;173.937; 87.758; 98.734;267.918
2024-05-06 21:05:00;221.107;173.395; 90.162; 98.060;265.612
2024-05-06 21:10:00;223.570;174.323; 89.714; 99.705;267.770
2024-05-06 21:15:00;222.147;174.162; 89.282;100.047;268.320
2024-05-06 21:20:00;220.687;172.361; 88.708; 98.663;268.968
2024-05-06 21:25:00;220.153;172.651; 88.808; 99.150;267.142
2024-05-06 21:30:00;220.390;172.213; 88.584; 98.098;266.534
2024-05-06 21:35:00;223.091;172.982; 88.866;102.111;266.754
2024-05-06 21:40:00;220.354;174.548; 88.532; 98.711;265.996
2024-05-06 21:45:00;220.890;174.165; 88.244; 98.037;266.220
2024-05-06 21:50:00;222.953;172.830; 87.322; 96.263;266.344
2024-05-06 21:55:00;214.333;173.205; 88.520; 98.118;267.008
2024-05-06 22:00:00;219.610;174.656; 89.230;100.234;266.116
2024-05-06 22:05:00;218.487;175.068; 88.378; 98.813;268.828
2024-05-06 22:10:00;223.250;173.978; 87.784;100.193;268.794
2024-05-06 22:15:00;217.583;173.236; 88.676; 99.487;267.862
2024-05-06 22:20:00;220.957;172.021; 89.156;100.323;267.384
2024-05-06 22:25:00;218.522;174.336; 88.594;101.010;267.772
2024-05-06 22:30:00;220.579;174.300; 88.878;100.318;266.160
2024-05-06 22:35:00;219.630;174.311; 89.024; 98.673;266.496
2024-05-06 22:40:00;220.507;171.069; 88.978; 99.671;267.690
2024-05-06 22:45:00;219.610;173.810; 88.702; 97.623;268.124
2024-05-06 22:50:00;220.567;174.855; 89.568; 98.654;265.660
2024-05-06 22:55:00;220.327;172.849; 88.936; 98.268;266.782
2024-05-06 23:00:00;219.317;173.152; 88.532; 99.202;267.972
2024-05-06 23:05:00;217.997;173.814; 88.700; 97.455;267.696
2024-05-06 23:10:00;220.340;173.170; 90.036; 98.000;266.974
2024-05-06 23:15:00;216.710;172.529; 88.778; 98.189;268.252
2024-05-06 23:20:00;218.227;172.155; 89.200; 99.631;265.768
2024-05-06 23:25:00;219.197;174.704; 88.628; 98.590;266.126
2024-05-06 23:30:00;221.793;173.548; 90.032; 98.426;267.624
2024-05-06 23:35:00;220.913;171.779; 88.980;100.891;267.586
2024-05-06 23:40:00;220.257;173.243; 88.146; 97.811;267.242
2024-05-06 23:45:00;219.463;171.233; 88.562; 99.315;267.776
2024-05-06 23:50:00;218.470;175.412; 88.766; 98.029;267.810
2024-05-06 23:55:00;217.633;172.907; 86.718; 99.576;266.860
2024-05-07 00:00:00;218.157;172.462; 88.990; 96.002;268.744
2024-05-07 00:05:00;216.403;174.697; 89.614;100.333;266.242
2024-05-07 00:10:00;220.420;172.736; 87.342;101.143;264.156
2024-05-07 00:15:00;221.213;172.482; 88.900; 98.945;264.636
2024-05-07 00:20:00;221.153;172.928; 89.300; 98.354;268.900
2024-05-07 00:25:00;220.027;172.978; 87.600; 99.819;265.310
2024-05-07 00:30:00;218.300;173.373; 87.746; 98.764;267.874
2024-05-07 00:35:00;221.543;173.330; 90.810; 98.961;268.706
2024-05-07 00:40:00;221.260;173.986; 89.024; 99.137;267.060
2024-05-07 00:45:00;217.640;172.053; 86.566; 99.565;264.690
2024-05-07 00:50:00;218.353;175.625; 89.406; 99.103;265.284
2024-05-07 00:55:00;218.457;172.107; 89.618; 99.809;265.510
2024-05-07 01:00:00;218.767;172.660; 89.300; 98.703;265.582
2024-05-07 01:05:00;219.930;173.302; 87.566; 98.091;266.962
2024-05-07 01:10:00;217.583;172.166; 87.928; 99.831;266.956
2024-05-07 01:15:00;223.680;174.029; 87.784;100.193;266.568
2024-05-07 01:20:00;220.453;172.636; 89.688; 99.579;266.012
2024-05-07 01:25:00;217.627;172.085; 88.576; 98.004;266.168
2024-05-07 01:30:00;220.420;175.919; 88.692; 99.557;265.794
2024-05-07 01:35:00;220.560;172.322; 87.912; 98.892;266.956
2024-05-07 01:40:00;218.993;173.117; 89.170; 98.364;269.462
2024-05-07 01:45:00;218.380;172.219; 88.584; 98.430;269.530
2024-05-07 01:50:00;219.687;173.378; 87.578; 99.430;266.808
2024-05-07 01:55:00;220.424;174.945; 89.490; 97.204;268.350
2024-05-07 02:00:00;220.150;173.054; 89.842; 99.461;265.074
2024-05-07 02:05:00;220.157;174.001; 88.286; 97.946;268.122
2024-05-07 02:10:00;218.447;168.214; 88.424; 99.809;266.242
2024-05-07 02:15:00;219.883;172.046; 87.134; 98.083;268.542
2024-05-07 02:20:00;221.457;172.150; 90.378; 98.888;265.668
2024-05-07 02:25:00;218.267;170.523; 88.722; 97.939;266.774
2024-05-07 02:30:00;219.567;171.687; 89.014;100.665;267.604
2024-05-07 02:35:00;216.733;173.001; 88.256; 97.651;266.196
2024-05-07 02:40:00;221.027;173.443; 87.966; 98.622;268.134
2024-05-07 02:45:00;219.363;172.355; 88.328;100.350;268.316
2024-05-07 02:50:00;221.380;172.712; 87.948; 99.129;268.470
2024-05-07 02:55:00;221.877;171.817; 88.842; 99.254;266.224
2024-05-07 03:00:00;219.277;172.634; 88.574; 99.383;266.188
2024-05-07 03:05:00;220.287;171.312; 88.288;100.125;266.508
2024-05-07 03:10:00;217.173;172.705; 88.420; 98.949;265.884
2024-05-07 03:15:00;217.787;171.459; 87.522; 99.257;267.996
2024-05-07 03:20:00;222.490;172.474; 88.008; 99.561;267.720
2024-05-07 03:25:00;221.657;173.183; 88.422; 99.070;268.848
2024-05-07 03:30:00;220.147;172.161; 89.102; 99.225;267.912
2024-05-07 03:35:00;222.500;172.467; 89.034; 98.213;267.784
2024-05-07 03:40:00;220.070;170.386; 89.158;100.757;267.876
2024-05-07 03:45:00;220.003;171.663; 88.370; 97.938;270.278
2024-05-07 03:50:00;218.043;172.788; 87.532; 97.882;267.194
2024-05-07 03:55:00;220.957;171.304; 89.544; 98.843;268.240
2024-05-07 04:00:00;220.550;171.969; 90.152; 97.388;267.560
2024-05-07 04:05:00;218.727;172.567; 86.968; 99.536;267.106
2024-05-07 04:10:00;219.533;173.732; 87.610; 98.667;267.586
2024-05-07 04:15:00;220.617;171.292; 87.604; 98.827;268.094
2024-05-07 04:20:00;217.313;171.741; 90.772; 98.187;266.936
2024-05-07 04:25:00;219.297;174.526; 88.668; 99.470;268.638
2024-05-07 04:30:00;220.417;172.168; 89.596; 97.512;266.372
2024-05-07 04:35:00;220.810;172.745; 88.800; 97.549;267.972
2024-05-07 04:40:00;221.520;173.144; 88.878;101.501;266.194
2024-05-07 04:45:00;220.543;172.627; 87.884; 98.571;265.994
2024-05-07 04:50:00;218.730;173.400; 88.818; 99.295;266.770
2024-05-07 04:55:00;219.287;174.488; 87.562;100.044;266.000
2024-05-07 05:00:00;219.257;174.017; 87.402; 98.348;267.786
2024-05-07 05:05:00;219.294;173.668; 88.232; 99.054;266.994
2024-05-07 05:10:00;221.570;173.778; 89.092; 99.599;266.668
2024-05-07 05:15:00;218.433;172.702; 88.974; 98.460;265.264
2024-05-07 05:20:00;219.397;174.028; 89.694; 98.763;264.600
2024-05-07 05:25:00;220.060;174.320; 88.904; 98.280;266.254
2024-05-07 05:30:00;220.777;175.740; 90.070; 98.935;266.848
2024-05-07 05:35:00;219.200;174.492; 88.090; 98.452;264.168
2024-05-07 05:40:00;218.340;174.723; 87.836; 99.604;266.460
2024-05-07 05:45:00;219.597;172.441; 88.938; 98.348;265.844
2024-05-07 05:50:00;216.540;172.701; 88.800; 98.934;265.778
2024-05-07 05:55:00;219.813;173.425; 87.868; 99.600;265.134
2024-05-07 06:00:00;220.047;174.478; 88.046; 98.207;264.990
2024-05-07 06:05:00;219.767;174.146; 87.694;100.531;267.172
2024-05-07 06:10:00;217.803;174.609; 86.772; 98.769;263.662
2024-05-07 06:15:00;218.363;174.795; 89.472; 98.066;264.868
2024-05-07 06:20:00;220.530;174.859; 88.582; 97.278;266.240
2024-05-07 06:25:00;218.183;172.448; 87.894; 99.204;264.718
2024-05-07 06:30:00;220.547;173.025; 87.304; 98.633;264.352
2024-05-07 06:35:00;220.173;174.436; 87.932; 98.737;264.544
2024-05-07 06:40:00;220.193;174.047; 89.248; 98.539;265.764
2024-05-07 06:45:00;217.203;172.533; 88.772; 99.653;264.954
2024-05-07 06:50:00;218.680;174.515; 89.550; 98.036;266.098
2024-05-07 06:55:00;220.717;174.340; 87.886; 98.518;263.666
2024-05-07 07:00:00;221.183;175.223; 86.736; 99.134;264.320
2024-05-07 07:05:00;219.637;175.255; 88.476; 99.250;267.790
2024-05-07 07:10:00;219.040;174.894; 88.428; 99.809;265.296
2024-05-07 07:15:00;220.897;174.026; 88.092; 98.910;265.722
2024-05-07 07:20:00;218.627;174.276; 87.278;100.063;264.942
2024-05-07 07:25:00;219.670;175.567; 88.626; 99.300;266.150
2024-05-07 07:30:00;218.800;173.561; 88.894; 99.490;263.928
2024-05-07 07:35:00;219.753;172.603; 88.702; 98.746;264.644
2024-05-07 07:40:00;218.297;173.661; 87.616; 98.727;267.890
2024-05-07 07:45:00;220.220;175.511; 88.588; 98.937;264.830
2024-05-07 07:50:00;220.426;173.574; 88.490; 99.609;266.022
2024-05-07 07:55:00;221.510;174.473; 89.052;100.870;267.286
2024-05-07 08:00:00;216.030;174.853; 88.100;100.608;265.864
2024-05-07 08:05:00;219.147;172.408; 89.296; 98.709;266.292
2024-05-07 08:10:00;218.400;174.931; 86.838; 98.696;264.316
2024-05-07 08:15:00;219.490;172.857; 87.560; 98.160;266.202
2024-05-07 08:20:00;220.207;176.193; 88.222; 98.594;264.934
2024-05-07 08:25:00;217.127;173.653; 87.632;100.440;264.488
2024-05-07 08:30:00;220.207;174.154; 88.686; 96.133;264.866
2024-05-07 08:35:00;220.243;174.751; 88.292;100.479;267.734
2024-05-07 08:40:00;217.550;173.507; 88.250;100.328;266.722
2024-05-07 08:45:00;219.177;173.876; 88.606; 96.872;265.094
2024-05-07 08:50:00;217.950;175.353; 88.262;100.255;265.874
2024-05-07 08:55:00;220.323;171.868; 88.554; 98.783;266.644
2024-05-07 09:00:00;221.113;172.537; 87.086; 99.957;265.260
2024-05-07 09:05:00;219.550;175.596; 87.888; 98.406;268.852
2024-05-07 09:10:00;219.653;175.382; 88.526; 97.941;265.114
2024-05-07 09:15:00;217.360;173.309; 88.826; 98.442;263.174
2024-05-07 09:20:00;218.347;172.952; 88.624; 99.298;265.348
2024-05-07 09:25:00;219.913;172.605; 88.572; 97.711;263.560
2024-05-07 09:30:00;219.837;174.274; 88.400; 99.883;264.580
2024-05-07 09:35:00;221.233;173.265; 89.038;100.279;266.392
2024-05-07 09:40:00;219.743;173.889; 87.408; 99.986;263.990
2024-05-07 09:45:00;219.380;172.941; 88.994; 99.955;266.640
2024-05-07 09:50:00;220.406;172.629; 89.118; 98.201;267.610
2024-05-07 09:55:00;219.263;172.779; 87.842; 97.589;264.840
2024-05-07 10:00:00;216.830;173.227; 88.572; 99.359;263.830
2024-05-07 10:05:00;219.327;175.158; 88.804; 98.614;266.518
2024-05-07 10:10:00;217.833;173.556; 88.378; 99.465;264.360
2024-05-07 10:15:00;220.473;172.900; 88.912; 98.227;268.424
2024-05-07 10:20:00;216.647;174.291; 87.022; 98.930;262.872
2024-05-07 10:25:00;219.277;176.167; 88.628; 99.405;267.356
2024-05-07 10:30:00;219.413;174.012; 88.372; 98.794;267.548
2024-05-07 10:35:00;219.520;173.496; 87.866; 97.583;264.664
2024-05-07 10:40:00;221.223;174.452; 87.888; 98.407;267.184
2024-05-07 10:45:00;220.250;174.484; 88.174; 99.082;266.556
2024-05-07 10:50:00;219.450;174.441; 88.634;100.420;263.974
2024-05-07 10:55:00;219.780;176.202; 87.276; 99.085;264.332
2024-05-07 11:00:00;221.613;174.120; 89.184; 98.633;266.274
2024-05-07 11:05:00;220.347;176.300; 88.076; 98.251;263.108
2024-05-07 11:10:00;219.550;174.452; 89.366; 99.974;266.584
2024-05-07 11:15:00;220.927;178.037; 88.984; 97.531;263.008
2024-05-07 11:20:00;219.593;174.169; 88.844; 98.161;264.912
2024-05-07 11:25:00;219.880;173.836; 88.528; 99.595;265.556
2024-05-07 11:30:00;219.273;174.022; 89.374; 98.557;266.320
2024-05-07 11:35:00;219.200;176.040; 87.698; 98.289;265.014
2024-05-07 11:40:00;220.790;173.725; 88.650; 99.605;266.880
2024-05-07 11:45:00;220.527;173.624; 89.344; 97.684;267.338
2024-05-07 11:50:00;219.473;173.481; 88.034; 98.763;267.672
2024-05-07 11:55:00;221.216;175.244; 88.184; 99.396;267.380
2024-05-07 12:00:00;221.920;176.505; 88.604;100.245;263.910
2024-05-07 12:05:00;220.957;176.676; 88.702; 98.692;266.248
2024-05-07 12:10:00;218.683;174.980; 87.262; 98.060;267.600
2024-05-07 12:15:00;217.337;174.542; 88.612; 99.220;265.270
2024-05-07 12:20:00;218.613;174.911; 87.606;100.176;268.062
2024-05-07 12:25:00;219.367;174.829; 88.276; 99.719;266.814
2024-05-07 12:30:00;219.837;175.991; 87.788; 98.693;267.156
2024-05-07 12:35:00;220.667;175.927; 88.696; 98.800;265.146
2024-05-07 12:40:00;220.147;174.388; 89.760; 98.524;265.826
2024-05-07 12:45:00;219.763;171.977; 89.938; 99.564;267.054
2024-05-07 12:50:00;220.097;174.510; 90.344; 98.577;266.140
2024-05-07 12:55:00;218.850;173.588; 87.376; 99.652;267.220
2024-05-07 13:00:00;219.400;172.424; 88.994; 99.069;265.902
2024-05-07 13:05:00;218.277;175.304; 87.712; 99.612;265.400
2024-05-07 13:10:00;219.437;174.361; 90.408;100.784;265.708
2024-05-07 13:15:00;219.850;176.101; 88.266;100.370;267.246
2024-05-07 13:20:00;220.740;174.309; 88.410; 98.426;266.128
2024-05-07 13:25:00;220.780;175.797; 88.214; 98.692;264.712
2024-05-07 13:30:00;218.683;175.048; 88.848; 99.807;266.058
2024-05-07 13:35:00;220.333;175.636; 90.100;100.820;264.820
2024-05-07 13:40:00;219.407;175.170; 89.580; 99.940;265.976
2024-05-07 13:45:00;219.203;175.027; 87.736; 99.563;265.792
2024-05-07 13:50:00;220.437;173.631; 89.420; 99.825;266.636
2024-05-07 13:55:00;219.833;173.538; 88.048; 98.130;263.592
2024-05-07 14:00:00;219.773;172.740; 88.604; 99.030;268.586
2024-05-07 14:05:00;217.090;172.339; 88.910;100.947;267.096
2024-05-07 14:10:00;220.267;175.027; 89.046;100.206;268.928
2024-05-07 14:15:00;217.280;172.703; 89.092; 98.638;265.606
2024-05-07 14:20:00;218.097;175.329; 89.554;100.198;264.662
2024-05-07 14:25:00;220.873;173.615; 88.296; 98.622;265.710
2024-05-07 14:30:00;218.007;174.430; 88.466; 99.496;267.744
2024-05-07 14:35:00;218.583;175.139; 87.562; 98.820;267.262
2024-05-07 14:40:00;221.667;174.823; 88.912; 99.767;264.840
2024-05-07 14:45:00;219.780;172.619; 89.552; 98.859;267.764
2024-05-07 14:50:00;219.600;173.733; 87.604; 99.394;267.790
2024-05-07 14:55:00;217.917;174.693; 88.776;100.440;267.104
2024-05-07 15:00:00;222.440;174.179; 91.084; 99.424;267.266
2024-05-07 15:05:00;220.510;174.330; 89.462;100.812;265.798
2024-05-07 15:10:00;220.923;173.984; 90.650; 99.977;268.520
2024-05-07 15:15:00;220.353;175.401; 87.714; 99.613;266.976
2024-05-07 15:20:00;220.120;173.606; 88.902; 99.481;268.918
2024-05-07 15:25:00;221.710;173.458; 87.926; 99.477;265.638
2024-05-07 15:30:00;220.437;173.886; 89.074; 99.991;266.890
2024-05-07 15:35:00;219.703;176.742; 87.682; 99.432;267.088
2024-05-07 15:40:00;218.147;174.084; 87.158; 98.624;264.206
2024-05-07 15:45:00;220.314;173.778; 88.950; 99.657;266.846
2024-05-07 15:50:00;219.207;174.447; 88.792; 99.346;264.682
2024-05-07 15:55:00;219.817;172.479; 89.050; 98.494;263.994
2024-05-07 16:00:00;220.027;174.988; 88.750; 99.516;266.644
2024-05-07 16:05:00;218.657;172.675; 88.190;100.415;266.998
2024-05-07 16:10:00;221.397;173.657; 90.090;101.598;266.366
2024-05-07 16:15:00;221.737;173.304; 88.908; 98.721;265.382
2024-05-07 16:20:00;219.213;173.871; 89.320; 99.810;267.024
2024-05-07 16:25:00;220.963;173.678; 87.902; 99.234;266.586
2024-05-07 16:30:00;219.470;172.610; 88.448; 98.905;270.234
2024-05-07 16:35:00;221.450;174.977; 89.730; 98.844;265.228
2024-05-07 16:40:00;218.610;174.872; 89.308; 98.903;267.842
2024-05-07 16:45:00;221.610;174.569; 87.698; 99.800;265.160
2024-05-07 16:50:00;220.403;173.629; 89.296; 98.411;266.524
2024-05-07 16:55:00;218.553;173.386; 90.034; 99.468;267.722
2024-05-07 17:00:00;218.297;175.569; 88.608; 99.632;267.944
2024-05-07 17:05:00;220.707;173.844; 89.404; 97.671;264.840
2024-05-07 17:10:00;220.087;175.796; 89.110; 99.307;267.748
2024-05-07 17:15:00;217.483;175.326; 89.490;100.754;267.252
2024-05-07 17:20:00;220.367;173.301; 90.304; 98.589;269.560
2024-05-07 17:25:00;221.643;173.738; 89.182; 99.880;268.648
2024-05-07 17:30:00;219.540;175.040; 89.436; 98.805;267.266
2024-05-07 17:35:00;218.907;173.994; 88.684;100.132;266.850
2024-05-07 17:40:00;221.933;174.155; 88.986; 98.268;268.244
2024-05-07 17:45:00;219.343;175.405; 90.472;100.663;268.658
2024-05-07 17:50:00;220.690;174.824; 88.720; 97.935;267.386
2024-05-07 17:55:00;219.953;173.585; 88.102;101.074;268.192
2024-05-07 18:00:00;221.043;173.977; 89.470; 99.180;268.110
2024-05-07 18:05:00;221.493;175.948; 89.474; 98.927;267.380
2024-05-07 18:10:00;219.927;174.733; 88.892; 98.470;267.648
2024-05-07 18:15:00;220.427;171.784; 90.404; 99.681;268.558
2024-05-07 18:20:00;220.303;174.206; 88.756; 98.248;268.082
2024-05-07 18:25:00;220.127;175.019; 89.834; 97.445;266.912
2024-05-07 18:30:00;220.847;172.017; 88.252; 98.648;269.248
2024-05-07 18:35:00;221.823;175.168; 89.324;100.343;267.922
2024-05-07 18:40:00;221.160;174.302; 89.312; 98.286;268.850
2024-05-07 18:45:00;217.117;170.827; 88.362;100.156;268.280
2024-05-07 18:50:00;217.547;175.791; 89.278; 97.679;268.620
2024-05-07 18:55:00;217.357;175.982; 88.598;100.065;267.006
2024-05-07 19:00:00;220.873;174.133; 89.772;100.386;267.086
2024-05-07 19:05:00;219.837;171.849; 89.564; 99.914;266.568
2024-05-07 19:10:00;221.233;173.659; 88.928; 98.504;267.128
2024-05-07 19:15:00;220.877;172.424; 89.932;100.292;266.370
2024-05-07 19:20:00;222.073;175.275; 88.280; 98.213;268.238
2024-05-07 19:25:00;220.453;173.974; 89.070; 98.709;268.004
2024-05-07 19:30:00;218.913;172.215; 89.004;101.224;267.542
2024-05-07 19:35:00;219.737;173.200; 90.524; 99.048;268.546
2024-05-07 19:40:00;222.060;171.569; 88.772;101.483;268.172
2024-05-07 19:45:00;220.447;172.840; 87.936; 99.795;269.288
2024-05-07 19:50:00;222.270;172.361; 89.368; 98.546;268.240
2024-05-07 19:55:00;220.520;172.812; 87.532;100.407;268.712
2024-05-07 20:00:00;221.687;174.279; 88.792;100.084;268.012
2024-05-07 20:05:00;222.287;172.851; 89.344; 99.746;267.572
2024-05-07 20:10:00;221.503;173.870; 87.944; 99.008;270.184
2024-05-07 20:15:00;220.777;171.692; 88.484; 97.812;268.798
2024-05-07 20:20:00;219.853;172.960; 88.794;100.407;266.264
2024-05-07 20:25:00;217.010;171.626; 88.800; 99.493;265.656
2024-05-07 20:30:00;222.237;173.430; 88.756; 98.166;267.586
2024-05-07 20:35:00;221.777;173.446; 88.674; 99.467;267.240
2024-05-07 20:40:00;219.770;174.049; 89.746; 98.829;269.656
2024-05-07 20:45:00;219.817;172.948; 89.632; 98.308;265.964
2024-05-07 20:50:00;222.367;173.744; 88.892;100.537;268.462
2024-05-07 20:55:00;218.497;173.561; 88.324; 98.814;269.624
2024-05-07 21:00:00;221.856;173.155; 89.686; 98.822;268.414
2024-05-07 21:05:00;222.870;174.546; 89.406; 98.517;268.758
2024-05-07 21:10:00;219.940;173.754; 89.580; 97.692;268.976
2024-05-07 21:15:00;219.903;174.011; 88.556; 98.884;269.036
2024-05-07 21:20:00;222.097;173.273; 88.096; 97.575;266.590
2024-05-07 21:25:00;221.743;173.796; 88.628; 98.303;269.754
2024-05-07 21:30:00;218.190;172.867; 89.660;101.104;265.454
2024-05-07 21:35:00;220.443;173.759; 88.576; 99.163;266.804
2024-05-07 21:40:00;218.937;173.893; 89.806;100.145;268.378
2024-05-07 21:45:00;221.387;174.454; 88.706;101.891;268.520
2024-05-07 21:50:00;219.103;172.671; 89.218; 99.814;269.498
2024-05-07 21:55:00;220.330;174.559; 88.360; 99.100;268.526
2024-05-07 22:00:00;222.890;173.504; 89.746; 98.278;267.180
2024-05-07 22:05:00;220.163;173.957; 88.966; 99.113;268.068
2024-05-07 22:10:00;220.370;174.479; 89.886; 99.646;268.966
2024-05-07 22:15:00;220.033;173.832; 88.916; 98.682;270.260
2024-05-07 22:20:00;221.067;174.656; 89.342; 97.358;269.748
2024-05-07 22:25:00;219.600;175.595; 88.478;100.279;268.768
2024-05-07 22:30:00;220.650;173.726; 89.556; 99.887;268.832
2024-05-07 22:35:00;219.920;172.608; 89.230;100.796;265.492
2024-05-07 22:40:00;221.710;174.981; 89.588; 99.382;269.062
2024-05-07 22:45:00;222.187;173.907; 89.316; 99.631;272.096
2024-05-07 22:50:00;221.003;173.134; 88.522; 96.226;268.790
2024-05-07 22:55:00;221.550;171.720; 89.046; 99.014;270.114
2024-05-07 23:00:00;220.330;173.101; 88.032; 98.576;269.202
2024-05-07 23:05:00;220.453;173.446; 89.468; 98.866;268.266
2024-05-07 23:10:00;219.880;174.556; 89.394; 97.707;270.202
2024-05-07 23:15:00;219.080;175.224; 89.396; 99.043;268.998
2024-05-07 23:20:00;221.886;173.320; 89.036; 98.293;268.882
2024-05-07 23:25:00;221.220;172.672; 88.532; 99.809;267.132
2024-05-07 23:30:00;220.430;174.576; 89.312; 99.073;268.008
2024-05-07 23:35:00;219.817;173.512; 90.094; 99.174;267.536
2024-05-07 23:40:00;219.387;173.769; 88.768; 98.672;267.230
2024-05-07 23:45:00;218.903;173.675; 88.796; 99.981;270.208
2024-05-07 23:50:00;221.953;175.252; 88.420; 98.870;268.032
2024-05-07 23:55:00;222.310;171.661; 88.078; 96.611;267.676
2024-05-08 00:00:00;220.013;171.131; 89.054; 97.286;269.398
2024-05-08 00:05:00;218.630;174.273; 90.328;100.691;269.240
2024-05-08 00:10:00;218.923;172.417; 89.752; 97.605;268.612
2024-05-08 00:15:00;219.747;172.284; 88.870; 99.432;268.846
2024-05-08 00:20:00;222.113;172.299; 88.570; 97.069;270.624
2024-05-08 00:25:00;217.936;173.987; 89.370; 97.632;268.276
2024-05-08 00:30:00;221.137;173.937; 89.102; 98.349;268.690
2024-05-08 00:35:00;218.843;173.041; 88.798; 98.042;268.650
2024-05-08 00:40:00;218.530;174.211; 88.134; 99.117;270.562
2024-05-08 00:45:00;221.830;173.654; 87.690; 99.083;269.502
2024-05-08 00:50:00;221.003;173.535; 88.362;101.167;268.460
2024-05-08 00:55:00;219.033;170.337; 87.376; 99.001;269.052
2024-05-08 01:00:00;220.727;173.859; 88.800; 99.309;268.122
2024-05-08 01:05:00;219.620;173.949; 87.072; 98.231;270.188
2024-05-08 01:10:00;218.647;174.250; 89.436; 98.500;269.874
2024-05-08 01:15:00;221.517;174.578; 89.500; 99.375;267.992
2024-05-08 01:20:00;218.904;173.513; 88.322; 97.896;266.134
2024-05-08 01:25:00;221.530;173.564; 88.472;100.210;268.480
2024-05-08 01:30:00;219.890;171.319; 88.122; 99.431;268.510
2024-05-08 01:35:00;221.050;173.089; 87.888; 97.636;268.350
2024-05-08 01:40:00;221.143;171.660; 88.352; 97.994;268.354
2024-05-08 01:45:00;218.110;175.552; 88.834; 98.245;267.278
2024-05-08 01:50:00;220.190;172.259; 88.490; 99.248;267.340
2024-05-08 01:55:00;218.873;174.705; 89.582;100.044;268.688
2024-05-08 02:00:00;220.657;173.116; 88.978; 97.828;268.976
2024-05-08 02:05:00;219.757;174.151; 89.186; 98.810;266.954
2024-05-08 02:10:00;218.397;173.046; 89.750; 97.915;268.562
2024-05-08 02:15:00;218.747;173.301; 89.342; 99.448;267.092
2024-05-08 02:20:00;217.030;173.612; 88.734; 98.068;268.700
2024-05-08 02:25:00;218.803;174.953; 87.872; 97.700;266.776
2024-05-08 02:30:00;220.037;172.301; 87.856; 98.356;267.772
2024-05-08 02:35:00;220.230;173.501; 88.520; 99.756;269.418
2024-05-08 02:40:00;219.613;171.646; 88.776; 98.043;269.104
2024-05-08 02:45:00;219.683;172.255; 88.956; 98.899;267.714
2024-05-08 02:50:00;219.903;173.001; 89.060; 99.154;268.918
2024-05-08 02:55:00;218.320;174.089; 88.474; 96.871;267.772
2024-05-08 03:00:00;220.690;172.589; 88.186; 98.696;267.778
2024-05-08 03:05:00;220.133;171.835; 88.298;101.660;267.730
2024-05-08 03:10:00;217.903;174.605; 88.462; 98.905;268.384
2024-05-08 03:15:00;220.180;172.309; 89.894;100.404;266.516
2024-05-08 03:20:00;220.193;173.126; 88.186; 98.399;267.724
2024-05-08 03:25:00;218.000;171.415; 87.606;100.200;269.322
2024-05-08 03:30:00;220.103;173.237; 88.134; 97.266;267.062
2024-05-08 03:35:00;222.700;172.165; 89.104; 98.700;267.464
2024-05-08 03:40:00;219.130;172.737; 88.680; 98.314;268.312
2024-05-08 03:45:00;221.647;172.857; 88.132;100.384;268.534
2024-05-08 03:50:00;219.443;173.762; 88.380; 98.793;267.536
2024-05-08 03:55:00;219.837;174.757; 89.736; 98.873;266.998
2024-05-08 04:00:00;218.457;175.290; 88.870;100.255;263.614
2024-05-08 04:05:00;218.533;173.882; 88.154; 98.311;268.226
2024-05-08 04:10:00;217.340;174.743; 87.646; 99.505;268.212
2024-05-08 04:15:00;219.694;171.889; 89.108; 98.321;266.496
2024-05-08 04:20:00;217.673;174.896; 87.872;100.184;267.548
2024-05-08 04:25:00;221.793;172.432; 87.096;100.450;267.786
2024-05-08 04:30:00;220.744;174.650; 88.904; 98.134;266.270
2024-05-08 04:35:00;220.783;172.567; 88.496; 98.382;267.220
2024-05-08 04:40:00;221.233;174.542; 88.874; 98.800;268.700
2024-05-08 04:45:00;219.903;172.245; 85.466; 99.030;267.184
2024-05-08 04:50:00;221.273;173.689; 86.474; 99.116;266.938
2024-05-08 04:55:00;218.990;175.125; 89.852; 97.982;267.784
2024-05-08 05:00:00;219.080;174.679; 88.946; 99.506;268.940
2024-05-08 05:05:00;218.480;174.627; 87.958; 98.834;265.406
2024-05-08 05:10:00;220.343;174.571; 88.260; 99.999;265.378
2024-05-08 05:15:00;217.633;174.720; 88.362; 98.792;267.566
2024-05-08 05:20:00;218.513;171.477; 88.910; 98.342;267.596
2024-05-08 05:25:00;219.707;175.013; 88.382; 98.103;266.578
2024-05-08 05:30:00;219.853;172.837; 88.696; 99.249;269.018
2024-05-08 05:35:00;220.400;173.733; 88.774;100.513;266.988
2024-05-08 05:40:00;219.506;174.418; 90.248; 98.496;266.542
2024-05-08 05:45:00;219.817;175.238; 87.352; 98.881;266.034
2024-05-08 05:50:00;217.107;174.239; 88.308; 98.881;266.446
2024-05-08 05:55:00;219.900;171.538; 87.438; 98.909;266.310
2024-05-08 06:00:00;219.290;175.152; 88.108; 98.673;267.644
2024-05-08 06:05:00;220.303;174.542; 88.082; 99.568;264.616
2024-05-08 06:10:00;220.057;174.705; 88.008; 99.587;265.822
2024-05-08 06:15:00;220.570;176.563; 88.474; 96.780;265.410
2024-05-08 06:20:00;220.533;176.584; 87.924; 98.356;265.824
2024-05-08 06:25:00;219.013;175.717; 87.620;100.253;268.752
2024-05-08 06:30:00;220.127;174.294; 87.374;100.351;268.424
2024-05-08 06:35:00;218.644;177.650; 88.544;100.501;266.558
2024-05-08 06:40:00;218.413;175.755; 87.102; 99.328;265.932
2024-05-08 06:45:00;219.963;173.416; 87.848; 99.112;264.318
2024-05-08 06:50:00;220.167;177.035; 87.848; 98.888;267.678
2024-05-08 06:55:00;221.747;174.828; 88.668; 99.220;264.588
2024-05-08 07:00:00;221.973;176.359; 88.440; 99.996;267.666
2024-05-08 07:05:00;218.953;176.306; 88.312;100.243;265.498
2024-05-08 07:10:00;219.893;176.709; 88.092; 99.923;265.758
2024-05-08 07:15:00;219.377;172.810; 87.318; 99.844;266.882
2024-05-08 07:20:00;218.790;174.457; 88.614; 99.224;264.634
2024-05-08 07:25:00;220.597;173.366; 87.900; 99.012;266.950
2024-05-08 07:30:00;218.047;176.133; 89.602; 99.565;269.062
2024-05-08 07:35:00;217.613;175.516; 89.060; 99.319;266.360
2024-05-08 07:40:00;218.816;174.591; 88.986;100.997;265.876
2024-05-08 07:45:00;219.840;175.217; 88.138;100.266;266.392
2024-05-08 07:50:00;218.887;172.923; 87.114; 99.596;266.146
2024-05-08 07:55:00;220.767;174.628; 87.322; 99.539;266.502
2024-05-08 08:00:00;217.990;175.862; 87.964; 98.204;268.266
2024-05-08 08:05:00;219.906;174.718; 88.176; 98.862;266.836
2024-05-08 08:10:00;217.753;174.555; 88.310; 98.753;266.044
2024-05-08 08:15:00;217.697;174.448; 89.094; 97.453;267.182
2024-05-08 08:20:00;219.300;174.996; 88.140;101.655;269.416
2024-05-08 08:25:00;221.620;176.209; 88.862; 98.705;266.576
2024-05-08 08:30:00;219.370;174.146; 89.090; 98.167;267.386
2024-05-08 08:35:00;220.530;173.971; 88.044; 97.610;267.088
2024-05-08 08:40:00;218.156;175.765; 87.118; 98.425;268.012
2024-05-08 08:45:00;219.384;175.052; 87.226;100.152;265.974
2024-05-08 08:50:00;219.070;172.484; 88.470; 99.096;267.498
2024-05-08 08:55:00;221.060;174.688; 88.616; 98.321;265.618
2024-05-08 09:00:00;219.623;174.263; 87.860; 99.668;268.242
2024-05-08 09:05:00;219.310;175.143; 88.156; 98.775;267.652
2024-05-08 09:10:00;221.923;174.995; 87.634;102.417;268.238
2024-05-08 09:15:00;217.860;174.591; 87.686; 99.792;268.984
2024-05-08 09:20:00;219.397;177.298; 86.790; 99.166;266.980
2024-05-08 09:25:00;221.203;175.689; 88.546; 99.841;265.188
2024-05-08 09:30:00;219.480;175.085; 88.298;100.492;266.102
2024-05-08 09:35:00;218.147;173.939; 87.548; 99.798;267.638
2024-05-08 09:40:00;218.170;175.027; 88.390; 99.131;267.760
2024-05-08 09:45:00;218.957;176.701; 87.622; 99.695;267.936
2024-05-08 09:50:00;221.033;173.978; 89.262;100.644;265.784
2024-05-08 09:55:00;221.917;177.056; 87.682; 99.129;270.054
2024-05-08 10:00:00;221.267;176.895; 86.212;100.749;268.690
2024-05-08 10:05:00;219.447;174.276; 87.516; 99.893;269.024
2024-05-08 10:10:00;217.097;177.214; 87.490; 99.473;267.294
2024-05-08 10:15:00;220.363;173.667; 87.344; 99.233;268.954
2024-05-08 10:20:00;222.810;174.618; 87.116; 99.376;266.524
2024-05-08 10:25:00;217.060;172.393; 88.906;100.648;267.742
2024-05-08 10:30:00;219.460;174.237; 87.956; 98.527;265.426
2024-05-08 10:35:00;217.577;173.450; 87.222; 99.916;267.808
2024-05-08 10:40:00;221.850;175.883; 87.560; 99.850;269.286
2024-05-08 10:45:00;217.527;174.501; 88.734; 99.110;268.372
2024-05-08 10:50:00;220.113;174.226; 89.994; 98.836;265.908
2024-05-08 10:55:00;218.100;175.846; 88.154; 98.849;268.190
2024-05-08 11:00:00;218.423;173.061; 87.426; 99.103;269.120
2024-05-08 11:05:00;219.157;176.120; 88.550;100.188;268.242
2024-05-08 11:10:00;220.197;174.842; 88.788; 99.768;268.480
2024-05-08 11:15:00;219.540;175.824; 87.324; 99.082;267.376
2024-05-08 11:20:00;218.583;174.241; 88.776;100.350;268.100
2024-05-08 11:25:00;220.030;176.212; 87.866; 99.306;268.134
2024-05-08 11:30:00;222.083;176.193; 88.360;101.001;266.704
2024-05-08 11:35:00;223.173;173.668; 88.476;100.535;269.138
2024-05-08 11:40:00;218.530;175.932; 88.804; 99.530;265.632
2024-05-08 11:45:00;219.770;174.326; 87.898; 99.736;268.226
2024-05-08 11:50:00;219.080;176.213; 88.970;100.304;265.794
2024-05-08 11:55:00;219.433;175.798; 88.960; 99.468;267.906
2024-05-08 12:00:00;219.237;179.140; 88.796;101.982;266.162
2024-05-08 12:05:00;219.597;176.141; 87.958; 98.430;266.734
2024-05-08 12:10:00;219.753;176.503; 88.128; 98.429;265.996
2024-05-08 12:15:00;220.643;174.157; 88.296; 99.662;267.194
2024-05-08 12:20:00;220.170;175.746; 89.368; 99.332;266.740
2024-05-08 12:25:00;219.830;175.393; 89.452;101.104;268.402
2024-05-08 12:30:00;219.900;176.675; 89.158; 99.851;268.806
2024-05-08 12:35:00;218.567;175.243; 88.454; 99.334;267.536
2024-05-08 12:40:00;220.787;174.764; 89.676;100.953;270.708
2024-05-08 12:45:00;217.917;175.950; 88.818;101.161;270.050
2024-05-08 12:50:00;219.890;175.960; 87.824; 99.947;269.298
2024-05-08 12:55:00;218.920;175.033; 88.512; 99.838;267.430
2024-05-08 13:00:00;219.020;175.493; 88.522;100.310;269.992
2024-05-08 13:05:00;220.070;175.291; 88.754;101.829;268.230
2024-05-08 13:10:00;222.270;175.807; 88.288; 98.855;268.024
2024-05-08 13:15:00;219.527;174.362; 87.372;100.615;268.300
2024-05-08 13:20:00;217.444;176.578; 90.948; 99.824;269.296
2024-05-08 13:25:00;218.923;176.045; 88.944; 99.017;268.318
2024-05-08 13:30:00;220.557;176.159; 87.936; 99.445;269.246
2024-05-08 13:35:00;219.107;175.507; 88.598;100.058;268.602
2024-05-08 13:40:00;221.297;175.142; 89.190;101.191;270.342
2024-05-08 13:45:00;221.543;176.203; 90.142;100.231;266.934
2024-05-08 13:50:00;220.153;174.503; 89.060; 98.933;270.510
2024-05-08 13:55:00;220.670;174.499; 87.760;101.094;268.340
2024-05-08 14:00:00;217.333;175.312; 88.842; 99.298;271.320
2024-05-08 14:05:00;220.090;175.843; 88.706; 99.613;268.652
2024-05-08 14:10:00;219.320;175.690; 90.252; 97.970;267.714
2024-05-08 14:15:00;218.177;176.202; 89.590;100.101;268.834
2024-05-08 14:20:00;221.547;177.264; 88.826; 99.493;269.148
2024-05-08 14:25:00;220.993;174.969; 89.376; 99.472;270.210
2024-05-08 14:30:00;216.650;177.331; 88.580;101.638;269.596
2024-05-08 14:35:00;219.630;176.641; 88.550; 99.032;266.570
2024-05-08 14:40:00;220.887;174.680; 88.178;100.623;266.814
2024-05-08 14:45:00;219.680;175.224; 88.216; 99.808;268.214
2024-05-08 14:50:00;221.807;178.051; 89.572; 99.317;268.762
2024-05-08 14:55:00;220.813;176.930; 90.086; 99.123;268.278
2024-05-08 15:00:00;220.734;176.287; 89.674;100.400;268.538
2024-05-08 15:05:00;219.857;175.658; 88.842;101.039;268.326
2024-05-08 15:10:00;222.420;175.093; 88.692;100.580;267.294
2024-05-08 15:15:00;219.867;175.696; 88.590; 98.396;268.616
2024-05-08 15:20:00;220.797;175.208; 87.832;102.653;267.416
2024-05-08 15:25:00;223.217;175.002; 89.020; 98.247;267.510
2024-05-08 15:30:00;219.287;177.091; 87.288; 99.749;268.804
2024-05-08 15:35:00;217.660;177.984; 87.976;100.703;266.566
2024-05-08 15:40:00;219.077;176.233; 88.072; 99.657;268.608
2024-05-08 15:45:00;222.483;173.783; 89.780; 97.574;267.906
2024-05-08 15:50:00;219.687;175.100; 88.746; 98.850;269.256
2024-05-08 15:55:00;219.180;179.152; 90.628; 99.362;269.542
2024-05-08 16:00:00;220.063;173.982; 89.200; 99.607;268.758
2024-05-08 16:05:00;221.817;175.036; 88.082; 98.864;266.434
2024-05-08 16:10:00;220.600;177.237; 87.756; 98.507;267.844
2024-05-08 16:15:00;222.320;175.533; 89.494;101.211;267.758
2024-05-08 16:20:00;220.227;177.620; 88.960;100.217;272.628
2024-05-08 16:25:00;221.376;174.916; 89.176; 99.774;268.864
2024-05-08 16:30:00;219.043;176.056; 90.618;101.481;267.810
2024-05-08 16:35:00;220.193;176.337; 88.726; 99.301;267.550
2024-05-08 16:40:00;219.437;176.445; 89.600; 99.582;268.636
2024-05-08 16:45:00;219.223;174.610; 89.374; 99.422;267.800
2024-05-08 16:50:00;222.013;175.036; 89.246; 99.765;267.550
2024-05-08 16:55:00;219.423;175.493; 88.568;100.168;269.708
2024-05-08 17:00:00;220.233;175.264; 87.820;100.606;269.764
2024-05-08 17:05:00;219.957;177.185; 89.008; 99.841;267.882
2024-05-08 17:10:00;221.477;173.419; 89.708;100.829;268.072
2024-05-08 17:15:00;220.730;174.481; 88.528; 99.745;268.846
2024-05-08 17:20:00;220.740;176.596; 88.368;101.205;266.544
2024-05-08 17:25:00;221.200;178.242; 89.432; 98.554;270.646
2024-05-08 17:30:00;219.763;175.739; 88.944;102.325;269.160
2024-05-08 17:35:00;220.093;175.228; 89.278; 99.943;268.984
2024-05-08 17:40:00;220.037;174.030; 88.636;100.302;269.240
2024-05-08 17:45:00;218.297;176.152; 89.538;100.467;268.468
2024-05-08 17:50:00;220.813;174.086; 90.282; 98.333;268.980
2024-05-08 17:55:00;219.377;174.081; 90.006; 99.453;272.432
2024-05-08 18:00:00;219.953;175.974; 88.784;100.511;270.746
2024-05-08 18:05:00;219.720;174.534; 88.478; 99.326;268.852
2024-05-08 18:10:00;220.067;176.764; 90.418; 98.918;272.662
2024-05-08 18:15:00;221.980;176.593; 89.516; 99.633;270.458
2024-05-08 18:20:00;222.506;175.067; 88.856; 99.283;269.938
2024-05-08 18:25:00;220.927;175.225; 88.174; 98.904;270.114
2024-05-08 18:30:00;219.523;175.019; 88.660;100.032;267.058
2024-05-08 18:35:00;221.667;175.281; 87.654; 98.768;270.912
2024-05-08 18:40:00;221.173;174.285; 90.416;100.120;269.844
2024-05-08 18:45:00;218.630;174.723; 89.506; 99.338;270.192
2024-05-08 18:50:00;221.210;174.719; 89.394; 99.340;268.572
2024-05-08 18:55:00;219.917;177.828; 89.648; 99.097;269.036
2024-05-08 19:00:00;219.696;175.577; 89.204; 98.970;270.600
2024-05-08 19:05:00;220.580;174.067; 88.018;100.003;268.912
2024-05-08 19:10:00;223.660;175.643; 89.244;100.516;268.798
2024-05-08 19:15:00;217.890;176.463; 89.812; 99.251;268.126
2024-05-08 19:20:00;223.417;174.243; 88.176; 98.543;269.616
2024-05-08 19:25:00;222.537;173.643; 88.400; 99.154;270.264
2024-05-08 19:30:00;222.797;174.450; 89.358;101.684;268.952
2024-05-08 19:35:00;221.147;174.553; 88.204; 99.949;271.056
2024-05-08 19:40:00;221.233;174.819; 89.236; 98.524;268.412
2024-05-08 19:45:00;218.067;176.296; 88.224; 98.958;269.942
2024-05-08 19:50:00;219.370;174.960; 88.890;101.059;268.384
2024-05-08 19:55:00;220.903;174.184; 89.892; 98.814;268.282
2024-05-08 20:00:00;221.320;173.172; 88.442;100.127;268.948
2024-05-08 20:05:00;220.577;175.875; 88.876; 99.353;269.266
2024-05-08 20:10:00;220.657;174.660; 88.282;100.357;267.794
2024-05-08 20:15:00;218.223;173.871; 88.482; 99.041;266.448
2024-05-08 20:20:00;221.567;173.108; 89.330; 99.445;269.140
2024-05-08 20:25:00;219.097;173.350; 89.664;100.614;270.410
2024-05-08 20:30:00;220.840;175.011; 88.332; 98.336;270.724
2024-05-08 20:35:00;221.567;172.836; 90.066; 99.348;269.266
2024-05-08 20:40:00;219.863;174.103; 89.230; 98.151;267.620
2024-05-08 20:45:00;221.430;171.712; 88.204; 98.933;268.668
2024-05-08 20:50:00;218.140;175.127; 88.762; 98.945;268.736
2024-05-08 20:55:00;222.343;174.639; 90.248; 99.151;269.708
2024-05-08 21:00:00;219.410;174.947; 89.886; 99.098;269.192
2024-05-08 21:05:00;220.980;173.682; 89.156; 98.889;270.322
2024-05-08 21:10:00;221.813;174.698; 88.696; 99.695;268.844
2024-05-08 21:15:00;221.613;173.052; 88.884;100.291;268.692
2024-05-08 21:20:00;221.590;176.185; 88.322; 98.583;267.328
2024-05-08 21:25:00;224.210;174.399; 90.026; 99.562;269.784
2024-05-08 21:30:00;220.250;172.221; 90.078; 98.761;267.658
2024-05-08 21:35:00;217.170;172.799; 89.776; 97.938;269.716
2024-05-08 21:40:00;220.453;173.373; 88.852; 99.208;268.664
2024-05-08 21:45:00;222.267;175.190; 89.148; 98.320;270.588
2024-05-08 21:50:00;222.830;176.139; 88.510; 99.872;270.136
2024-05-08 21:55:00;222.603;174.543; 88.750;100.338;267.000
2024-05-08 22:00:00;223.727;173.593; 88.770; 98.427;269.240
2024-05-08 22:05:00;221.387;176.279; 89.202; 99.358;270.278
2024-05-08 22:10:00;219.780;173.712; 88.804; 98.650;268.444
2024-05-08 22:15:00;221.104;174.043; 89.180; 97.055;269.844
2024-05-08 22:20:00;222.047;176.336; 89.328; 99.388;269.270
2024-05-08 22:25:00;221.917;173.945; 88.260; 98.802;269.330
2024-05-08 22:30:00;217.567;173.761; 90.870; 98.619;269.380
2024-05-08 22:35:00;221.370;174.319; 90.344; 99.153;270.034
2024-05-08 22:40:00;220.893;173.840; 90.332; 99.106;269.204
2024-05-08 22:45:00;222.220;175.387; 90.498;100.256;270.020
2024-05-08 22:50:00;222.753;173.293; 88.740; 99.251;267.970
2024-05-08 22:55:00;222.887;173.995; 88.336; 98.032;269.094
2024-05-08 23:00:00;221.410;173.949; 89.648; 99.202;268.966
2024-05-08 23:05:00;223.577;174.760; 88.860; 99.395;270.988
2024-05-08 23:10:00;221.750;174.209; 89.480; 99.571;267.908
2024-05-08 23:15:00;220.663;174.944; 89.520; 99.467;269.852
2024-05-08 23:20:00;220.957;176.859; 88.490; 99.250;271.044
2024-05-08 23:25:00;221.060;175.102; 89.260; 99.281;269.424
2024-05-08 23:30:00;219.903;176.727; 89.122;100.114;268.176
2024-05-08 23:35:00;220.060;173.820; 89.010; 97.883;270.870
2024-05-08 23:40:00;219.693;174.631; 88.934; 99.432;269.710
2024-05-08 23:45:00;219.974;173.789; 89.262; 99.585;268.004
2024-05-08 23:50:00;220.770;175.115; 88.950; 98.760;268.434
2024-05-08 23:55:00;219.470;171.767; 88.556; 96.855;268.384
2024-05-09 00:00:00;218.173;175.490; 90.578; 98.962;266.958
2024-05-09 00:05:00;219.667;174.779; 89.286; 99.015;268.958
2024-05-09 00:10:00;220.780;176.092; 91.102; 98.663;269.232
2024-05-09 00:15:00;220.907;175.046; 89.226; 98.975;268.068
2024-05-09 00:20:00;221.657;175.121; 89.092; 99.182;266.624
2024-05-09 00:25:00;218.983;173.393; 89.446; 98.118;266.606
2024-05-09 00:30:00;219.680;173.829; 88.630; 98.721;269.122
2024-05-09 00:35:00;220.350;175.810; 88.442; 97.380;267.752
2024-05-09 00:40:00;220.790;172.753; 88.540;100.279;269.454
2024-05-09 00:45:00;219.407;173.167; 88.578;100.874;268.392
2024-05-09 00:50:00;218.157;173.908; 88.890; 99.733;269.262
2024-05-09 00:55:00;220.470;173.136; 89.630; 99.726;268.426
2024-05-09 01:00:00;221.567;173.716; 88.534; 99.335;270.016
2024-05-09 01:05:00;220.383;171.590; 88.900; 98.620;267.620
2024-05-09 01:10:00;219.377;174.038; 88.544; 98.641;267.576
2024-05-09 01:15:00;218.787;174.360; 88.684; 99.327;268.580
2024-05-09 01:20:00;218.660;171.926; 88.440; 98.448;270.334
2024-05-09 01:25:00;220.457;173.898; 89.004; 98.843;270.114
2024-05-09 01:30:00;218.350;172.251; 88.280; 98.482;268.676
2024-05-09 01:35:00;221.210;175.359; 89.416;100.976;268.702
2024-05-09 01:40:00;221.687;173.943; 88.438; 99.581;268.324
2024-05-09 01:45:00;220.027;174.131; 89.350; 98.907;267.176
2024-05-09 01:50:00;220.223;173.570; 88.414;100.444;268.046
2024-05-09 01:55:00;220.043;171.742; 88.650;100.169;267.892
2024-05-09 02:00:00;219.550;171.697; 88.102; 97.401;271.172
2024-05-09 02:05:00;220.463;171.953; 87.460; 97.854;267.984
2024-05-09 02:10:00;218.927;174.017; 89.134; 98.228;270.642
2024-05-09 02:15:00;220.940;173.000; 89.948; 98.993;267.726
2024-05-09 02:20:00;222.597;173.922; 88.540; 98.665;269.674
2024-05-09 02:25:00;222.440;172.144; 89.082; 98.480;268.742
2024-05-09 02:30:00;221.013;172.770; 89.668; 99.276;271.154
2024-05-09 02:35:00;217.247;174.983; 88.026; 98.776;269.048
2024-05-09 02:40:00;219.217;173.337; 87.726; 99.080;269.294
2024-05-09 02:45:00;221.477;173.972; 88.554; 99.984;271.044
2024-05-09 02:50:00;220.303;172.577; 88.150; 99.398;267.570
2024-05-09 02:55:00;220.760;172.116; 88.026; 99.382;269.350
2024-05-09 03:00:00;218.977;175.051; 89.174; 98.544;268.456
2024-05-09 03:05:00;220.470;174.432; 88.706;100.593;270.878
2024-05-09 03:10:00;220.277;173.890; 89.020;100.668;268.978
2024-05-09 03:15:00;221.717;173.454; 89.594;100.087;269.668
2024-05-09 03:20:00;221.916;174.689; 89.538; 99.209;269.990
2024-05-09 03:25:00;219.590;172.427; 89.288; 97.817;268.836
2024-05-09 03:30:00;219.157;171.986; 89.674; 99.020;268.232
2024-05-09 03:35:00;220.003;172.732; 88.114; 98.934;270.262
2024-05-09 03:40:00;220.477;172.207; 87.998; 99.866;270.116
2024-05-09 03:45:00;222.773;171.892; 87.916; 99.770;269.444
2024-05-09 03:50:00;222.253;173.377; 88.442; 99.757;268.080
2024-05-09 03:55:00;222.097;172.702; 89.270; 98.649;269.206
2024-05-09 04:00:00;220.043;173.543; 88.700; 97.835;268.704
2024-05-09 04:05:00;219.794;173.610; 88.464; 98.905;266.656
2024-05-09 04:10:00;220.643;173.014; 88.496; 99.149;267.390
2024-05-09 04:15:00;217.330;174.818; 88.640; 99.238;268.002
2024-05-09 04:20:00;219.790;173.674; 88.780; 98.901;269.620
2024-05-09 04:25:00;219.547;173.284; 89.254; 97.168;268.746
2024-05-09 04:30:00;217.353;173.124; 89.066; 99.336;269.562
2024-05-09 04:35:00;217.897;173.491; 88.314; 98.347;267.932
2024-05-09 04:40:00;218.460;173.667; 89.654; 98.861;269.922
2024-05-09 04:45:00;219.597;173.722; 89.928; 96.586;266.822
2024-05-09 04:50:00;220.307;173.962; 88.546; 99.085;268.142
2024-05-09 04:55:00;220.783;172.501; 90.358; 99.527;271.126
2024-05-09 05:00:00;219.210;173.365; 89.070; 97.571;268.030
2024-05-09 05:05:00;220.577;172.312; 88.048; 97.709;270.878
2024-05-09 05:10:00;219.370;173.933; 89.094; 99.505;267.972
2024-05-09 05:15:00;221.330;173.118; 88.704; 98.671;267.202
2024-05-09 05:20:00;220.070;174.111; 89.554; 98.117;270.588
2024-05-09 05:25:00;218.750;176.376; 88.712; 98.398;267.210
2024-05-09 05:30:00;218.907;173.457; 89.502; 98.033;268.412
2024-05-09 05:35:00;220.430;173.468; 88.934; 98.501;267.714
2024-05-09 05:40:00;221.110;173.400; 88.302; 99.191;268.302
2024-05-09 05:45:00;220.283;173.755; 89.302; 98.071;268.968
2024-05-09 05:50:00;219.913;174.470; 88.660; 98.388;269.510
2024-05-09 05:55:00;219.077;175.539; 89.204; 98.695;269.216
2024-05-09 06:00:00;219.930;174.102; 89.020; 99.476;268.172
2024-05-09 06:05:00;217.980;173.637; 88.414;100.041;267.612
2024-05-09 06:10:00;221.297;174.780; 88.118; 98.680;266.764
2024-05-09 06:15:00;219.357;173.454; 88.472; 99.792;269.440
2024-05-09 06:20:00;222.963;175.043; 89.164; 98.163;269.634
2024-05-09 06:25:00;219.873;176.689; 87.882; 99.408;268.598
2024-05-09 06:30:00;218.987;175.464; 89.324; 99.130;266.778
2024-05-09 06:35:00;217.820;174.605; 89.022; 99.385;269.044
2024-05-09 06:40:00;217.714;177.050; 86.730; 97.415;266.926
2024-05-09 06:45:00;221.100;174.877; 88.476; 98.854;266.098
2024-05-09 06:50:00;217.143;175.617; 89.142; 97.236;266.630
2024-05-09 06:55:00;220.774;175.000; 89.362;100.556;265.646
2024-05-09 07:00:00;220.850;175.169; 89.048; 99.609;267.772
2024-05-09 07:05:00;221.660;174.633; 89.152; 97.494;268.794
2024-05-09 07:10:00;220.270;175.721; 90.364;100.149;269.116
2024-05-09 07:15:00;218.330;175.547; 88.722; 98.775;268.554
2024-05-09 07:20:00;220.970;175.404; 89.740; 99.650;267.028
2024-05-09 07:25:00;221.190;175.156; 88.476; 99.266;268.454
2024-05-09 07:30:00;220.810;176.893; 88.358;100.064;268.902
2024-05-09 07:35:00;219.843;174.518; 87.432; 99.817;265.936
2024-05-09 07:40:00;221.693;175.356; 88.834;101.057;265.982
2024-05-09 07:45:00;221.367;174.920; 87.402; 99.981;268.406
2024-05-09 07:50:00;220.010;176.174; 87.466; 98.340;265.716
2024-05-09 07:55:00;219.746;174.008; 87.662;100.102;266.202
2024-05-09 08:00:00;220.703;174.882; 88.892; 98.535;268.742
2024-05-09 08:05:00;217.333;174.698; 89.374; 98.526;268.788
2024-05-09 08:10:00;217.823;176.224; 88.228; 96.885;266.590
2024-05-09 08:15:00;220.037;173.994; 87.750; 99.034;269.128
2024-05-09 08:20:00;220.300;175.491; 87.068; 98.750;268.390
2024-05-09 08:25:00;219.037;174.990; 88.560; 96.425;268.202
2024-05-09 08:30:00;219.937;174.968; 88.760;100.114;267.652
2024-05-09 08:35:00;219.070;175.218; 88.182;101.039;268.828
2024-05-09 08:40:00;218.554;174.062; 88.274; 98.392;266.744
2024-05-09 08:45:00;217.623;175.968; 87.682; 99.758;268.008
2024-05-09 08:50:00;221.620;177.055; 88.472;100.437;268.016
2024-05-09 08:55:00;216.940;176.444; 88.000; 98.798;269.636
2024-05-09 09:00:00;218.677;176.326; 88.702; 99.167;266.370
2024-05-09 09:05:00;217.617;175.101; 88.252; 99.575;265.668
2024-05-09 09:10:00;219.863;174.961; 88.962;101.290;267.836
2024-05-09 09:15:00;221.787;175.117; 88.244; 99.279;268.280
2024-05-09 09:20:00;218.820;175.286; 89.310; 99.860;267.380
2024-05-09 09:25:00;220.070;176.214; 90.508; 97.630;266.592
2024-05-09 09:30:00;220.003;173.926; 90.094; 98.380;266.264
2024-05-09 09:35:00;219.093;176.690; 87.770; 99.674;266.940
2024-05-09 09:40:00;220.093;175.757; 87.698; 98.598;267.872
2024-05-09 09:45:00;216.310;177.223; 88.012; 99.018;266.762
2024-05-09 09:50:00;216.963;178.179; 88.370; 99.089;266.480
2024-05-09 09:55:00;219.233;176.197; 88.106; 98.946;269.160
2024-05-09 10:00:00;219.623;176.044; 87.598; 99.963;267.734
2024-05-09 10:05:00;220.230;174.950; 89.168; 98.676;268.430
2024-05-09 10:10:00;218.170;175.417; 89.296; 99.392;268.748
2024-05-09 10:15:00;218.193;176.100; 88.856; 99.962;267.970
2024-05-09 10:20:00;221.367;176.565; 89.718;100.828;266.678
2024-05-09 10:25:00;218.493;174.416; 90.000;100.925;267.854
2024-05-09 10:30:00;220.436;175.087; 88.092; 99.679;267.122
2024-05-09 10:35:00;218.840;174.574; 87.892;100.273;269.248
2024-05-09 10:40:00;219.700;175.992; 88.712;100.770;266.836
2024-05-09 10:45:00;216.180;174.890; 88.828; 99.997;265.402
2024-05-09 10:50:00;222.380;175.509; 88.850; 99.114;268.194
2024-05-09 10:55:00;218.937;175.026; 89.014; 99.568;268.882
2024-05-09 11:00:00;218.970;176.539; 88.412; 99.525;270.758
2024-05-09 11:05:00;218.880;174.405; 88.710;100.946;270.554
2024-05-09 11:10:00;220.397;176.384; 88.180; 98.689;268.460
2024-05-09 11:15:00;222.263;174.899; 88.960;101.469;269.460
2024-05-09 11:20:00;220.893;175.804; 87.974; 99.789;268.012
2024-05-09 11:25:00;220.317;176.819; 89.542; 99.177;268.556
2024-05-09 11:30:00;222.280;174.525; 89.034; 99.506;269.024
2024-05-09 11:35:00;218.447;174.523; 88.492;100.704;267.888
2024-05-09 11:40:00;221.267;175.706; 88.576; 98.555;269.958
2024-05-09 11:45:00;218.203;176.148; 89.486;101.465;268.682
2024-05-09 11:50:00;221.027;174.405; 88.296;100.109;267.448
2024-05-09 11:55:00;220.103;178.084; 88.966; 97.932;269.446
2024-05-09 12:00:00;220.166;174.641; 87.760; 98.316;270.264
2024-05-09 12:05:00;217.930;175.215; 88.116;101.715;272.212
2024-05-09 12:10:00;219.567;175.262; 90.342;100.218;271.134
2024-05-09 12:15:00;217.980;174.058; 88.632;100.524;267.378
2024-05-09 12:20:00;218.280;178.518; 89.710; 99.673;270.344
2024-05-09 12:25:00;218.907;175.600; 88.390; 99.812;270.434
2024-05-09 12:30:00;220.883;174.036; 88.410; 98.864;268.670
2024-05-09 12:35:00;221.400;174.886; 87.796; 98.672;271.908
2024-05-09 12:40:00;222.137;175.712; 89.084; 98.705;270.156
2024-05-09 12:45:00;222.360;175.189; 90.216; 99.388;270.454
2024-05-09 12:50:00;221.953;176.083; 87.332; 99.364;265.420
2024-05-09 12:55:00;221.760;176.117; 89.326; 99.366;268.296
2024-05-09 13:00:00;221.940;175.379; 89.598; 98.809;271.012
2024-05-09 13:05:00;220.483;176.597; 89.320; 99.590;269.360
2024-05-09 13:10:00;221.703;176.797; 88.106;100.115;269.436
2024-05-09 13:15:00;221.420;177.753; 89.444;100.862;269.678
2024-05-09 13:20:00;219.907;176.320; 89.474; 99.973;271.922
2024-05-09 13:25:00;219.080;175.444; 89.060; 98.417;270.654
2024-05-09 13:30:00;218.026;174.287; 89.306; 99.209;271.764
2024-05-09 13:35:00;220.587;173.941; 88.858; 99.291;271.012
2024-05-09 13:40:00;218.383;176.288; 88.958; 98.186;270.888
2024-05-09 13:45:00;221.637;175.451; 89.538; 99.380;272.702
2024-05-09 13:50:00;221.310;175.606; 89.764; 98.355;268.836
2024-05-09 13:55:00;220.833;177.133; 88.508; 99.963;271.966
2024-05-09 14:00:00;219.000;174.747; 89.858; 99.706;270.838
2024-05-09 14:05:00;218.730;176.883; 89.088; 98.926;270.136
2024-05-09 14:10:00;219.753;175.630; 89.386; 98.676;270.510
2024-05-09 14:15:00;221.493;178.058; 89.294; 99.523;270.348
2024-05-09 14:20:00;218.687;176.659; 90.592;100.068;269.788
2024-05-09 14:25:00;218.957;176.403; 89.606; 98.862;271.616
2024-05-09 14:30:00;218.060;175.535; 89.644;100.201;271.546
2024-05-09 14:35:00;220.570;176.776; 89.302; 99.222;270.978
2024-05-09 14:40:00;220.330;176.384; 88.404; 97.780;269.980
2024-05-09 14:45:00;221.930;176.475; 89.750; 99.720;270.060
2024-05-09 14:50:00;218.220;177.289; 89.974; 98.622;269.618
2024-05-09 14:55:00;220.010;173.898; 89.652; 99.165;271.222
2024-05-09 15:00:00;221.693;175.987; 89.212; 99.139;269.550
2024-05-09 15:05:00;219.156;175.508; 89.818; 98.705;270.340
2024-05-09 15:10:00;220.383;178.234; 89.908; 99.554;271.242
2024-05-09 15:15:00;221.270;176.141; 90.044;100.361;273.364
2024-05-09 15:20:00;218.990;176.283; 88.634; 99.618;272.324
2024-05-09 15:25:00;220.527;176.517; 88.286; 99.537;271.910
2024-05-09 15:30:00;223.557;175.052; 88.852; 99.044;270.868
2024-05-09 15:35:00;220.077;176.977; 89.754; 99.298;269.028
2024-05-09 15:40:00;221.023;177.099; 90.322; 98.254;272.246
2024-05-09 15:45:00;218.957;177.266; 88.768; 99.997;271.378
2024-05-09 15:50:00;221.453;176.368; 90.482;100.421;269.552
2024-05-09 15:55:00;222.160;176.543; 90.940;100.738;270.682
2024-05-09 16:00:00;220.047;178.126; 88.928; 98.858;270.598
2024-05-09 16:05:00;220.656;175.794; 87.832; 99.668;269.024
2024-05-09 16:10:00;221.137;175.402; 89.558; 99.762;271.440
2024-05-09 16:15:00;220.716;175.607; 89.280;100.929;270.334
2024-05-09 16:20:00;220.654;176.715; 88.546; 99.836;271.098
2024-05-09 16:25:00;222.210;176.712; 90.678;100.824;270.254
2024-05-09 16:30:00;222.063;176.850; 89.654; 98.027;271.266
2024-05-09 16:35:00;224.730;177.762; 91.038; 97.951;270.418
2024-05-09 16:40:00;222.500;177.438; 89.894; 99.468;270.846
2024-05-09 16:45:00;221.110;176.330; 89.224; 99.311;267.596
2024-05-09 16:50:00;221.793;175.200; 91.080; 99.123;270.394
2024-05-09 16:55:00;220.677;174.283; 89.422; 98.819;268.732
2024-05-09 17:00:00;217.653;175.672; 88.778; 98.772;271.192
2024-05-09 17:05:00;221.410;174.667; 88.956; 99.972;269.568
2024-05-09 17:10:00;223.827;175.786; 88.668; 98.290;270.270
2024-05-09 17:15:00;219.073;177.274; 89.868; 97.324;272.508
2024-05-09 17:20:00;221.557;175.843; 87.446; 99.124;269.662
2024-05-09 17:25:00;223.077;176.021; 89.168; 99.647;270.704
2024-05-09 17:30:00;218.897;177.744; 90.430; 98.538;269.166
2024-05-09 17:35:00;219.927;172.691; 88.238; 97.696;270.122
2024-05-09 17:40:00;220.647;176.701; 89.058; 98.897;272.956
2024-05-09 17:45:00;221.927;174.329; 90.934; 99.249;270.612
2024-05-09 17:50:00;219.687;175.589; 91.432; 99.116;271.662
2024-05-09 17:55:00;221.613;176.857; 89.140; 98.260;272.470
2024-05-09 18:00:00;220.450;177.851; 90.832;100.480;272.514
2024-05-09 18:05:00;220.557;174.961; 89.780; 98.588;269.836
2024-05-09 18:10:00;222.430;177.448; 89.696; 99.217;269.192
2024-05-09 18:15:00;216.973;176.257; 87.940; 98.806;268.830
2024-05-09 18:20:00;220.820;173.357; 89.132; 98.949;271.318
2024-05-09 18:25:00;222.093;176.786; 89.580; 97.896;268.798
2024-05-09 18:30:00;223.090;175.319; 88.428; 98.587;269.606
2024-05-09 18:35:00;222.020;176.821; 89.154;100.006;269.970
2024-05-09 18:40:00;221.970;174.672; 89.474; 98.982;266.632
2024-05-09 18:45:00;224.063;174.275; 89.974; 98.773;270.150
2024-05-09 18:50:00;221.310;173.978; 90.296; 98.034;270.864
2024-05-09 18:55:00;222.007;176.013; 89.222; 98.222;272.686
2024-05-09 19:00:00;222.207;175.285; 87.818; 98.481;271.102
2024-05-09 19:05:00;221.827;174.796; 88.376; 97.956;270.936
2024-05-09 19:10:00;219.187;175.831; 91.254; 98.273;270.290
2024-05-09 19:15:00;219.887;175.772; 88.612; 96.270;270.684
2024-05-09 19:20:00;219.406;173.733; 89.680; 97.322;269.490
2024-05-09 19:25:00;223.267;173.763; 89.230; 97.312;271.504
2024-05-09 19:30:00;220.853;175.408; 89.360; 99.093;271.048
2024-05-09 19:35:00;218.950;177.701; 89.130; 98.429;271.456
2024-05-09 19:40:00;222.317;176.632; 89.204; 97.634;268.316
2024-05-09 19:45:00;219.246;174.612; 89.462; 98.543;271.944
2024-05-09 19:50:00;219.657;174.732; 90.084; 98.116;270.874
2024-05-09 19:55:00;222.923;175.653; 89.378; 97.694;271.446
2024-05-09 20:00:00;220.757;175.515; 90.640; 97.915;269.876
2024-05-09 20:05:00;223.230;175.149; 89.484; 97.052;271.712
2024-05-09 20:10:00;222.327;176.642; 87.934; 97.392;273.090
2024-05-09 20:15:00;220.707;175.882; 90.466; 98.241;269.988
2024-05-09 20:20:00;219.850;174.415; 88.802;100.014;271.656
2024-05-09 20:25:00;221.037;175.580; 90.328; 97.393;272.342
2024-05-09 20:30:00;219.977;175.443; 89.478; 98.880;272.352
2024-05-09 20:35:00;220.250;175.524; 89.526;100.159;271.954
2024-05-09 20:40:00;220.157;174.625; 89.078; 97.725;269.472
2024-05-09 20:45:00;222.413;175.443; 88.898; 98.148;272.230
2024-05-09 20:50:00;223.147;175.427; 89.262; 97.189;270.508
2024-05-09 20:55:00;222.890;175.374; 90.120; 98.319;271.780
2024-05-09 21:00:00;219.973;174.839; 87.902; 98.253;270.066
2024-05-09 21:05:00;217.700;171.374; 90.406; 97.485;271.350
2024-05-09 21:10:00;221.067;174.850; 89.366; 98.544;268.726
2024-05-09 21:15:00;219.667;173.720; 90.186; 96.788;271.208
2024-05-09 21:20:00;221.017;173.644; 89.414; 99.490;268.878
2024-05-09 21:25:00;219.730;172.842; 89.238; 98.502;268.502
2024-05-09 21:30:00;221.770;172.643; 88.920; 96.708;268.558
2024-05-09 21:35:00;218.996;175.920; 90.186; 98.486;270.102
2024-05-09 21:40:00;220.210;175.523; 90.216; 98.920;270.090
2024-05-09 21:45:00;220.140;172.449; 89.666; 98.025;270.316
2024-05-09 21:50:00;222.910;173.665; 89.876; 98.505;268.364
2024-05-09 21:55:00;221.187;174.133; 89.978; 97.234;272.182
2024-05-09 22:00:00;222.680;174.851; 88.992;100.304;270.098
2024-05-09 22:05:00;220.363;173.564; 89.496; 96.271;269.940
2024-05-09 22:10:00;222.257;174.125; 89.536; 97.390;269.916
2024-05-09 22:15:00;221.480;175.637; 91.108; 99.395;268.164
2024-05-09 22:20:00;220.063;175.985; 88.684; 97.619;268.190
2024-05-09 22:25:00;220.770;172.219; 89.634; 99.068;268.770
2024-05-09 22:30:00;219.527;174.339; 90.104; 98.337;268.280
2024-05-09 22:35:00;221.003;174.748; 88.712; 98.947;268.596
2024-05-09 22:40:00;219.353;174.056; 90.434; 98.766;268.404
2024-05-09 22:45:00;221.290;176.248; 88.532; 97.271;268.256
2024-05-09 22:50:00;220.113;172.507; 87.450; 97.497;270.600
2024-05-09 22:55:00;217.687;174.282; 89.286; 97.637;268.660
2024-05-09 23:00:00;220.837;174.912; 89.010; 98.766;269.722
2024-05-09 23:05:00;223.990;174.305; 88.208; 97.937;267.226
2024-05-09 23:10:00;221.890;172.351; 88.610; 98.501;268.520
2024-05-09 23:15:00;219.097;174.416; 89.366; 97.110;266.802
2024-05-09 23:20:00;221.890;174.381; 89.032; 98.613;268.508
2024-05-09 23:25:00;220.900;174.794; 90.294; 97.730;267.300
2024-05-09 23:30:00;220.963;174.248; 89.050; 99.120;270.580
2024-05-09 23:35:00;220.770;173.417; 87.266; 96.502;269.710
2024-05-09 23:40:00;222.060;174.557; 89.122; 97.307;267.634
2024-05-09 23:45:00;220.103;175.319; 87.254; 97.953;266.022
2024-05-09 23:50:00;220.463;175.148; 88.044; 99.535;266.978
2024-05-09 23:55:00;218.893;173.890; 89.078; 99.573;267.690
2024-05-10 00:00:00;221.723;173.923; 88.130; 99.165;268.984
2024-05-10 00:05:00;219.477;172.389; 88.878; 97.568;266.944
2024-05-10 00:10:00;218.270;173.830; 89.252; 98.326;267.330
2024-05-10 00:15:00;218.150;173.632; 88.954; 97.852;268.762
2024-05-10 00:20:00;221.040;176.450; 87.848; 95.886;267.404
2024-05-10 00:25:00;219.773;173.525; 87.044; 98.465;270.170
2024-05-10 00:30:00;217.423;174.881; 88.144; 99.218;269.102
2024-05-10 00:35:00;219.943;172.493; 87.060; 97.942;269.612
2024-05-10 00:40:00;221.527;175.867; 89.664; 97.263;269.196
2024-05-10 00:45:00;220.567;174.268; 88.330; 96.765;267.084
2024-05-10 00:50:00;218.457;174.519; 87.598; 97.346;268.832
2024-05-10 00:55:00;220.010;175.845; 89.066; 98.469;267.862
2024-05-10 01:00:00;219.337;173.035; 90.034; 98.662;270.364
2024-05-10 01:05:00;219.863;174.307; 87.638; 97.768;268.028
2024-05-10 01:10:00;218.013;173.648; 86.800; 97.349;271.340
2024-05-10 01:15:00;217.823;174.154; 87.156; 98.479;268.692
2024-05-10 01:20:00;220.513;175.136; 88.298; 98.150;269.748
2024-05-10 01:25:00;219.633;172.295; 90.354; 98.337;268.486
2024-05-10 01:30:00;219.737;173.812; 88.322; 99.006;269.090
2024-05-10 01:35:00;219.153;175.987; 87.672; 99.155;268.020
2024-05-10 01:40:00;219.750;174.462; 87.460; 97.093;270.904
2024-05-10 01:45:00;217.970;174.219; 89.546; 98.451;268.596
2024-05-10 01:50:00;222.007;174.293; 88.030; 99.078;269.380
2024-05-10 01:55:00;220.733;173.774; 89.404; 96.875;270.738
2024-05-10 02:00:00;220.560;174.811; 87.378; 99.389;268.894
2024-05-10 02:05:00;220.453;174.469; 89.088; 97.988;268.856
2024-05-10 02:10:00;219.607;175.902; 88.616; 97.332;266.618
2024-05-10 02:15:00;220.017;174.021; 89.930; 98.329;272.110
2024-05-10 02:20:00;221.910;174.211; 89.986; 97.573;267.942
2024-05-10 02:25:00;217.813;174.578; 89.264; 96.763;266.178
2024-05-10 02:30:00;219.640;173.246; 88.492; 98.515;268.296
2024-05-10 02:35:00;220.083;175.722; 88.896; 98.459;269.632
2024-05-10 02:40:00;220.640;171.663; 86.638; 98.488;265.154
2024-05-10 02:45:00;220.973;174.205; 88.746;100.794;270.570
2024-05-10 02:50:00;221.187;173.820; 88.268; 97.084;267.074
2024-05-10 02:55:00;220.937;172.541; 88.234; 98.709;267.890
2024-05-10 03:00:00;217.157;175.470; 89.324; 98.475;268.532
2024-05-10 03:05:00;219.223;175.234; 88.108; 98.646;268.890
2024-05-10 03:10:00;219.447;177.524; 88.428; 98.406;267.736
2024-05-10 03:15:00;220.773;174.408; 87.978; 97.694;268.584
2024-05-10 03:20:00;221.403;174.739; 88.668; 99.013;267.872
2024-05-10 03:25:00;218.533;173.910; 89.002; 97.926;268.518
2024-05-10 03:30:00;220.630;174.337; 89.418; 98.563;268.750
2024-05-10 03:35:00;220.213;174.142; 89.370; 99.221;267.850
2024-05-10 03:40:00;219.263;175.546; 89.026; 98.434;270.064
2024-05-10 03:45:00;217.457;175.580; 88.038; 97.765;269.128
2024-05-10 03:50:00;219.430;176.157; 89.198; 98.174;269.764
2024-05-10 03:55:00;221.597;174.343; 89.098;100.425;270.714
2024-05-10 04:00:00;221.807;174.032; 88.224; 99.646;269.554
2024-05-10 04:05:00;219.960;174.787; 89.166; 98.646;269.606
2024-05-10 04:10:00;220.250;173.964; 89.568; 97.494;270.818
2024-05-10 04:15:00;222.404;173.495; 89.398; 99.416;268.320
2024-05-10 04:20:00;222.877;173.450; 89.870; 97.894;271.012
2024-05-10 04:25:00;222.360;173.539; 89.182; 97.842;268.418
2024-05-10 04:30:00;219.237;175.451; 89.758; 98.132;268.246
2024-05-10 04:35:00;220.263;174.696; 89.178; 98.004;271.372
2024-05-10 04:40:00;218.780;175.152; 87.788; 99.846;268.020
2024-05-10 04:45:00;223.440;174.313; 88.510; 98.858;272.448
2024-05-10 04:50:00;221.030;174.704; 89.798; 98.426;270.004
2024-05-10 04:55:00;219.727;173.717; 89.040; 97.678;269.506
2024-05-10 05:00:00;222.640;173.862; 87.818; 98.262;270.846
2024-05-10 05:05:00;218.997;171.942; 88.690; 98.408;267.856
2024-05-10 05:10:00;219.423;175.288; 88.716; 98.119;269.024
2024-05-10 05:15:00;219.773;177.191; 90.034; 99.261;270.954
2024-05-10 05:20:00;221.070;174.078; 89.392; 98.880;268.692
2024-05-10 05:25:00;219.910;175.103; 89.436; 98.628;268.176
2024-05-10 05:30:00;220.577;174.302; 88.920; 98.961;268.624
2024-05-10 05:35:00;220.574;174.868; 87.598; 96.978;269.126
2024-05-10 05:40:00;220.877;176.135; 88.072; 99.157;271.012
2024-05-10 05:45:00;223.157;174.112; 88.766; 97.787;271.240
2024-05-10 05:50:00;221.547;174.861; 88.270; 99.142;270.362
2024-05-10 05:55:00;221.700;176.316; 89.506; 96.864;270.458
2024-05-10 06:00:00;220.753;173.117; 89.088; 98.822;267.978
2024-05-10 06:05:00;221.560;175.035; 88.036; 99.104;269.388
2024-05-10 06:10:00;220.300;175.472; 87.954; 99.119;270.544
2024-05-10 06:15:00;219.583;173.557; 89.544;101.253;269.940
2024-05-10 06:20:00;220.413;174.173; 89.006; 98.468;267.640
2024-05-10 06:25:00;221.047;174.047; 88.468; 98.876;268.866
2024-05-10 06:30:00;219.477;174.226; 88.504; 96.525;268.420
2024-05-10 06:35:00;222.767;174.918; 89.246; 98.981;268.366
2024-05-10 06:40:00;219.577;175.717; 90.032; 99.608;267.688
2024-05-10 06:45:00;220.066;174.922; 87.968;100.834;268.550
2024-05-10 06:50:00;218.460;175.124; 88.656; 99.559;268.698
2024-05-10 06:55:00;218.847;175.477; 88.786; 98.787;269.910
2024-05-10 07:00:00;218.193;175.757; 89.694; 98.832;270.418
2024-05-10 07:05:00;218.530;173.320; 88.416; 98.878;266.238
2024-05-10 07:10:00;220.086;173.421; 88.630; 97.902;268.674
2024-05-10 07:15:00;222.570;173.954; 89.378; 97.386;267.670
2024-05-10 07:20:00;219.843;174.794; 88.996; 97.616;268.028
2024-05-10 07:25:00;218.507;174.957; 88.730; 97.816;266.922
2024-05-10 07:30:00;219.677;172.794; 88.226;100.340;267.776
2024-05-10 07:35:00;220.363;172.849; 88.500; 98.505;268.082
2024-05-10 07:40:00;219.893;176.277; 89.048; 99.070;266.448
2024-05-10 07:45:00;222.747;175.084; 90.064; 97.517;265.510
2024-05-10 07:50:00;220.600;174.695; 90.342; 98.845;267.712
2024-05-10 07:55:00;223.053;175.330; 88.584; 99.316;269.844
2024-05-10 08:00:00;222.060;173.792; 88.978; 99.098;269.592
2024-05-10 08:05:00;220.230;175.689; 88.044; 98.384;268.212
2024-05-10 08:10:00;219.883;176.102; 88.728; 98.161;268.824
2024-05-10 08:15:00;221.493;176.916; 88.492; 98.308;267.920
2024-05-10 08:20:00;219.703;174.125; 88.778; 97.867;268.028
2024-05-10 08:25:00;222.827;175.045; 89.688; 98.310;267.906
2024-05-10 08:30:00;224.267;176.344; 88.768; 97.571;268.116
2024-05-10 08:35:00;221.930;176.861; 90.032;101.128;267.404
2024-05-10 08:40:00;218.923;175.350; 89.914; 99.591;268.318
2024-05-10 08:45:00;218.990;176.593; 88.710; 98.553;268.188
2024-05-10 08:50:00;218.433;174.580; 87.386; 98.282;266.636
2024-05-10 08:55:00;220.107;175.190; 88.902; 98.377;267.536
2024-05-10 09:00:00;222.146;176.834; 89.236; 98.049;268.198
2024-05-10 09:05:00;223.037;177.464; 89.368; 98.524;270.022
2024-05-10 09:10:00;221.157;175.733; 88.240; 99.959;268.792
2024-05-10 09:15:00;221.413;175.938; 88.942; 98.794;266.976
2024-05-10 09:20:00;221.317;178.621; 88.398; 98.357;270.506
2024-05-10 09:25:00;220.003;174.114; 89.470; 99.640;269.344
2024-05-10 09:30:00;219.774;177.896; 88.878; 99.942;269.356
2024-05-10 09:35:00;220.037;176.315; 88.880; 97.075;271.364
2024-05-10 09:40:00;221.290;177.130; 89.342; 98.714;269.240
2024-05-10 09:45:00;218.883;178.489; 89.746; 97.422;266.668
2024-05-10 09:50:00;221.483;178.592; 89.122; 98.433;268.574
2024-05-10 09:55:00;222.627;176.660; 88.464; 98.884;267.036
2024-05-10 10:00:00;220.547;176.315; 87.588; 98.749;268.532
2024-05-10 10:05:00;220.440;178.948; 89.236; 99.932;268.308
2024-05-10 10:10:00;219.570;177.299; 90.300; 98.487;267.972
2024-05-10 10:15:00;223.710;176.836; 88.520; 99.212;266.532
2024-05-10 10:20:00;220.630;177.407; 89.348; 98.360;269.090
2024-05-10 10:25:00;222.470;177.679; 89.868;100.907;269.134
2024-05-10 10:30:00;219.783;176.689; 89.432; 99.348;267.692
2024-05-10 10:35:00;220.510;177.766; 89.364; 98.694;267.758
2024-05-10 10:40:00;219.227;175.458; 90.688; 97.641;270.208
2024-05-10 10:45:00;217.480;178.011; 87.876; 99.353;268.702
2024-05-10 10:50:00;222.020;179.778; 89.464; 99.986;268.574
2024-05-10 10:55:00;219.733;178.055; 87.696; 99.183;267.168
2024-05-10 11:00:00;219.340;177.860; 90.046; 99.965;268.928
2024-05-10 11:05:00;221.800;177.324; 89.210; 99.025;268.094
2024-05-10 11:10:00;219.233;178.376; 88.990;100.427;269.956
2024-05-10 11:15:00;222.007;176.140; 87.956;100.463;268.980
2024-05-10 11:20:00;223.833;177.422; 88.524; 99.115;268.970
2024-05-10 11:25:00;221.547;177.223; 87.630; 99.884;268.290
2024-05-10 11:30:00;221.527;176.836; 89.672;100.101;269.206
2024-05-10 11:35:00;220.093;179.064; 88.156;100.020;270.040
2024-05-10 11:40:00;221.347;178.643; 89.508; 98.665;269.736
2024-05-10 11:45:00;221.393;176.645; 90.012; 99.023;269.770
2024-05-10 11:50:00;223.120;177.058; 90.002; 99.007;270.830
2024-05-10 11:55:00;224.103;179.251; 89.062; 99.508;270.708
2024-05-10 12:00:00;220.863;177.575; 89.728; 97.141;268.654
2024-05-10 12:05:00;221.107;175.520; 90.476;101.236;270.234
2024-05-10 12:10:00;222.523;176.722; 89.508; 98.800;268.438
2024-05-10 12:15:00;221.810;179.561; 87.860;100.871;269.486
2024-05-10 12:20:00;221.397;176.809; 88.524;100.764;268.240
2024-05-10 12:25:00;220.603;176.473; 90.090;100.177;270.720
2024-05-10 12:30:00;221.913;177.609; 89.842; 98.665;268.702
2024-05-10 12:35:00;220.440;177.510; 90.046;101.520;268.464
2024-05-10 12:40:00;224.407;176.010; 88.898; 98.907;267.358
2024-05-10 12:45:00;221.020;176.258; 89.550; 99.788;271.384
2024-05-10 12:50:00;222.263;177.862; 89.296; 97.614;269.118
2024-05-10 12:55:00;221.390;177.433; 90.896; 99.024;270.012
2024-05-10 13:00:00;224.330;178.229; 89.854;100.817;269.186
2024-05-10 13:05:00;222.010;178.252; 90.298; 99.017;271.104
2024-05-10 13:10:00;223.126;178.843; 90.114;100.576;269.830
2024-05-10 13:15:00;221.360;176.770; 89.632; 99.631;269.322
2024-05-10 13:20:00;223.423;176.664; 88.980;101.111;271.334
2024-05-10 13:25:00;222.633;175.899; 91.006;101.834;271.116
2024-05-10 13:30:00;221.497;178.895; 90.650;100.255;267.904
2024-05-10 13:35:00;224.863;176.128; 90.706; 99.270;270.140
2024-05-10 13:40:00;223.887;177.211; 90.218; 99.867;272.584
2024-05-10 13:45:00;221.043;178.157; 91.034; 99.610;271.118
2024-05-10 13:50:00;221.277;176.512; 90.262; 99.193;268.242
2024-05-10 13:55:00;222.483;176.672; 90.094;100.438;269.654
2024-05-10 14:00:00;224.210;176.763; 89.240;101.513;272.076
2024-05-10 14:05:00;222.600;175.003; 90.306; 99.406;270.556
2024-05-10 14:10:00;221.197;173.089; 90.764;100.239;270.092
2024-05-10 14:15:00;223.507;175.528; 90.478;100.313;271.608
2024-05-10 14:20:00;223.470;177.135; 90.844;100.535;269.306
2024-05-10 14:25:00;221.703;175.087; 90.152; 97.511;273.682
2024-05-10 14:30:00;222.973;173.778; 91.588;101.958;268.178
2024-05-10 14:35:00;220.653;176.409; 90.068;100.143;270.930
2024-05-10 14:40:00;223.073;176.105; 90.820;100.751;271.148
2024-05-10 14:45:00;223.987;176.488; 90.764; 99.713;269.376
2024-05-10 14:50:00;224.130;176.620; 89.800;101.337;271.400
2024-05-10 14:55:00;224.227;176.059; 90.410;100.580;269.458
2024-05-10 15:00:00;221.557;175.967; 90.542;100.859;271.470
2024-05-10 15:05:00;223.123;175.612; 90.634; 98.344;273.566
2024-05-10 15:10:00;222.410;176.767; 90.260; 98.762;271.678
2024-05-10 15:15:00;223.567;174.861; 90.072;100.149;273.146
2024-05-10 15:20:00;222.317;173.784; 91.448; 97.624;272.662
2024-05-10 15:25:00;225.020;177.600; 89.540; 99.839;271.180
2024-05-10 15:30:00;222.517;173.332; 91.056;101.690;271.594
2024-05-10 15:35:00;222.903;177.240; 90.410; 99.696;273.898
2024-05-10 15:40:00;223.537;176.763; 91.612; 98.463;269.786
2024-05-10 15:45:00;222.560;178.174; 90.076; 99.150;271.926
2024-05-10 15:50:00;220.787;177.030; 90.030; 97.738;270.652
2024-05-10 15:55:00;222.213;175.326; 89.748; 99.454;271.152
2024-05-10 16:00:00;224.310;177.002; 91.632; 99.408;273.418
2024-05-10 16:05:00;220.463;175.687; 89.890; 98.631;269.748
2024-05-10 16:10:00;222.250;175.198; 89.284;100.242;271.146
2024-05-10 16:15:00;221.643;175.992; 90.716; 99.712;271.630
2024-05-10 16:20:00;224.490;173.493; 89.910; 97.444;272.048
2024-05-10 16:25:00;224.587;175.820; 88.948; 98.848;272.592
2024-05-10 16:30:00;222.497;175.260; 90.362; 98.412;274.252
2024-05-10 16:35:00;221.917;176.334; 90.736; 99.366;269.912
2024-05-10 16:40:00;222.777;174.697; 88.908; 98.223;272.054
2024-05-10 16:45:00;221.683;177.772; 89.314; 99.251;272.002
2024-05-10 16:50:00;220.057;174.396; 89.090;100.797;270.204
2024-05-10 16:55:00;221.993;175.497; 89.676; 99.912;272.780
2024-05-10 17:00:00;222.597;177.397; 90.202; 98.427;270.674
2024-05-10 17:05:00;223.060;174.778; 88.594; 99.679;269.000
2024-05-10 17:10:00;220.287;173.095; 88.610; 98.282;270.346
2024-05-10 17:15:00;219.280;172.066; 89.902;100.902;273.200
2024-05-10 17:20:00;222.320;175.276; 88.934; 97.932;271.588
2024-05-10 17:25:00;224.367;175.665; 90.178; 99.973;271.386
2024-05-10 17:30:00;222.680;174.856; 90.234; 97.961;270.924
2024-05-10 17:35:00;222.667;176.205; 90.550; 98.749;270.292
2024-05-10 17:40:00;222.503;175.028; 90.510;100.355;269.512
2024-05-10 17:45:00;222.493;176.201; 89.186; 97.843;269.828
2024-05-10 17:50:00;222.853;177.998; 89.612; 99.529;269.558
2024-05-10 17:55:00;223.843;173.053; 88.608; 99.325;268.202
2024-05-10 18:00:00;220.730;177.034; 88.688; 98.741;263.684
2024-05-10 18:05:00;224.470;175.726; 90.006; 97.844;265.680
2024-05-10 18:10:00;221.736;177.401; 89.574; 99.907;264.442
2024-05-10 18:15:00;223.650;178.862; 88.660; 98.966;263.296
2024-05-10 18:20:00;222.303;175.588; 89.190; 99.219;261.186
2024-05-10 18:25:00;222.483;178.736; 88.658; 97.830;259.468
2024-05-10 18:30:00;219.780;179.011; 88.862; 98.461;261.210
2024-05-10 18:35:00;222.437;176.506; 89.700; 97.217;260.192
2024-05-10 18:40:00;222.723;178.583; 89.526; 97.836;260.434
2024-05-10 18:45:00;221.227;178.389; 88.450; 98.354;261.294
2024-05-10 18:50:00;224.790;175.749; 88.956; 97.691;262.092
2024-05-10 18:55:00;223.170;179.657; 90.590; 96.814;263.574
2024-05-10 19:00:00;225.463;177.942; 88.062; 97.713;263.780
2024-05-10 19:05:00;222.397;178.371; 89.676; 96.674;261.700
2024-05-10 19:10:00;223.133;181.264; 88.520; 96.117;262.940
2024-05-10 19:15:00;221.520;180.560; 88.434; 98.287;260.804
2024-05-10 19:20:00;222.737;177.431; 89.508; 97.238;261.628
2024-05-10 19:25:00;225.167;180.537; 88.508; 95.838;261.192
2024-05-10 19:30:00;223.393;181.153; 89.132; 96.145;259.964
2024-05-10 19:35:00;222.680;178.970; 89.214; 97.415;260.558
2024-05-10 19:40:00;219.670;177.510; 87.828; 96.019;260.846
2024-05-10 19:45:00;219.853;177.026; 88.270; 97.300;258.196
2024-05-10 19:50:00;218.867;178.110; 87.668; 95.165;258.716
2024-05-10 19:55:00;221.020;177.873; 87.280; 95.148;259.850
2024-05-10 20:00:00;220.200;177.877; 86.960; 96.724;261.520
2024-05-10 20:05:00;218.537;179.739; 86.462; 96.860;255.884
2024-05-10 20:10:00;220.400;175.857; 86.400; 95.934;254.500
2024-05-10 20:15:00;219.890;179.713; 86.752; 96.002;249.346
2024-05-10 20:20:00;219.167;181.146; 87.656; 97.657;248.930
2024-05-10 20:25:00;220.017;181.280; 87.366; 96.796;250.670
2024-05-10 20:30:00;219.233;181.276; 85.656; 97.396;251.314
2024-05-10 20:35:00;218.620;180.521; 87.236; 95.545;252.804
2024-05-10 20:40:00;220.703;179.863; 86.900; 95.737;251.518
2024-05-10 20:45:00;216.390;181.019; 86.274; 93.782;250.106
2024-05-10 20:50:00;216.820;178.433; 85.730; 94.083;247.370
2024-05-10 20:55:00;217.443;177.593; 84.318; 96.425;246.480
2024-05-10 21:00:00;215.463;177.934; 83.840; 95.000;245.466
2024-05-10 21:05:00;215.893;179.278; 83.984; 94.094;241.760
2024-05-10 21:10:00;216.610;176.919; 82.092; 93.724;242.316
2024-05-10 21:15:00;216.450;177.091; 82.894; 96.667;242.210
2024-05-10 21:20:00;218.880;175.972; 83.584; 94.751;243.040
2024-05-10 21:25:00;214.243;175.140; 82.120; 93.888;242.082
2024-05-10 21:30:00;213.897;174.949; 82.076; 93.143;243.008
2024-05-10 21:35:00;215.653;173.848; 82.408; 91.827;243.474
2024-05-10 21:40:00;214.407;173.025; 82.052; 91.721;240.660
2024-05-10 21:45:00;213.443;173.235; 82.100; 93.300;241.006
2024-05-10 21:50:00;213.990;172.597; 82.524; 93.693;241.336
2024-05-10 21:55:00;216.757;174.267; 82.872; 91.301;237.952
2024-05-10 22:00:00;215.953;171.602; 83.414; 93.184;241.096
2024-05-10 22:05:00;215.773;173.587; 81.674; 91.296;241.026
2024-05-10 22:10:00;212.793;172.749; 81.232; 90.027;241.158
2024-05-10 22:15:00;214.010;171.953; 82.002; 91.001;240.762
2024-05-10 22:20:00;211.233;171.693; 82.154; 90.535;239.076
2024-05-10 22:25:00;212.287;167.636; 81.466; 90.969;237.582
2024-05-10 22:30:00;214.567;171.448; 81.348; 91.321;239.152
2024-05-10 22:35:00;212.863;167.544; 80.914; 91.098;239.146
2024-05-10 22:40:00;213.407;166.826; 82.988; 88.152;236.550
2024-05-10 22:45:00;213.580;166.678; 81.468; 89.498;238.852
2024-05-10 22:50:00;211.753;165.603; 80.110; 88.221;240.594
2024-05-10 22:55:00;211.630;166.528; 80.796; 87.703;240.642
2024-05-10 23:00:00;210.147;163.652; 80.058; 88.615;237.278
2024-05-10 23:05:00;208.477;164.689; 81.248; 87.553;235.946
2024-05-10 23:10:00;207.430;163.301; 80.116; 88.186;235.732
2024-05-10 23:15:00;207.027;161.082; 79.504; 88.563;235.884
2024-05-10 23:20:00;208.327;162.732; 80.448; 88.907;234.396
2024-05-10 23:25:00;205.390;163.967; 79.336; 88.407;232.030
2024-05-10 23:30:00;206.613;161.353; 80.412; 87.214;231.144
2024-05-10 23:35:00;203.080;161.750; 79.406; 89.128;233.236
2024-05-10 23:40:00;204.757;161.741; 79.296; 87.867;230.628
2024-05-10 23:45:00;206.943;161.867; 79.680; 88.052;229.576
2024-05-10 23:50:00;205.343;160.587; 80.120; 87.087;227.866
2024-05-10 23:55:00;205.603;162.791; 80.024; 89.408;230.786
2024-05-11 00:00:00;204.947;162.535; 80.196; 88.696;229.858
2024-05-11 00:05:00;206.723;160.916; 82.472; 87.314;231.194
2024-05-11 00:10:00;201.050;162.726; 79.134; 89.290;229.540
2024-05-11 00:15:00;204.233;159.698; 80.386; 86.818;229.996
2024-05-11 00:20:00;202.433;161.544; 80.238; 85.494;229.228
2024-05-11 00:25:00;203.410;160.876; 79.228; 89.408;228.850
2024-05-11 00:30:00;203.667;161.773; 80.278; 88.013;230.462
2024-05-11 00:35:00;205.427;162.929; 80.048; 87.072;230.536
2024-05-11 00:40:00;205.113;160.220; 80.170; 89.199;230.758
2024-05-11 00:45:00;203.720;161.982; 79.840; 89.217;232.728
2024-05-11 00:50:00;206.387;160.803; 80.042; 89.012;230.840
2024-05-11 00:55:00;206.303;162.442; 80.220; 89.662;232.872
2024-05-11 01:00:00;206.183;161.378; 80.132; 88.775;232.366
2024-05-11 01:05:00;206.457;165.176; 79.612; 88.576;232.546
2024-05-11 01:10:00;207.450;162.747; 80.272; 87.940;232.380
2024-05-11 01:15:00;206.937;164.959; 80.098; 88.139;233.768
2024-05-11 01:20:00;206.953;164.181; 79.098; 89.370;232.434
2024-05-11 01:25:00;207.733;165.514; 79.222; 90.889;232.292
2024-05-11 01:30:00;207.763;164.379; 80.888; 87.119;232.136
2024-05-11 01:35:00;209.113;165.031; 80.646; 88.530;234.688
2024-05-11 01:40:00;210.773;165.611; 80.524; 87.966;233.420
2024-05-11 01:45:00;209.123;164.760; 80.264; 89.693;234.396
2024-05-11 01:50:00;209.517;166.120; 80.356; 87.801;234.896
2024-05-11 01:55:00;209.023;165.903; 80.432; 90.099;238.082
2024-05-11 02:00:00;208.220;168.331; 81.704; 90.032;239.092
2024-05-11 02:05:00;206.540;166.482; 80.814; 91.433;242.648
2024-05-11 02:10:00;204.807;166.547; 82.410; 90.523;241.400
2024-05-11 02:15:00;206.353;165.915; 81.140; 89.897;241.398
2024-05-11 02:20:00;208.290;166.155; 82.278; 91.477;244.064
2024-05-11 02:25:00;209.577;165.884; 82.058; 90.478;241.738
2024-05-11 02:30:00;208.917;167.280; 82.554; 90.660;245.300
2024-05-11 02:35:00;209.407;169.489; 81.858; 90.339;249.448
2024-05-11 02:40:00;205.880;168.407; 81.640; 90.690;246.440
2024-05-11 02:45:00;209.350;167.334; 83.208; 93.366;250.122
2024-05-11 02:50:00;208.830;168.849; 82.278; 91.917;246.180
2024-05-11 02:55:00;209.580;167.137; 80.490; 92.569;249.952
2024-05-11 03:00:00;209.177;164.786; 82.214; 92.068;251.122
2024-05-11 03:05:00;210.830;167.735; 82.718; 92.083;249.364
2024-05-11 03:10:00;212.477;167.312; 81.092; 92.469;249.618
2024-05-11 03:15:00;210.254;169.413; 83.530; 92.380;248.514
2024-05-11 03:20:00;211.113;167.000; 82.922; 91.309;245.616
2024-05-11 03:25:00;209.950;167.666; 82.750; 93.849;243.434
2024-05-11 03:30:00;209.547;165.415; 84.110; 92.690;245.358
2024-05-11 03:35:00;209.403;167.768; 81.874; 91.646;242.576
2024-05-11 03:40:00;210.090;165.855; 82.178; 92.518;241.960
2024-05-11 03:45:00;208.193;164.028; 81.638; 92.352;244.036
2024-05-11 03:50:00;206.957;163.701; 82.474; 91.764;243.146
2024-05-11 03:55:00;207.383;165.094; 81.594; 93.245;241.606
2024-05-11 04:00:00;207.280;164.017; 82.614; 91.976;243.796
2024-05-11 04:05:00;207.617;164.238; 81.496; 91.114;242.038
2024-05-11 04:10:00;207.223;164.789; 81.060; 93.894;241.264
2024-05-11 04:15:00;207.597;165.261; 82.226; 91.405;239.488
2024-05-11 04:20:00;208.037;164.614; 81.518; 90.767;240.702
2024-05-11 04:25:00;205.610;165.071; 82.276; 91.049;243.340
2024-05-11 04:30:00;207.043;163.815; 81.884; 91.067;243.168
2024-05-11 04:35:00;209.837;164.588; 82.532; 92.114;241.972
2024-05-11 04:40:00;208.597;164.272; 82.304; 92.610;241.566
2024-05-11 04:45:00;206.217;164.504; 82.354; 91.745;245.076
2024-05-11 04:50:00;204.327;162.173; 80.674; 90.846;241.000
2024-05-11 04:55:00;205.697;163.469; 82.724; 93.554;242.826
2024-05-11 05:00:00;204.503;164.938; 82.418; 91.969;242.196
2024-05-11 05:05:00;204.910;162.921; 81.976; 92.662;241.000
2024-05-11 05:10:00;204.770;163.895; 81.990; 92.586;241.430
2024-05-11 05:15:00;206.230;163.648; 83.312; 92.528;239.366
2024-05-11 05:20:00;207.027;164.786; 81.830; 90.157;241.080
2024-05-11 05:25:00;208.526;162.811; 82.512; 91.552;240.310
2024-05-11 05:30:00;206.687;163.633; 80.054; 91.971;240.778
2024-05-11 05:35:00;209.630;163.827; 81.042; 91.517;241.990
2024-05-11 05:40:00;206.850;162.825; 81.872; 92.598;242.268
2024-05-11 05:45:00;207.766;163.866; 81.802; 92.588;239.820
2024-05-11 05:50:00;206.417;161.725; 81.220; 91.579;242.352
2024-05-11 05:55:00;208.514;160.122; 81.760; 92.762;244.480
2024-05-11 06:00:00;203.267;161.169; 81.344; 92.289;241.602
2024-05-11 06:05:00;206.360;160.320; 80.472; 92.332;241.558
2024-05-11 06:10:00;204.573;160.019; 82.020; 90.569;242.148
2024-05-11 06:15:00;203.500;160.563; 81.484; 90.135;241.820
2024-05-11 06:20:00;204.450;161.652; 81.030; 92.957;242.464
2024-05-11 06:25:00;208.047;159.936; 81.088; 90.970;241.048
2024-05-11 06:30:00;204.627;162.096; 82.400; 90.808;241.714
2024-05-11 06:35:00;205.067;162.352; 82.298; 90.502;241.498
2024-05-11 06:40:00;206.400;162.917; 80.882; 91.210;242.912
2024-05-11 06:45:00;206.070;161.939; 81.912; 92.969;242.032
2024-05-11 06:50:00;204.513;161.069; 80.996; 90.712;243.934
2024-05-11 06:55:00;207.700;160.638; 81.380; 91.056;240.630
2024-05-11 07:00:00;205.333;159.670; 81.504; 90.386;240.742
2024-05-11 07:05:00;205.847;163.498; 80.730; 90.637;243.378
2024-05-11 07:10:00;206.527;160.349; 81.528; 90.883;243.624
2024-05-11 07:15:00;206.723;161.620; 82.142; 90.825;242.224
2024-05-11 07:20:00;208.313;160.943; 81.676; 88.789;244.276
2024-05-11 07:25:00;208.260;164.250; 82.054; 92.070;241.788
2024-05-11 07:30:00;206.057;162.714; 81.662; 92.012;243.222
2024-05-11 07:35:00;209.383;163.677; 81.892; 91.439;241.762
2024-05-11 07:40:00;208.563;163.292; 81.748; 91.967;244.262
2024-05-11 07:45:00;205.297;160.843; 81.168; 91.167;241.678
2024-05-11 07:50:00;207.657;162.455; 80.238; 92.072;241.964
2024-05-11 07:55:00;206.670;161.989; 81.394; 92.190;242.728
2024-05-11 08:00:00;206.770;161.901; 82.152; 91.946;242.620
2024-05-11 08:05:00;207.783;163.401; 81.894; 91.643;240.844
2024-05-11 08:10:00;208.010;163.578; 82.612; 92.256;241.528
2024-05-11 08:15:00;207.767;164.555; 81.032; 89.957;244.186
2024-05-11 08:20:00;207.913;164.918; 80.696; 91.857;241.672
2024-05-11 08:25:00;207.573;163.493; 81.896; 91.146;243.750
2024-05-11 08:30:00;208.840;162.075; 80.806; 90.116;243.448
2024-05-11 08:35:00;207.707;163.440; 81.888; 90.853;243.002
2024-05-11 08:40:00;208.020;162.569; 82.676; 89.422;241.770
2024-05-11 08:45:00;206.556;162.779; 81.984; 90.030;240.726
2024-05-11 08:50:00;207.750;164.195; 81.910; 89.202;242.758
2024-05-11 08:55:00;208.656;164.253; 82.670; 91.265;243.062
2024-05-11 09:00:00;207.460;163.198; 81.344; 90.023;239.168
2024-05-11 09:05:00;209.790;160.913; 80.936; 90.689;240.194
2024-05-11 09:10:00;205.690;158.542; 82.278; 89.842;239.864
2024-05-11 09:15:00;206.514;161.192; 80.888; 90.172;241.014
2024-05-11 09:20:00;211.973;160.043; 81.450; 89.973;239.564
2024-05-11 09:25:00;206.127;158.975; 79.768; 90.659;238.916
2024-05-11 09:30:00;207.223;161.855; 81.782; 90.331;238.092
2024-05-11 09:35:00;205.603;163.613; 80.988; 90.182;239.330
2024-05-11 09:40:00;208.760;162.330; 81.166; 89.758;238.290
2024-05-11 09:45:00;206.533;161.583; 81.594; 90.348;237.454
2024-05-11 09:50:00;206.273;162.342; 81.906; 90.669;240.036
2024-05-11 09:55:00;205.173;164.543; 80.726; 91.919;237.534
2024-05-11 10:00:00;206.210;164.137; 79.566; 90.847;238.430
2024-05-11 10:05:00;205.363;161.707; 80.576; 90.102;238.598
2024-05-11 10:10:00;205.623;163.282; 81.904; 90.377;239.560
2024-05-11 10:15:00;207.477;163.167; 80.400; 90.326;239.464
2024-05-11 10:20:00;205.867;162.301; 82.234; 90.201;239.498
2024-05-11 10:25:00;208.317;164.896; 81.930; 91.595;240.044
2024-05-11 10:30:00;206.773;165.106; 81.410; 89.876;242.104
2024-05-11 10:35:00;206.593;162.098; 80.292; 90.433;242.438
2024-05-11 10:40:00;207.360;161.534; 81.592; 91.398;241.402
2024-05-11 10:45:00;206.417;161.630; 80.730; 90.329;243.738
2024-05-11 10:50:00;209.464;162.201; 80.886; 90.557;240.956
2024-05-11 10:55:00;206.843;163.665; 80.956; 89.856;239.814
2024-05-11 11:00:00;207.727;164.228; 81.822; 88.883;242.852
2024-05-11 11:05:00;206.850;163.413; 81.086; 91.054;239.726
2024-05-11 11:10:00;209.450;164.677; 83.880; 91.089;241.678
2024-05-11 11:15:00;209.243;162.983; 81.174; 90.916;241.740
2024-05-11 11:20:00;207.330;161.469; 80.514; 90.921;241.212
2024-05-11 11:25:00;207.247;163.288; 82.326; 90.939;242.546
2024-05-11 11:30:00;207.633;162.380; 81.922; 90.773;243.066
2024-05-11 11:35:00;209.400;161.321; 81.636; 90.493;245.124
2024-05-11 11:40:00;205.923;163.929; 82.978; 89.755;242.592
2024-05-11 11:45:00;209.273;161.543; 81.498; 89.166;242.498
2024-05-11 11:50:00;205.683;162.928; 82.064; 90.484;243.028
2024-05-11 11:55:00;208.133;162.590; 82.578; 88.497;240.850
2024-05-11 12:00:00;207.117;163.806; 81.062; 88.464;240.298
2024-05-11 12:05:00;207.837;163.774; 81.344; 89.494;240.332
2024-05-11 12:10:00;206.603;161.986; 79.742; 89.349;238.452
2024-05-11 12:15:00;207.240;163.084; 80.848; 89.562;239.542
2024-05-11 12:20:00;205.880;161.944; 79.922; 89.126;236.858
2024-05-11 12:25:00;204.853;160.375; 78.758; 90.475;238.494
2024-05-11 12:30:00;204.027;163.082; 80.972; 89.707;236.722
2024-05-11 12:35:00;205.953;163.209; 81.826; 89.813;235.668
2024-05-11 12:40:00;205.567;159.821; 79.510; 88.163;238.608
2024-05-11 12:45:00;206.770;162.099; 81.234; 90.204;239.022
2024-05-11 12:50:00;204.507;162.033; 81.782; 89.478;236.022
2024-05-11 12:55:00;203.980;159.833; 80.830; 89.681;235.758
2024-05-11 13:00:00;204.553;163.574; 80.126; 87.792;237.166
2024-05-11 13:05:00;202.753;161.619; 81.070; 88.854;237.006
2024-05-11 13:10:00;206.483;162.337; 81.302; 89.255;236.348
2024-05-11 13:15:00;202.810;159.959; 80.126; 89.036;236.894
2024-05-11 13:20:00;206.473;163.739; 80.076; 88.096;234.548
2024-05-11 13:25:00;205.900;162.375; 80.758; 90.294;236.880
2024-05-11 13:30:00;204.953;161.984; 81.752; 89.368;235.908
2024-05-11 13:35:00;205.850;162.733; 82.370; 90.112;237.822
2024-05-11 13:40:00;205.077;162.072; 81.370; 89.999;235.542
2024-05-11 13:45:00;204.877;162.026; 83.056; 88.262;236.426
2024-05-11 13:50:00;205.340;162.540; 80.412; 88.972;236.934
2024-05-11 13:55:00;206.973;165.340; 81.778; 88.315;237.440
2024-05-11 14:00:00;208.680;164.822; 81.214; 89.084;233.938
2024-05-11 14:05:00;206.700;165.559; 82.380; 89.605;235.458
2024-05-11 14:10:00;206.843;164.000; 80.608; 89.640;236.800
2024-05-11 14:15:00;205.150;162.259; 80.582; 89.820;236.370
2024-05-11 14:20:00;204.600;163.611; 80.452; 87.629;235.656
2024-05-11 14:25:00;207.393;163.798; 81.492; 89.322;237.532
2024-05-11 14:30:00;206.367;163.141; 81.728; 88.006;235.348
2024-05-11 14:35:00;207.627;161.828; 80.740; 90.345;236.206
2024-05-11 14:40:00;206.253;161.771; 81.810; 89.614;236.520
2024-05-11 14:45:00;207.320;162.619; 82.130; 88.877;236.524
2024-05-11 14:50:00;205.303;164.024; 81.348; 89.310;237.204
2024-05-11 14:55:00;206.080;160.101; 80.386; 90.281;238.590
2024-05-11 15:00:00;207.083;161.862; 82.672; 87.869;235.710
2024-05-11 15:05:00;206.720;163.659; 82.140; 89.023;235.844
2024-05-11 15:10:00;207.863;163.509; 81.240; 90.259;239.526
2024-05-11 15:15:00;205.727;164.105; 81.772; 87.667;237.272
2024-05-11 15:20:00;208.583;165.195; 80.480; 90.859;237.530
2024-05-11 15:25:00;208.597;163.008; 81.380; 89.560;237.896
2024-05-11 15:30:00;205.933;160.339; 83.122; 90.331;236.856
2024-05-11 15:35:00;210.767;162.702; 81.864; 89.540;238.022
2024-05-11 15:40:00;208.127;166.909; 80.490; 89.603;237.512
2024-05-11 15:45:00;206.630;163.357; 80.922; 89.934;237.196
2024-05-11 15:50:00;208.337;163.745; 82.186; 88.889;237.026
2024-05-11 15:55:00;206.783;164.888; 83.094; 88.290;239.294
2024-05-11 16:00:00;207.913;164.346; 83.684; 89.847;237.046
2024-05-11 16:05:00;208.497;163.336; 82.566; 89.247;238.312
2024-05-11 16:10:00;210.187;164.006; 81.284; 89.766;238.502
2024-05-11 16:15:00;207.320;165.578; 82.624; 90.456;238.752
2024-05-11 16:20:00;211.530;163.205; 82.004; 89.841;238.594
2024-05-11 16:25:00;210.133;163.328; 82.262; 88.165;238.502
2024-05-11 16:30:00;207.890;164.401; 82.456; 88.536;239.210
2024-05-11 16:35:00;204.177;164.271; 81.742; 89.210;239.868
2024-05-11 16:40:00;208.607;163.872; 82.150; 89.794;240.350
2024-05-11 16:45:00;208.770;162.983; 81.938; 90.096;239.614
2024-05-11 16:50:00;206.247;163.632; 82.636; 91.686;239.078
2024-05-11 16:55:00;208.320;163.743; 81.028; 90.791;241.514
2024-05-11 17:00:00;212.753;165.068; 81.926; 90.317;240.118
2024-05-11 17:05:00;211.330;163.168; 82.424; 89.349;240.450
2024-05-11 17:10:00;207.627;163.268; 81.990; 90.210;239.264
2024-05-11 17:15:00;209.370;163.982; 81.878; 91.962;239.616
2024-05-11 17:20:00;208.630;161.894; 80.370; 90.132;238.724
2024-05-11 17:25:00;209.927;163.715; 81.904; 89.477;237.882
2024-05-11 17:30:00;208.033;162.515; 82.830; 88.692;237.374
2024-05-11 17:35:00;206.960;164.078; 83.492; 88.910;239.360
2024-05-11 17:40:00;210.833;163.390; 82.388; 90.029;238.766
2024-05-11 17:45:00;208.457;162.059; 81.228; 90.444;236.162
2024-05-11 17:50:00;210.120;163.069; 81.936; 89.718;236.450
2024-05-11 17:55:00;208.183;161.238; 81.756; 90.349;237.758
2024-05-11 18:00:00;208.623;162.019; 82.618; 89.831;237.918
2024-05-11 18:05:00;209.473;160.801; 81.558; 90.464;238.736
2024-05-11 18:10:00;207.413;161.252; 81.118; 89.227;236.684
2024-05-11 18:15:00;209.557;159.354; 82.304; 90.452;238.196
2024-05-11 18:20:00;206.023;164.031; 82.152; 90.028;239.606
2024-05-11 18:25:00;207.967;162.561; 82.888; 89.298;238.382
2024-05-11 18:30:00;206.133;161.402; 81.650; 91.826;239.408
2024-05-11 18:35:00;205.830;162.383; 81.848; 88.394;237.154
2024-05-11 18:40:00;207.440;160.920; 81.406; 89.247;236.794
2024-05-11 18:45:00;206.933;160.678; 80.648; 89.060;237.476
2024-05-11 18:50:00;207.030;163.475; 81.414; 89.222;236.244
2024-05-11 18:55:00;205.630;160.124; 82.004; 87.350;236.986
2024-05-11 19:00:00;204.293;161.498; 82.556; 88.947;239.026
2024-05-11 19:05:00;205.170;162.322; 81.142; 89.060;235.700
2024-05-11 19:10:00;205.337;161.767; 81.660; 89.774;239.944
2024-05-11 19:15:00;208.343;162.047; 82.588; 88.460;238.322
2024-05-11 19:20:00;205.886;164.109; 80.934; 89.206;238.428
2024-05-11 19:25:00;207.347;160.630; 82.126; 88.638;238.630
2024-05-11 19:30:00;206.340;162.343; 82.728; 89.596;236.420
2024-05-11 19:35:00;204.833;161.511; 81.752; 89.829;237.138
2024-05-11 19:40:00;205.837;163.435; 82.050; 89.560;235.750
2024-05-11 19:45:00;206.787;162.217; 82.526; 87.911;237.368
2024-05-11 19:50:00;205.633;160.408; 82.300; 88.448;234.120
2024-05-11 19:55:00;205.476;161.885; 82.502; 87.931;237.726
2024-05-11 20:00:00;206.950;161.536; 82.306; 87.986;237.506
2024-05-11 20:05:00;207.577;160.197; 81.842; 89.012;236.340
2024-05-11 20:10:00;205.723;160.136; 82.814; 88.610;236.342
2024-05-11 20:15:00;206.543;158.434; 82.326; 88.310;237.480
2024-05-11 20:20:00;208.447;160.818; 81.484; 88.624;236.728
2024-05-11 20:25:00;207.973;159.756; 82.378; 91.686;237.992
2024-05-11 20:30:00;208.977;159.970; 82.292; 91.053;237.048
2024-05-11 20:35:00;205.877;161.635; 81.750; 88.417;241.042
2024-05-11 20:40:00;207.814;158.694; 83.828; 90.199;240.164
2024-05-11 20:45:00;208.507;162.109; 81.966; 90.353;237.378
2024-05-11 20:50:00;207.167;160.588; 82.218; 89.778;237.898
2024-05-11 20:55:00;210.577;160.013; 82.216; 90.613;238.290
2024-05-11 21:00:00;209.950;160.346; 82.526; 91.384;238.028
2024-05-11 21:05:00;209.243;159.423; 82.602; 89.209;240.366
2024-05-11 21:10:00;211.003;160.445; 83.432; 89.239;238.474
2024-05-11 21:15:00;207.093;161.016; 81.770; 90.210;237.714
2024-05-11 21:20:00;207.493;159.235; 82.654; 90.846;236.858
2024-05-11 21:25:00;206.910;161.640; 81.368; 90.026;236.746
2024-05-11 21:30:00;210.830;161.935; 83.016; 89.306;240.484
2024-05-11 21:35:00;207.307;160.748; 81.344; 90.179;237.204
2024-05-11 21:40:00;210.340;160.028; 81.964; 89.518;237.382
2024-05-11 21:45:00;207.853;158.343; 81.644; 89.596;238.576
2024-05-11 21:50:00;205.920;160.655; 82.430; 89.258;237.468
2024-05-11 21:55:00;206.144;159.220; 82.386; 89.404;235.896
2024-05-11 22:00:00;206.857;159.790; 83.598; 88.615;235.026
2024-05-11 22:05:00;209.100;159.549; 82.524; 88.942;238.332
2024-05-11 22:10:00;207.933;160.215; 82.130; 90.700;236.920
2024-05-11 22:15:00;206.623;159.389; 81.324; 90.232;235.728
2024-05-11 22:20:00;206.597;159.821; 80.340; 90.544;235.590
2024-05-11 22:25:00;209.173;161.363; 81.716; 89.946;234.902
2024-05-11 22:30:00;207.583;160.441; 82.534; 87.809;233.146
2024-05-11 22:35:00;205.720;162.140; 81.216; 90.108;237.312
2024-05-11 22:40:00;207.630;159.694; 81.722; 90.575;233.514
2024-05-11 22:45:00;208.360;160.065; 81.318; 89.537;235.586
2024-05-11 22:50:00;210.417;159.392; 81.756; 89.215;235.922
2024-05-11 22:55:00;208.820;160.279; 82.128; 89.702;233.800
2024-05-11 23:00:00;206.887;159.679; 81.828; 89.827;235.290
2024-05-11 23:05:00;208.790;160.077; 81.798; 88.434;235.338
2024-05-11 23:10:00;207.490;160.012; 82.042; 89.076;234.630
2024-05-11 23:15:00;206.410;159.954; 81.750; 89.809;234.870
2024-05-11 23:20:00;206.293;162.328; 80.546; 90.396;237.098
2024-05-11 23:25:00;204.080;159.713; 81.160; 88.679;234.730
2024-05-11 23:30:00;206.487;159.025; 80.664; 88.916;233.216
2024-05-11 23:35:00;208.770;162.442; 81.038; 90.146;237.106
2024-05-11 23:40:00;210.187;158.120; 80.664; 88.931;237.010
2024-05-11 23:45:00;207.030;158.082; 82.090; 89.396;237.094
2024-05-11 23:50:00;206.297;160.232; 80.724; 88.002;238.214
2024-05-11 23:55:00;207.023;159.907; 80.960; 88.731;236.848
2024-05-12 00:00:00;205.823;157.964; 80.730; 90.505;237.302
2024-05-12 00:05:00;206.310;161.101; 81.850; 87.391;236.120
2024-05-12 00:10:00;205.607;159.246; 81.272; 89.210;236.698
2024-05-12 00:15:00;205.427;160.728; 81.832; 90.738;235.230
2024-05-12 00:20:00;204.137;160.403; 81.004; 88.699;236.730
2024-05-12 00:25:00;207.253;160.212; 80.702; 89.972;236.664
2024-05-12 00:30:00;205.000;159.384; 80.382; 89.177;236.946
2024-05-12 00:35:00;205.657;158.953; 83.432; 89.634;234.816
2024-05-12 00:40:00;203.213;159.876; 80.254; 89.908;235.150
2024-05-12 00:45:00;207.017;158.922; 81.994; 89.355;238.018
2024-05-12 00:50:00;204.160;159.346; 81.874; 91.148;235.422
2024-05-12 00:55:00;206.670;158.060; 81.906; 91.689;238.222
2024-05-12 01:00:00;204.710;158.091; 81.968; 89.767;238.100
2024-05-12 01:05:00;206.007;162.976; 80.730; 89.273;236.264
2024-05-12 01:10:00;203.947;158.571; 83.166; 90.253;236.166
2024-05-12 01:15:00;205.447;158.018; 81.368; 89.859;236.468
2024-05-12 01:20:00;206.673;159.235; 82.158; 88.979;234.844
2024-05-12 01:25:00;205.287;159.757; 81.912; 90.504;237.610
2024-05-12 01:30:00;207.430;160.001; 81.578; 88.154;237.230
2024-05-12 01:35:00;206.997;159.250; 81.170; 90.007;236.664
2024-05-12 01:40:00;204.860;159.906; 82.236; 91.759;238.364
2024-05-12 01:45:00;205.170;161.244; 81.536; 89.304;234.424
2024-05-12 01:50:00;206.887;161.004; 82.618; 89.948;235.864
2024-05-12 01:55:00;207.157;160.051; 82.304; 89.616;233.538
2024-05-12 02:00:00;207.150;159.731; 81.454; 90.958;235.030
2024-05-12 02:05:00;207.147;160.097; 80.320; 89.512;235.040
2024-05-12 02:10:00;207.013;160.973; 81.730; 91.304;233.722
2024-05-12 02:15:00;205.170;158.492; 81.074; 90.161;231.642
2024-05-12 02:20:00;208.876;161.635; 81.792; 91.215;235.876
2024-05-12 02:25:00;202.973;161.792; 81.268; 90.317;233.554
2024-05-12 02:30:00;207.630;160.998; 80.766; 89.873;234.272
2024-05-12 02:35:00;207.297;163.716; 81.788; 89.089;234.882
2024-05-12 02:40:00;207.237;161.919; 81.428; 90.753;235.372
2024-05-12 02:45:00;206.410;159.809; 81.690; 90.167;236.346
2024-05-12 02:50:00;208.840;160.650; 80.884; 90.328;234.576
2024-05-12 02:55:00;206.680;161.456; 80.946; 90.146;235.776
2024-05-12 03:00:00;207.900;161.797; 80.022; 92.173;238.560
2024-05-12 03:05:00;209.117;160.655; 80.758; 91.317;237.394
2024-05-12 03:10:00;206.490;160.741; 81.184; 90.580;237.586
2024-05-12 03:15:00;206.910;160.982; 82.106; 91.296;236.154
2024-05-12 03:20:00;206.897;159.397; 80.952; 89.112;234.470
2024-05-12 03:25:00;207.870;160.029; 82.728; 91.426;234.210
2024-05-12 03:30:00;206.020;161.922; 82.116; 90.194;236.144
2024-05-12 03:35:00;206.006;161.946; 81.070; 92.074;235.288
2024-05-12 03:40:00;207.237;162.591; 80.690; 89.803;236.040
2024-05-12 03:45:00;209.370;162.093; 80.980; 91.606;236.426
2024-05-12 03:50:00;207.960;160.762; 80.984; 91.387;235.772
2024-05-12 03:55:00;206.527;164.321; 82.880; 90.828;235.398
2024-05-12 04:00:00;205.913;161.975; 81.296; 92.334;236.932
2024-05-12 04:05:00;205.927;160.080; 81.848; 92.715;236.370
2024-05-12 04:10:00;208.290;161.908; 81.396; 92.950;238.892
2024-05-12 04:15:00;208.027;161.801; 82.106; 90.984;232.834
2024-05-12 04:20:00;208.163;162.875; 82.296; 90.063;235.714
2024-05-12 04:25:00;209.446;160.524; 82.132; 89.872;235.176
2024-05-12 04:30:00;205.720;162.401; 80.136; 91.331;236.530
2024-05-12 04:35:00;207.987;161.272; 81.940; 93.841;236.768
2024-05-12 04:40:00;205.924;162.180; 81.154; 90.102;236.130
2024-05-12 04:45:00;208.703;162.884; 81.052; 90.467;239.572
2024-05-12 04:50:00;207.886;161.433; 81.938; 92.456;237.878
2024-05-12 04:55:00;206.540;162.086; 82.518; 90.271;237.140
2024-05-12 05:00:00;208.637;163.629; 81.886; 89.902;236.814
2024-05-12 05:05:00;206.677;162.622; 80.744; 89.531;239.008
2024-05-12 05:10:00;206.273;161.661; 80.342; 90.859;237.226
2024-05-12 05:15:00;206.197;163.389; 80.806; 91.232;239.104
2024-05-12 05:20:00;206.453;163.519; 82.224; 89.901;238.218
2024-05-12 05:25:00;206.010;162.991; 81.518; 91.729;239.870
2024-05-12 05:30:00;207.733;161.262; 81.352; 90.858;238.594
2024-05-12 05:35:00;208.447;161.140; 80.764; 90.328;237.104
2024-05-12 05:40:00;207.937;160.087; 81.810; 89.693;236.822
2024-05-12 05:45:00;208.540;161.603; 82.108; 90.452;236.472
2024-05-12 05:50:00;207.090;163.978; 81.852; 91.068;238.362
2024-05-12 05:55:00;207.270;160.992; 83.506; 90.290;237.150
2024-05-12 06:00:00;207.743;163.469; 80.540; 90.798;238.652
2024-05-12 06:05:00;205.870;162.167; 82.538; 89.962;237.056
2024-05-12 06:10:00;206.903;162.984; 81.856; 91.501;237.396
2024-05-12 06:15:00;205.417;162.569; 81.436; 90.528;238.094
2024-05-12 06:20:00;205.323;164.377; 82.508; 90.645;237.870
2024-05-12 06:25:00;207.187;162.440; 82.304; 90.458;237.180
2024-05-12 06:30:00;207.213;163.776; 82.280; 91.548;239.468
2024-05-12 06:35:00;207.534;161.934; 82.670; 92.376;239.302
2024-05-12 06:40:00;208.630;161.569; 80.910; 90.578;239.146
2024-05-12 06:45:00;207.053;161.034; 81.898; 91.018;238.412
2024-05-12 06:50:00;207.333;162.500; 82.054; 91.150;239.512
2024-05-12 06:55:00;210.010;161.828; 81.628; 91.411;240.038
2024-05-12 07:00:00;209.040;162.044; 81.042; 91.411;241.484
2024-05-12 07:05:00;207.560;162.402; 81.662; 92.012;239.336
2024-05-12 07:10:00;207.397;162.896; 81.982; 92.112;239.572
2024-05-12 07:15:00;206.370;162.850; 82.330; 92.047;240.196
2024-05-12 07:20:00;205.353;162.899; 81.978; 92.221;240.418
2024-05-12 07:25:00;208.580;163.511; 81.988; 91.811;238.838
2024-05-12 07:30:00;206.763;162.972; 82.698; 91.837;240.274
2024-05-12 07:35:00;205.140;161.702; 81.162; 90.869;239.296
2024-05-12 07:40:00;207.287;163.454; 81.118; 91.775;237.844
2024-05-12 07:45:00;205.623;162.622; 83.436; 92.787;238.536
2024-05-12 07:50:00;209.643;162.219; 81.850; 90.710;237.694
2024-05-12 07:55:00;207.077;161.106; 83.772; 91.869;239.460
2024-05-12 08:00:00;208.510;160.973; 83.984; 90.412;239.726
2024-05-12 08:05:00;209.517;160.620; 82.552; 93.194;237.984
2024-05-12 08:10:00;208.167;161.028; 82.446; 92.864;236.642
2024-05-12 08:15:00;208.254;164.249; 81.726; 91.506;238.790
2024-05-12 08:20:00;206.450;162.502; 81.812; 91.996;239.486
2024-05-12 08:25:00;209.727;164.245; 83.198; 92.018;237.722
2024-05-12 08:30:00;206.873;162.709; 82.204; 90.985;237.306
2024-05-12 08:35:00;207.190;161.446; 82.184; 90.102;236.498
2024-05-12 08:40:00;205.950;163.903; 80.760; 92.681;238.096
2024-05-12 08:45:00;206.233;160.401; 83.454; 91.807;238.048
2024-05-12 08:50:00;207.533;162.274; 80.824; 91.976;238.546
2024-05-12 08:55:00;209.440;161.277; 82.562; 92.555;237.894
2024-05-12 09:00:00;208.947;162.643; 82.476; 92.238;237.468
2024-05-12 09:05:00;207.010;163.747; 80.834; 92.717;239.460
2024-05-12 09:10:00;208.833;165.508; 80.878; 92.354;237.938
2024-05-12 09:15:00;206.620;161.977; 82.056; 92.900;238.162
2024-05-12 09:20:00;208.333;163.241; 82.512; 90.698;238.332
2024-05-12 09:25:00;207.440;162.918; 81.238; 92.282;239.152
2024-05-12 09:30:00;207.590;164.329; 83.162; 90.339;237.942
2024-05-12 09:35:00;207.807;162.633; 81.758; 91.552;238.638
2024-05-12 09:40:00;207.730;162.840; 80.510; 94.310;238.702
2024-05-12 09:45:00;208.656;160.493; 81.550; 93.042;236.762
2024-05-12 09:50:00;206.746;163.149; 82.028; 91.312;236.858
2024-05-12 09:55:00;208.813;165.360; 82.244; 91.163;238.964
2024-05-12 10:00:00;206.883;163.309; 81.522; 93.071;234.246
2024-05-12 10:05:00;208.257;163.229; 81.874; 93.219;237.456
2024-05-12 10:10:00;205.400;161.623; 82.052; 92.325;232.766
2024-05-12 10:15:00;208.527;163.644; 81.314; 90.776;237.304
2024-05-12 10:20:00;207.430;163.006; 80.920; 91.861;237.346
2024-05-12 10:25:00;209.190;163.233; 82.292; 92.064;236.030
2024-05-12 10:30:00;208.063;164.664; 81.782; 91.075;236.066
2024-05-12 10:35:00;206.910;162.562; 81.878; 91.837;236.198
2024-05-12 10:40:00;207.917;163.663; 81.698; 92.254;235.494
2024-05-12 10:45:00;207.490;165.517; 81.726; 92.336;235.038
2024-05-12 10:50:00;208.133;161.919; 82.316; 92.824;235.940
2024-05-12 10:55:00;207.190;164.999; 82.376; 91.821;235.618
2024-05-12 11:00:00;207.610;162.741; 81.564; 93.655;236.854
2024-05-12 11:05:00;207.323;163.776; 81.308; 90.662;236.744
2024-05-12 11:10:00;210.773;163.979; 82.040; 91.434;237.278
2024-05-12 11:15:00;207.343;161.557; 81.854; 92.188;235.878
2024-05-12 11:20:00;207.050;163.625; 80.580; 91.268;233.774
2024-05-12 11:25:00;206.850;161.677; 82.238; 90.325;235.492
2024-05-12 11:30:00;206.827;162.126; 83.160; 92.162;235.000
2024-05-12 11:35:00;210.397;163.260; 81.740; 91.058;236.752
2024-05-12 11:40:00;205.093;161.452; 82.238; 92.066;236.520
2024-05-12 11:45:00;209.150;163.518; 82.498; 91.137;236.704
2024-05-12 11:50:00;205.857;161.623; 82.106; 91.924;235.122
2024-05-12 11:55:00;207.623;161.658; 81.606; 91.032;234.424
2024-05-12 12:00:00;209.573;162.746; 80.892; 91.108;234.698
2024-05-12 12:05:00;206.807;161.654; 81.412; 92.591;238.066
2024-05-12 12:10:00;205.637;163.541; 80.800; 90.535;236.510
2024-05-12 12:15:00;209.083;163.914; 82.048; 90.195;236.648
2024-05-12 12:20:00;208.387;164.937; 82.536; 91.167;237.798
2024-05-12 12:25:00;208.493;161.950; 81.694; 90.159;235.632
2024-05-12 12:30:00;205.857;161.253; 80.452; 91.076;238.348
2024-05-12 12:35:00;206.683;162.294; 82.196; 91.843;238.804
2024-05-12 12:40:00;207.717;162.176; 83.026; 90.589;238.344
2024-05-12 12:45:00;210.210;161.891; 81.428; 91.777;238.390
2024-05-12 12:50:00;207.860;162.204; 82.398; 91.697;238.552
2024-05-12 12:55:00;207.847;164.581; 81.176; 90.978;236.784
2024-05-12 13:00:00;207.530;162.516; 82.488; 91.312;238.628
2024-05-12 13:05:00;208.823;160.494; 80.714; 92.258;236.156
2024-05-12 13:10:00;209.317;162.440; 82.686; 93.386;237.462
2024-05-12 13:15:00;209.950;162.313; 81.636; 92.206;237.960
2024-05-12 13:20:00;205.590;161.916; 82.968; 90.213;238.520
2024-05-12 13:25:00;208.733;160.476; 81.834; 90.504;238.770
2024-05-12 13:30:00;206.640;162.054; 83.398; 90.698;238.172
2024-05-12 13:35:00;207.883;162.001; 82.932; 91.849;239.426
2024-05-12 13:40:00;210.437;162.932; 82.238; 92.372;239.410
2024-05-12 13:45:00;206.087;163.964; 81.904; 90.459;238.950
2024-05-12 13:50:00;209.710;160.319; 82.880; 91.990;237.598
2024-05-12 13:55:00;209.623;161.120; 82.466; 89.756;239.054
2024-05-12 14:00:00;208.893;163.663; 82.690; 92.471;239.884
2024-05-12 14:05:00;210.140;162.718; 83.058; 90.717;239.204
2024-05-12 14:10:00;207.070;163.310; 83.992; 91.042;237.172
2024-05-12 14:15:00;207.556;162.491; 81.964; 90.928;236.448
2024-05-12 14:20:00;209.267;163.109; 81.914; 91.973;238.212
2024-05-12 14:25:00;207.317;163.594; 81.822; 91.026;240.952
2024-05-12 14:30:00;207.373;161.753; 82.712; 91.735;238.026
2024-05-12 14:35:00;207.290;161.880; 81.380; 90.819;238.946
2024-05-12 14:40:00;209.400;161.742; 81.506; 91.655;240.608
2024-05-12 14:45:00;209.037;162.136; 81.872; 92.625;238.574
2024-05-12 14:50:00;209.470;161.701; 83.200; 89.049;240.072
2024-05-12 14:55:00;208.093;162.957; 82.094; 90.752;238.280
2024-05-12 15:00:00;209.010;162.659; 83.208; 92.347;236.892
2024-05-12 15:05:00;206.084;162.975; 82.440; 90.876;239.502
2024-05-12 15:10:00;209.827;162.844; 83.120; 92.700;238.370
2024-05-12 15:15:00;206.773;162.273; 83.336; 91.444;238.138
2024-05-12 15:20:00;206.407;162.394; 81.670; 92.173;240.762
2024-05-12 15:25:00;206.863;160.744; 83.642; 91.107;240.164
2024-05-12 15:30:00;207.423;164.098; 81.550; 90.239;238.394
2024-05-12 15:35:00;207.090;160.920; 83.124; 90.385;240.248
2024-05-12 15:40:00;208.867;163.226; 83.622; 92.629;239.890
2024-05-12 15:45:00;207.817;162.617; 83.204; 91.290;239.696
2024-05-12 15:50:00;208.903;163.286; 83.014; 90.702;241.566
2024-05-12 15:55:00;205.247;163.328; 84.692; 91.231;241.148
2024-05-12 16:00:00;209.327;160.927; 83.192; 91.007;237.854
2024-05-12 16:05:00;208.406;163.679; 83.386; 90.438;238.540
2024-05-12 16:10:00;208.543;162.814; 82.386; 92.475;239.968
2024-05-12 16:15:00;207.627;161.823; 82.714; 91.200;239.630
2024-05-12 16:20:00;205.957;164.608; 82.374; 91.927;238.370
2024-05-12 16:25:00;208.867;161.684; 82.494; 90.866;238.392
2024-05-12 16:30:00;209.097;162.326; 83.108; 91.337;239.908
2024-05-12 16:35:00;209.473;161.287; 83.612; 90.936;239.458
2024-05-12 16:40:00;209.263;163.943; 82.408; 92.653;239.078
2024-05-12 16:45:00;211.103;162.190; 81.710; 90.700;239.108
2024-05-12 16:50:00;208.697;163.372; 84.204; 92.223;240.242
2024-05-12 16:55:00;207.773;161.911; 82.152; 92.359;239.596
2024-05-12 17:00:00;205.907;163.746; 83.184; 91.022;239.580
2024-05-12 17:05:00;206.990;161.877; 82.816; 90.871;238.028
2024-05-12 17:10:00;204.520;161.889; 83.058; 92.225;241.042
2024-05-12 17:15:00;210.773;164.524; 84.224; 91.637;236.664
2024-05-12 17:20:00;207.097;160.853; 83.382; 90.974;240.808
2024-05-12 17:25:00;209.857;161.569; 82.548; 91.309;237.816
2024-05-12 17:30:00;209.137;163.965; 81.854; 92.675;237.878
2024-05-12 17:35:00;209.920;162.781; 83.220; 91.089;238.566
2024-05-12 17:40:00;207.857;161.753; 82.898; 90.835;239.740
2024-05-12 17:45:00;206.617;161.887; 82.792; 90.158;240.130
2024-05-12 17:50:00;209.310;162.956; 83.784; 88.475;242.030
2024-05-12 17:55:00;210.090;161.083; 83.412; 90.204;241.234
2024-05-12 18:00:00;210.630;161.228; 82.446; 92.306;239.440
2024-05-12 18:05:00;207.473;162.410; 82.564; 90.484;241.400
2024-05-12 18:10:00;208.663;164.196; 83.496; 90.438;239.824
2024-05-12 18:15:00;207.593;161.763; 83.534; 88.545;241.676
2024-05-12 18:20:00;209.437;160.641; 81.704; 90.167;241.704
2024-05-12 18:25:00;209.013;164.491; 84.330; 89.604;241.626
2024-05-12 18:30:00;206.953;160.803; 84.570; 89.910;242.048
2024-05-12 18:35:00;210.180;160.239; 83.278; 90.742;242.206
2024-05-12 18:40:00;209.987;161.337; 83.296; 90.838;240.244
2024-05-12 18:45:00;206.157;161.530; 82.918; 90.101;240.956
2024-05-12 18:50:00;210.537;160.571; 84.012; 91.482;239.490
2024-05-12 18:55:00;208.080;163.693; 82.402; 90.591;241.866
2024-05-12 19:00:00;207.973;160.956; 82.518; 91.396;242.620
2024-05-12 19:05:00;207.190;160.961; 83.142; 89.182;242.034
2024-05-12 19:10:00;205.400;158.890; 82.658; 90.890;241.402
2024-05-12 19:15:00;208.853;160.731; 83.546; 88.945;241.620
2024-05-12 19:20:00;210.340;159.727; 83.634; 90.990;241.528
2024-05-12 19:25:00;208.260;160.060; 85.684; 91.119;240.598
2024-05-12 19:30:00;208.960;161.664; 83.970; 91.121;241.536
2024-05-12 19:35:00;207.517;159.724; 83.082; 90.752;241.264
2024-05-12 19:40:00;208.380;161.731; 83.880; 91.737;243.780
2024-05-12 19:45:00;209.667;160.465; 83.888; 89.271;243.166
2024-05-12 19:50:00;207.130;159.679; 84.420; 92.102;241.742
2024-05-12 19:55:00;210.553;160.335; 84.026; 90.777;242.068
2024-05-12 20:00:00;208.140;159.418; 83.340; 91.803;244.034
2024-05-12 20:05:00;209.307;164.284; 82.570; 90.613;243.884
2024-05-12 20:10:00;209.817;161.346; 83.022; 90.468;240.312
2024-05-12 20:15:00;211.153;163.854; 84.208; 90.807;244.156
2024-05-12 20:20:00;210.137;163.356; 84.116; 91.982;241.502
2024-05-12 20:25:00;209.223;162.255; 82.976; 89.897;243.458
2024-05-12 20:30:00;208.890;161.176; 83.264; 90.557;241.944
2024-05-12 20:35:00;209.063;162.307; 83.746; 91.200;244.558
2024-05-12 20:40:00;207.390;158.875; 83.628; 89.407;244.010
2024-05-12 20:45:00;211.170;160.417; 83.304; 89.878;244.368
2024-05-12 20:50:00;210.933;160.483; 82.686; 92.022;242.924
2024-05-12 20:55:00;208.733;160.497; 83.154; 92.024;243.466
2024-05-12 21:00:00;206.674;160.061; 82.186; 91.669;244.966
2024-05-12 21:05:00;209.527;162.397; 82.766; 90.280;246.904
2024-05-12 21:10:00;209.667;160.485; 81.770; 90.174;244.512
2024-05-12 21:15:00;209.653;161.076; 82.490; 91.095;242.996
2024-05-12 21:20:00;210.497;161.667; 81.446; 92.083;240.678
2024-05-12 21:25:00;210.453;161.699; 83.012; 90.036;244.536
2024-05-12 21:30:00;210.230;162.446; 82.936; 92.037;244.912
2024-05-12 21:35:00;209.930;160.520; 81.764; 93.199;243.674
2024-05-12 21:40:00;210.007;162.157; 82.594; 90.643;243.732
2024-05-12 21:45:00;208.997;162.210; 82.552; 90.216;240.972
2024-05-12 21:50:00;210.163;161.574; 82.532; 90.581;239.794
2024-05-12 21:55:00;209.077;161.216; 82.888; 91.479;241.440
2024-05-12 22:00:00;210.510;164.306; 83.574; 93.067;241.080
2024-05-12 22:05:00;212.607;162.394; 82.304; 90.719;240.888
2024-05-12 22:10:00;208.350;161.235; 82.262; 91.303;243.466
2024-05-12 22:15:00;210.153;162.371; 84.696; 91.499;240.268
2024-05-12 22:20:00;211.227;161.247; 84.548; 92.172;242.116
2024-05-12 22:25:00;209.540;162.176; 83.340; 92.255;239.778
2024-05-12 22:30:00;213.457;162.412; 83.048; 91.385;240.246
2024-05-12 22:35:00;210.493;163.579; 84.264; 91.558;239.758
2024-05-12 22:40:00;210.170;161.935; 83.572; 90.854;239.854
2024-05-12 22:45:00;212.270;162.521; 82.564; 92.343;240.240
2024-05-12 22:50:00;210.387;162.093; 81.838; 90.967;242.840
2024-05-12 22:55:00;208.147;163.885; 83.200; 90.911;244.266
2024-05-12 23:00:00;211.943;162.385; 82.596; 90.783;241.016
2024-05-12 23:05:00;209.110;164.164; 83.576; 92.343;243.156
2024-05-12 23:10:00;209.873;162.760; 83.604; 91.254;244.148
2024-05-12 23:15:00;210.443;164.028; 83.968; 92.044;242.618
2024-05-12 23:20:00;208.960;165.730; 82.558; 91.260;242.976
2024-05-12 23:25:00;210.797;164.110; 81.294; 92.202;243.248
2024-05-12 23:30:00;212.440;163.921; 82.030; 90.583;242.290
2024-05-12 23:35:00;210.787;163.785; 82.636; 91.690;241.214
2024-05-12 23:40:00;210.057;164.597; 83.822; 91.856;240.888
2024-05-12 23:45:00;213.140;162.822; 82.710; 92.346;241.920
2024-05-12 23:50:00;210.670;163.707; 83.982; 93.027;242.292
2024-05-12 23:55:00;209.593;165.428; 83.922; 90.912;242.280
2024-05-13 00:00:00;211.770;165.160; 82.562; 95.319;242.016
2024-05-13 00:05:00;209.670;164.026; 84.678; 92.628;243.272
2024-05-13 00:10:00;212.733;164.435; 84.342; 91.041;241.390
2024-05-13 00:15:00;208.933;166.611; 85.112; 91.980;242.602
2024-05-13 00:20:00;208.593;164.241; 84.016; 91.790;241.846
2024-05-13 00:25:00;212.953;163.393; 82.812; 92.790;243.664
2024-05-13 00:30:00;209.757;162.383; 84.050; 92.428;243.856
2024-05-13 00:35:00;209.547;163.706; 82.474; 89.993;242.144
2024-05-13 00:40:00;210.340;165.131; 84.682; 91.315;242.826
2024-05-13 00:45:00;210.517;163.962; 84.702; 92.701;243.052
2024-05-13 00:50:00;210.057;164.435; 81.700; 93.202;243.888
2024-05-13 00:55:00;211.410;165.103; 83.102; 91.409;242.540
2024-05-13 01:00:00;209.240;163.496; 83.802; 92.714;243.456
2024-05-13 01:05:00;207.457;163.871; 83.106; 92.463;240.704
2024-05-13 01:10:00;209.947;163.762; 83.022; 92.270;243.014
2024-05-13 01:15:00;209.613;166.162; 83.084; 91.488;242.532
2024-05-13 01:20:00;208.707;163.372; 83.290; 92.611;241.838
2024-05-13 01:25:00;211.417;165.495; 85.090; 94.012;241.750
2024-05-13 01:30:00;213.020;164.540; 82.646; 92.323;243.368
2024-05-13 01:35:00;212.097;164.850; 82.992; 90.998;240.982
2024-05-13 01:40:00;208.523;163.770; 83.222; 93.428;244.584
2024-05-13 01:45:00;209.187;165.019; 83.592; 92.804;240.928
2024-05-13 01:50:00;209.053;164.220; 83.134; 93.833;244.244
2024-05-13 01:55:00;211.857;165.423; 82.734; 94.041;241.972
2024-05-13 02:00:00;210.273;165.045; 84.388; 92.628;244.320
2024-05-13 02:05:00;209.963;164.866; 83.638; 92.577;242.984
2024-05-13 02:10:00;208.973;166.748; 83.386; 92.626;243.162
2024-05-13 02:15:00;211.077;164.219; 84.226; 92.625;243.762
2024-05-13 02:20:00;210.333;165.076; 83.612; 92.815;243.988
2024-05-13 02:25:00;214.230;166.311; 82.838; 92.156;242.554
2024-05-13 02:30:00;210.310;165.443; 84.474; 93.791;242.800
2024-05-13 02:35:00;212.943;163.894; 83.744; 92.365;240.494
2024-05-13 02:40:00;211.484;167.806; 83.814; 93.744;244.418
2024-05-13 02:45:00;212.890;166.001; 82.984; 93.505;244.380
2024-05-13 02:50:00;211.677;164.353; 84.088; 92.870;242.146
2024-05-13 02:55:00;211.567;163.593; 83.882; 92.958;244.794
2024-05-13 03:00:00;209.110;165.431; 85.778; 92.065;244.114
2024-05-13 03:05:00;209.387;164.715; 83.908; 92.831;243.628
2024-05-13 03:10:00;212.093;166.019; 85.472; 94.065;243.306
2024-05-13 03:15:00;207.293;165.252; 83.320; 93.024;242.844
2024-05-13 03:20:00;210.830;165.249; 84.236; 93.487;242.570
2024-05-13 03:25:00;212.643;166.085; 84.368; 94.138;245.424
2024-05-13 03:30:00;212.877;165.125; 82.786; 93.785;244.872
2024-05-13 03:35:00;210.783;167.072; 83.952; 94.340;241.280
2024-05-13 03:40:00;208.727;163.831; 84.200; 91.519;242.720
2024-05-13 03:45:00;211.370;165.204; 83.646; 95.146;245.454
2024-05-13 03:50:00;210.210;164.650; 84.236; 92.653;243.786
2024-05-13 03:55:00;211.250;165.525; 82.474; 93.584;243.834
2024-05-13 04:00:00;212.110;165.781; 82.742; 94.589;246.368
2024-05-13 04:05:00;210.857;165.228; 84.614; 93.742;245.590
2024-05-13 04:10:00;210.633;166.105; 83.852; 93.630;245.756
2024-05-13 04:15:00;213.420;165.022; 83.714; 94.845;243.632
2024-05-13 04:20:00;210.813;165.488; 83.742; 94.068;244.508
2024-05-13 04:25:00;213.987;165.373; 83.927; 94.755;244.562
2024-05-13 04:30:00;211.333;167.191; 83.765; 94.590;244.634
2024-05-13 04:35:00;213.060;166.553; 84.346; 92.686;245.126
2024-05-13 04:40:00;211.200;165.584; 84.658; 93.383;246.226
2024-05-13 04:45:00;214.543;167.280; 83.296; 92.813;247.070
2024-05-13 04:50:00;213.307;169.785; 84.340; 95.573;245.672
2024-05-13 04:55:00;212.663;167.405; 84.278; 91.433;246.947
2024-05-13 05:00:00;210.363;168.681; 83.166; 96.800;243.908
2024-05-13 05:05:00;212.740;169.108; 85.310; 94.954;246.378
2024-05-13 05:10:00;212.030;168.819; 84.674; 94.278;246.522
2024-05-13 05:15:00;215.767;168.045; 84.506; 94.201;244.278
2024-05-13 05:20:00;210.933;169.147; 83.412; 94.150;244.540
2024-05-13 05:25:00;212.710;168.179; 83.436; 93.170;246.592
2024-05-13 05:30:00;211.433;168.331; 84.966; 94.291;244.906
2024-05-13 05:35:00;211.887;169.972; 84.290; 95.007;243.618
2024-05-13 05:40:00;212.820;170.228; 83.894; 93.141;245.178
2024-05-13 05:45:00;212.473;170.049; 84.158; 94.724;243.896
2024-05-13 05:50:00;212.903;168.447; 82.580; 94.003;244.694
2024-05-13 05:55:00;212.397;168.926; 84.814; 93.304;246.066
2024-05-13 06:00:00;214.633;171.017; 84.338; 95.148;245.362
2024-05-13 06:05:00;212.537;170.241; 84.483; 94.001;245.982
2024-05-13 06:10:00;213.597;169.208; 84.940; 95.521;244.876
2024-05-13 06:15:00;214.497;170.561; 83.590; 95.499;245.088
2024-05-13 06:20:00;213.893;169.668; 86.338; 94.677;245.154
2024-05-13 06:25:00;210.633;170.172; 84.014; 94.382;244.264
2024-05-13 06:30:00;214.637;170.284; 84.756; 94.981;245.642
2024-05-13 06:35:00;211.347;171.424; 84.730; 95.109;244.830
2024-05-13 06:40:00;212.920;171.309; 84.328; 94.991;243.790
2024-05-13 06:45:00;212.600;169.678; 84.412; 95.270;246.172
2024-05-13 06:50:00;212.280;169.306; 84.370; 96.310;244.386
2024-05-13 06:55:00;212.587;167.966; 84.116; 95.676;244.366
2024-05-13 07:00:00;211.690;169.269; 84.244; 95.496;244.304
2024-05-13 07:05:00;212.600;170.329; 83.604; 94.509;243.992
2024-05-13 07:10:00;211.197;168.855; 85.100; 94.317;246.190
2024-05-13 07:15:00;211.590;169.604; 83.506; 94.577;244.984
2024-05-13 07:20:00;210.413;169.938; 84.084; 94.032;248.154
2024-05-13 07:25:00;211.693;169.367; 85.436; 94.020;247.496
2024-05-13 07:30:00;213.843;167.311; 85.724; 94.623;247.194
2024-05-13 07:35:00;209.490;167.541; 85.144; 94.388;245.350
2024-05-13 07:40:00;215.913;169.644; 84.286; 94.730;246.444
2024-05-13 07:45:00;215.373;168.117; 85.424; 94.548;247.528
2024-05-13 07:50:00;214.443;169.247; 85.210; 94.529;245.928
2024-05-13 07:55:00;211.787;168.106; 84.842; 94.394;249.122
2024-05-13 08:00:00;212.177;166.783; 84.526; 95.526;245.762
2024-05-13 08:05:00;212.410;170.358; 83.918; 93.555;248.220
2024-05-13 08:10:00;216.130;169.173; 85.392; 94.421;248.474
2024-05-13 08:15:00;213.673;166.192; 84.604; 93.925;247.064
2024-05-13 08:20:00;214.840;169.232; 83.188; 92.967;250.584
2024-05-13 08:25:00;217.057;167.081; 83.926; 94.830;252.142
2024-05-13 08:30:00;211.183;167.121; 84.434; 96.150;250.082
2024-05-13 08:35:00;213.103;168.920; 87.354; 95.339;252.804
2024-05-13 08:40:00;214.753;167.853; 84.410; 96.764;251.682
2024-05-13 08:45:00;212.840;168.950; 84.755; 94.730;248.408
2024-05-13 08:50:00;213.633;167.244; 86.075; 94.424;250.358
2024-05-13 08:55:00;211.903;169.332; 85.196; 95.494;249.440
2024-05-13 09:00:00;212.950;169.239; 85.728; 93.901;249.986
2024-05-13 09:05:00;215.037;166.233; 86.864; 95.106;250.042
2024-05-13 09:10:00;212.850;168.043; 86.040; 95.647;253.308
2024-05-13 09:15:00;213.533;168.964; 86.216; 93.306;251.230
2024-05-13 09:20:00;211.887;168.455; 84.516; 94.238;248.390
2024-05-13 09:25:00;212.503;168.550; 85.694; 96.098;249.212
2024-05-13 09:30:00;212.820;168.884; 86.150; 94.654;250.048
2024-05-13 09:35:00;215.580;168.176; 85.198; 92.710;249.688
2024-05-13 09:40:00;212.783;167.842; 86.254; 93.543;251.290
2024-05-13 09:45:00;212.760;167.814; 85.866; 94.903;250.034
2024-05-13 09:50:00;212.933;169.456; 85.650; 95.278;251.458
2024-05-13 09:55:00;216.383;169.942; 85.045; 95.029;250.392
2024-05-13 10:00:00;213.547;169.367; 85.127; 94.657;251.334
2024-05-13 10:05:00;212.357;169.563; 85.916; 94.830;250.982
2024-05-13 10:10:00;212.743;170.195; 84.888; 95.811;250.488
2024-05-13 10:15:00;216.487;168.828; 85.706; 95.578;252.462
2024-05-13 10:20:00;215.173;170.220; 85.578; 94.208;252.188
2024-05-13 10:25:00;215.810;170.969; 85.596; 95.023;253.842
2024-05-13 10:30:00;214.240;169.237; 85.008; 93.851;251.360
2024-05-13 10:35:00;215.333;168.187; 85.778; 94.191;250.896
2024-05-13 10:40:00;215.707;170.172; 85.398; 95.823;249.482
2024-05-13 10:45:00;213.603;168.512; 84.390; 94.188;249.486
2024-05-13 10:50:00;216.147;169.682; 85.068; 93.980;249.834
2024-05-13 10:55:00;216.223;169.560; 86.186; 94.137;250.884
2024-05-13 11:00:00;214.927;168.218; 86.534; 93.934;249.256
2024-05-13 11:05:00;216.983;168.277; 85.968; 93.015;253.970
2024-05-13 11:10:00;216.450;169.516; 85.312; 95.128;250.190
2024-05-13 11:15:00;215.617;168.133; 85.846; 97.060;248.894
2024-05-13 11:20:00;214.767;168.534; 85.858; 93.423;250.878
2024-05-13 11:25:00;216.083;169.568; 86.576; 93.398;251.940
2024-05-13 11:30:00;217.580;167.708; 86.018; 93.422;250.488
2024-05-13 11:35:00;215.823;167.093; 85.744; 94.810;251.534
2024-05-13 11:40:00;215.873;169.198; 85.044; 96.594;253.198
2024-05-13 11:45:00;214.030;169.677; 86.016; 95.005;251.460
2024-05-13 11:50:00;215.453;168.068; 85.906; 92.915;250.678
2024-05-13 11:55:00;216.540;167.635; 84.904; 94.100;250.284
2024-05-13 12:00:00;213.110;168.163; 85.622; 95.481;252.412
2024-05-13 12:05:00;216.417;167.723; 86.010; 94.887;251.222
2024-05-13 12:10:00;213.460;170.494; 86.424; 94.454;251.136
2024-05-13 12:15:00;216.677;169.426; 87.530; 94.172;252.056
2024-05-13 12:20:00;216.363;168.787; 86.764; 94.165;253.618
2024-05-13 12:25:00;216.773;169.054; 86.994; 94.052;251.762
2024-05-13 12:30:00;215.003;167.108; 86.740; 93.119;249.646
2024-05-13 12:35:00;216.553;168.606; 85.546; 93.512;254.536
2024-05-13 12:40:00;214.150;169.039; 86.598; 92.226;250.312
2024-05-13 12:45:00;214.520;166.936; 87.110; 93.624;252.460
2024-05-13 12:50:00;213.643;166.882; 87.242; 92.518;251.490
2024-05-13 12:55:00;217.167;169.017; 86.972; 93.944;251.372
2024-05-13 13:00:00;213.960;167.263; 86.970; 92.929;251.862
2024-05-13 13:05:00;212.977;167.746; 86.852; 93.608;252.818
2024-05-13 13:10:00;217.093;165.679; 88.612; 93.505;253.922
2024-05-13 13:15:00;215.973;167.104; 86.780; 93.978;252.408
2024-05-13 13:20:00;214.067;168.903; 88.132; 92.761;254.942
2024-05-13 13:25:00;215.870;165.548; 85.924; 92.991;252.424
2024-05-13 13:30:00;215.493;165.526; 88.200; 94.076;253.154
2024-05-13 13:35:00;214.684;166.679; 85.808; 93.664;251.874
2024-05-13 13:40:00;214.133;164.240; 86.644; 93.532;251.958
2024-05-13 13:45:00;215.340;166.900; 86.564; 93.714;252.194
2024-05-13 13:50:00;214.493;165.448; 86.892; 92.343;252.164
2024-05-13 13:55:00;218.247;167.015; 87.170; 92.360;253.784
2024-05-13 14:00:00;214.723;164.582; 86.346; 94.127;253.212
2024-05-13 14:05:00;214.917;166.769; 86.254; 93.064;252.702
2024-05-13 14:10:00;215.473;167.633; 85.674; 92.884;248.372
2024-05-13 14:15:00;211.593;165.278; 84.700; 92.593;252.116
2024-05-13 14:20:00;213.340;164.226; 85.970; 92.420;252.634
2024-05-13 14:25:00;213.494;165.878; 84.294; 94.026;251.678
2024-05-13 14:30:00;214.180;165.351; 85.586; 93.076;251.042
2024-05-13 14:35:00;211.813;165.817; 85.597; 90.798;249.806
2024-05-13 14:40:00;213.410;165.858; 84.432; 93.113;249.606
2024-05-13 14:45:00;213.137;167.436; 85.614; 91.615;250.270
2024-05-13 14:50:00;211.483;164.409; 85.626; 91.981;249.620
2024-05-13 14:55:00;214.987;166.757; 86.280; 92.411;250.824
2024-05-13 15:00:00;214.383;165.749; 84.622; 93.072;248.206
2024-05-13 15:05:00;213.053;166.264; 86.046; 92.673;250.518
2024-05-13 15:10:00;212.947;167.307; 85.816; 93.104;249.424
2024-05-13 15:15:00;213.587;165.174; 85.588; 96.020;250.708
2024-05-13 15:20:00;212.870;163.632; 86.442; 94.429;250.406
2024-05-13 15:25:00;212.943;166.220; 85.052; 93.849;249.274
2024-05-13 15:30:00;213.287;162.492; 86.906; 93.830;249.384
2024-05-13 15:35:00;213.330;163.462; 86.778; 93.552;250.248
2024-05-13 15:40:00;212.187;165.504; 85.356; 94.858;250.468
2024-05-13 15:45:00;213.637;165.176; 85.172; 92.323;249.640
2024-05-13 15:50:00;213.457;165.357; 84.854; 92.944;249.670
2024-05-13 15:55:00;212.207;163.628; 85.504; 92.637;249.658
2024-05-13 16:00:00;214.457;165.670; 85.414; 94.496;248.430
2024-05-13 16:05:00;214.490;167.185; 86.104; 94.539;248.356
2024-05-13 16:10:00;213.270;166.520; 85.592; 94.367;249.316
2024-05-13 16:15:00;212.650;165.396; 84.480; 94.646;249.696
2024-05-13 16:20:00;212.557;168.034; 86.330; 94.896;249.942
2024-05-13 16:25:00;213.487;164.688; 83.832; 93.561;251.150
2024-05-13 16:30:00;211.863;167.611; 85.960; 93.830;252.050
2024-05-13 16:35:00;213.090;165.443; 85.466; 93.154;222.208
2024-05-13 16:40:00;214.427;166.510; 86.834; 93.870;164.976
2024-05-13 16:45:00;212.167;165.603; 85.824; 93.113;165.338
2024-05-13 16:50:00;213.663;166.655; 84.612; 91.942;165.347
2024-05-13 16:55:00;213.290;166.800; 85.872; 95.417;250.460
2024-05-13 17:00:00;211.707;166.879; 85.455; 92.355;169.700
2024-05-13 17:05:00;213.807;166.216; 85.655; 94.627;166.716
2024-05-13 17:10:00;212.990;165.411; 85.672; 93.481;164.522
2024-05-13 17:15:00;212.180;164.536; 84.070; 92.633;208.785
2024-05-13 17:20:00;212.497;166.580; 84.952; 91.541;248.574
2024-05-13 17:25:00;212.213;165.870; 85.512; 93.327;249.772
2024-05-13 17:30:00;210.850;165.282; 86.618; 94.664;246.944
2024-05-13 17:35:00;212.486;165.242; 84.240; 94.471;249.684
2024-05-13 17:40:00;209.927;166.061; 84.558; 94.356;249.758
2024-05-13 17:45:00;213.020;166.602; 85.204; 92.869;249.872
2024-05-13 17:50:00;212.110;166.447; 84.272; 94.860;248.834
2024-05-13 17:55:00;213.717;163.690; 85.338; 92.939;248.502
2024-05-13 18:00:00;211.993;165.344; 85.568; 94.098;211.444
2024-05-13 18:05:00;213.460;167.623; 86.114; 93.630;164.922
2024-05-13 18:10:00;213.703;165.629; 85.400; 91.993;165.248
2024-05-13 18:15:00;213.910;164.904; 84.896; 92.424;166.240
2024-05-13 18:20:00;214.163;165.548; 85.398; 95.545;249.645
2024-05-13 18:25:00;214.583;167.130; 83.740; 91.839;249.076
2024-05-13 18:30:00;212.177;164.983; 84.024; 93.328;248.280
2024-05-13 18:35:00;213.803;165.876; 85.514; 93.258;248.656
2024-05-13 18:40:00;212.717;164.509; 85.106; 93.508;249.478
2024-05-13 18:45:00;211.740;165.876; 85.042; 93.206;250.576
2024-05-13 18:50:00;212.807;165.484; 83.418; 93.492;249.306
2024-05-13 18:55:00;213.017;165.836; 83.536; 94.268;252.316
2024-05-13 19:00:00;212.470;168.403; 82.864; 93.264;252.376
2024-05-13 19:05:00;215.220;167.057; 84.464; 92.472;249.544
2024-05-13 19:10:00;213.167;164.474; 84.768; 94.529;252.532
2024-05-13 19:15:00;210.803;166.072; 84.194; 92.146;249.626
2024-05-13 19:20:00;213.423;165.017; 84.182; 93.476;253.328
2024-05-13 19:25:00;213.304;165.890; 84.854; 93.155;251.452
2024-05-13 19:30:00;214.217;164.853; 84.922; 93.152;253.098
2024-05-13 19:35:00;212.767;166.675; 84.224; 93.200;252.618
2024-05-13 19:40:00;213.973;165.874; 84.580; 93.438;251.858
2024-05-13 19:45:00;214.563;165.425; 84.138; 92.351;253.542
2024-05-13 19:50:00;213.380;167.013; 84.428; 93.038;255.212
2024-05-13 19:55:00;210.887;164.106; 85.516; 93.482;254.592
2024-05-13 20:00:00;212.897;164.874; 85.192; 92.539;253.498
2024-05-13 20:05:00;210.353;164.929; 84.872; 92.332;256.388
2024-05-13 20:10:00;212.047;164.639; 84.622; 91.907;256.350
2024-05-13 20:15:00;209.387;165.639; 85.218; 92.791;254.278
2024-05-13 20:20:00;211.970;165.505; 84.754; 92.323;256.260
2024-05-13 20:25:00;212.593;165.776; 85.088; 92.230;258.114
2024-05-13 20:30:00;212.843;167.532; 85.688; 92.891;254.518
2024-05-13 20:35:00;211.557;167.044; 84.796; 93.297;255.530
2024-05-13 20:40:00;214.503;166.739; 86.204; 93.965;255.840
2024-05-13 20:45:00;211.603;166.871; 84.422; 91.439;253.390
2024-05-13 20:50:00;214.153;166.878; 85.012; 93.722;255.782
2024-05-13 20:55:00;211.407;166.118; 84.992; 92.859;255.990
2024-05-13 21:00:00;214.313;166.443; 84.044; 92.896;254.828
2024-05-13 21:05:00;212.920;166.065; 84.432; 93.571;255.168
2024-05-13 21:10:00;212.130;166.523; 85.430; 92.446;255.650
2024-05-13 21:15:00;211.540;165.793; 84.442; 94.415;252.868
2024-05-13 21:20:00;210.723;166.569; 84.622; 92.810;257.210
2024-05-13 21:25:00;213.900;168.648; 84.380; 92.786;253.112
2024-05-13 21:30:00;212.593;165.021; 84.116; 91.823;255.114
2024-05-13 21:35:00;210.660;165.292; 84.622; 91.988;252.930
2024-05-13 21:40:00;210.047;166.185; 84.132; 94.848;254.730
2024-05-13 21:45:00;212.570;164.109; 84.390; 93.417;256.768
2024-05-13 21:50:00;212.343;165.756; 83.800; 93.988;255.410
2024-05-13 21:55:00;211.323;164.859; 84.692; 93.448;255.988
2024-05-13 22:00:00;211.473;164.201; 84.570; 94.168;256.816
2024-05-13 22:05:00;209.833;165.479; 85.702; 93.759;253.634
2024-05-13 22:10:00;211.070;166.285; 84.556; 94.314;253.642
2024-05-13 22:15:00;214.243;165.503; 84.200; 94.597;255.560
2024-05-13 22:20:00;209.837;165.785; 83.808; 94.732;250.556
2024-05-13 22:25:00;214.087;164.632; 83.856; 94.962;251.122
2024-05-13 22:30:00;211.100;164.027; 85.578; 94.307;249.988
2024-05-13 22:35:00;211.977;165.030; 84.776; 93.307;248.226
2024-05-13 22:40:00;210.450;166.093; 83.890; 94.858;250.132
2024-05-13 22:45:00;211.937;164.835; 84.532; 94.997;248.574
2024-05-13 22:50:00;211.523;165.762; 84.912; 93.097;247.764
2024-05-13 22:55:00;210.987;164.360; 85.317; 95.228;249.284
2024-05-13 23:00:00;211.067;165.288; 84.805; 94.116;247.996
2024-05-13 23:05:00;210.676;164.274; 85.956; 91.708;248.164
2024-05-13 23:10:00;209.637;164.839; 84.372; 91.907;248.510
2024-05-13 23:15:00;210.757;165.724; 83.318; 93.089;247.506
2024-05-13 23:20:00;211.090;167.427; 84.176; 94.660;247.486
2024-05-13 23:25:00;213.100;165.123; 84.652; 94.169;249.696
2024-05-13 23:30:00;213.020;164.928; 86.226; 92.431;246.754
2024-05-13 23:35:00;212.357;166.276; 83.680; 93.272;247.216
2024-05-13 23:40:00;212.143;167.132; 84.032; 94.021;246.380
2024-05-13 23:45:00;212.357;167.467; 84.972; 95.599;247.474
2024-05-13 23:50:00;210.820;164.534; 83.510; 93.470;248.892
2024-05-13 23:55:00;209.777;165.032; 85.402; 93.328;247.962
